age,gender,employment_type,monthly_income_ngn,loan_amount_ngn,loan_term_months,previous_loans,previous_defaults,repayment_history_score,savings_balance_ngn,business_age_months,daily_sales_ngn,debt_to_income_ratio,collateral_available,region,defaulted
22,Male,Casual,455518.85,444100.0,6,2,1,87.17,261429.23,31,0.0,0.1625,Yes,South East,0
55,Male,Salaried,566633.98,826900.0,12,3,0,98.94,884276.18,25,0.0,0.1216,No,South East,1
49,Female,Self-employed,223132.62,54700.0,9,3,0,88.28,178588.06,108,7351.6,0.0272,No,South South,0
39,Male,Salaried,81048.68,20000.0,6,4,1,59.86,49706.62,96,0.0,0.0411,No,North West,0
38,Female,Salaried,569692.51,954500.0,1,2,0,100.0,834529.11,5,0.07,1.6755,No,South West,0
59,Male,Trader,92866.17,104500.0,6,6,0,100.0,107046.54,170,2099.48,0.1875,No,South South,0
22,Male,Salaried,224221.31,70100.0,6,2,0,80.74,178087.38,86,0.0,0.0521,No,South West,0
51,Female,Self-employed,152334.66,20000.0,3,1,0,91.86,201221.34,60,6959.13,0.0438,No,North West,0
27,Female,Trader,136053.8,141900.0,12,1,0,87.45,54453.06,161,3715.43,0.0869,No,North Central,0
22,Male,Salaried,295820.23,64500.0,6,2,0,95.72,66496.99,17,0.0,0.0363,No,South South,0
43,Female,Self-employed,210999.46,419600.0,3,1,0,100.0,111280.71,31,12618.82,0.6629,No,South South,0
64,Male,Trader,251278.99,604400.0,9,3,0,92.37,143627.32,22,11015.69,0.2673,No,North West,0
53,Male,Casual,105928.12,20000.0,6,2,0,90.46,162646.38,8,1.33,0.0315,No,North Central,0
54,Male,Self-employed,160743.21,120200.0,3,1,0,96.74,265004.67,77,5391.84,0.2493,Yes,South East,0
52,Female,Unemployed,109153.93,64300.0,6,2,0,79.13,15241.6,59,0.18,0.0982,Yes,South West,0
55,Male,Casual,158152.59,206700.0,9,5,1,86.02,240538.48,9,0.0,0.1452,Yes,South West,0
42,Male,Trader,166627.6,20000.0,6,3,1,84.55,235711.96,21,6134.97,0.02,Yes,South South,0
24,Female,Self-employed,596902.97,276700.0,3,4,0,94.03,216141.11,105,17344.25,0.1545,No,North West,0
58,Female,Trader,152072.03,216600.0,9,3,1,75.91,126490.33,100,7092.78,0.1583,Yes,North Central,0
39,Female,Casual,45209.98,24400.0,9,0,0,92.03,38420.38,79,0.0,0.06,No,South South,0
42,Female,Self-employed,445753.61,581200.0,1,4,0,92.06,174042.19,60,27150.69,1.3039,Yes,North Central,0
35,Male,Unemployed,241043.02,428000.0,3,1,0,93.6,163996.32,64,2.08,0.5919,No,South South,0
26,Female,Casual,165306.29,88000.0,9,5,1,68.1,52232.11,72,0.0,0.0591,No,South West,1
62,Male,Self-employed,135472.26,130200.0,3,2,1,83.42,131999.81,130,7215.18,0.3204,Yes,North East,0
55,Female,Trader,97266.55,190400.0,12,4,1,83.4,59338.31,27,2084.16,0.1631,Yes,North Central,0
48,Female,Self-employed,634405.36,330200.0,2,1,1,84.9,515267.98,59,27368.62,0.2602,Yes,South West,1
37,Female,Trader,186169.22,480200.0,9,2,0,89.95,161486.3,73,9372.75,0.2866,Yes,South West,0
57,Male,Casual,58172.84,70300.0,12,2,0,96.67,53330.23,80,0.0,0.1007,No,North West,0
44,Male,Salaried,222736.15,360300.0,6,1,0,100.0,78761.28,41,1.5,0.2696,Yes,South East,1
39,Female,Salaried,394243.39,225600.0,6,2,1,79.17,28166.87,31,0.0,0.0954,No,South South,0
39,Male,Self-employed,199265.75,315300.0,2,3,0,82.54,198394.15,20,6823.35,0.7912,No,South West,0
28,Female,Casual,100175.24,31000.0,9,2,0,94.03,55220.51,53,0.12,0.0344,No,North East,0
22,Female,Self-employed,94515.0,160100.0,12,2,0,95.47,14797.22,52,5357.41,0.1412,No,South West,0
44,Female,Casual,99156.51,84200.0,12,1,0,93.62,66410.15,79,0.0,0.0708,Yes,South West,1
60,Male,Self-employed,483975.63,150200.0,6,0,0,88.64,813676.59,28,23039.95,0.0517,No,South West,0
21,Male,Self-employed,171807.59,213700.0,12,5,1,83.39,183792.23,125,5943.03,0.1037,No,North West,1
59,Male,Casual,60448.15,20000.0,12,0,0,99.89,75139.39,1,0.0,0.0276,Yes,North West,0
57,Female,Self-employed,231052.26,330900.0,3,4,0,91.93,333211.06,125,12077.82,0.4774,No,South East,0
31,Female,Self-employed,197281.33,111300.0,12,0,0,100.0,230148.94,126,8309.47,0.047,No,South South,0
48,Male,Salaried,134447.64,201700.0,2,1,0,89.45,104414.44,92,0.0,0.7501,Yes,North Central,0
25,Female,Salaried,92730.04,92600.0,12,2,1,69.84,137441.05,92,0.0,0.0832,No,South East,1
54,Male,Salaried,90145.51,36300.0,12,1,0,92.38,49897.19,9,0.6,0.0336,No,South East,0
51,Male,Self-employed,364770.66,447000.0,6,2,1,71.44,171369.56,116,23647.12,0.2042,No,South West,0
35,Female,Trader,211418.63,419600.0,6,5,2,76.4,101208.02,12,7470.98,0.3308,No,South West,0
21,Male,Self-employed,245691.14,407200.0,12,4,2,57.46,153810.72,132,6917.67,0.1381,No,South South,0
64,Male,Salaried,211040.5,159900.0,1,2,0,98.81,281235.31,87,0.81,0.7577,No,South East,0
39,Female,Salaried,222728.72,178100.0,6,2,0,82.04,50796.28,43,0.0,0.1333,Yes,South South,0
60,Male,Self-employed,132754.34,20000.0,6,2,0,99.36,121282.12,133,7027.01,0.0251,No,North Central,0
50,Male,Unemployed,157459.42,206900.0,6,1,0,95.08,163851.06,43,0.0,0.219,No,South South,0
55,Female,Self-employed,383810.72,194900.0,2,1,0,100.0,608355.56,133,17289.45,0.2539,No,North West,0
54,Male,Salaried,451439.09,599500.0,3,4,0,92.81,308633.77,49,1.36,0.4427,No,South West,1
27,Female,Trader,81336.68,99300.0,12,1,0,96.39,68147.95,134,4649.84,0.1017,No,South South,0
35,Male,Casual,157210.96,170200.0,12,4,0,98.44,186375.84,39,2.63,0.0902,No,North Central,0
40,Male,Casual,310595.78,24500.0,12,4,0,79.76,100356.89,23,0.92,0.02,No,North Central,0
41,Male,Casual,611740.81,57700.0,6,0,0,100.0,441914.19,60,0.36,0.02,Yes,South South,1
20,Female,Unemployed,573197.64,868000.0,9,0,0,93.1,58674.99,14,0.0,0.1683,No,South West,0
44,Male,Trader,107309.19,71100.0,6,1,0,85.1,5686.82,82,2938.31,0.1104,Yes,South West,0
25,Female,Unemployed,412294.06,734100.0,9,0,0,93.47,309393.87,73,0.0,0.1978,No,North Central,1
53,Female,Salaried,186992.86,212700.0,12,0,0,100.0,261162.85,12,0.0,0.0948,No,South West,0
50,Female,Casual,354897.02,280100.0,3,4,1,76.17,242580.1,22,1.35,0.2631,No,South South,0
62,Male,Casual,300467.02,342200.0,12,1,0,94.73,289242.38,26,1.45,0.0949,No,North East,0
53,Female,Casual,79152.8,122100.0,12,1,0,79.99,65503.66,75,0.0,0.1285,No,South West,1
35,Female,Self-employed,257350.75,135200.0,6,3,0,88.01,195397.54,8,14959.58,0.0876,No,South South,0
64,Male,Casual,346076.43,414800.0,12,3,0,98.95,366883.76,88,0.0,0.0999,No,North Central,0
37,Female,Salaried,177657.21,181800.0,12,6,0,100.0,287245.46,51,0.0,0.0853,No,South West,0
33,Female,Trader,153369.67,20000.0,1,3,0,95.48,147073.0,164,9577.31,0.1304,Yes,South West,0
61,Female,Self-employed,64804.52,20000.0,1,2,0,98.09,93989.68,161,3205.12,0.3086,No,South East,0
35,Female,Trader,280706.11,223900.0,9,1,1,76.14,169208.63,14,12222.58,0.0886,No,South South,0
21,Male,Trader,206158.09,233800.0,12,1,0,94.14,105122.23,86,5504.68,0.0945,No,South East,0
40,Female,Self-employed,98843.45,49200.0,3,0,0,86.58,17874.17,55,5979.35,0.1659,No,North Central,0
56,Female,Salaried,145643.35,273500.0,6,3,0,90.56,147564.83,56,0.85,0.313,Yes,North Central,0
27,Male,Self-employed,199015.75,274000.0,6,2,0,93.8,251881.55,74,5420.96,0.2295,No,North West,0
40,Male,Trader,125191.38,69100.0,6,1,0,83.06,136124.55,6,5318.94,0.092,No,South South,0
24,Male,Trader,180313.5,20000.0,1,5,0,100.0,262011.24,64,4109.94,0.1109,No,South East,0
50,Male,Trader,57714.05,20000.0,3,0,0,89.07,22969.1,105,1415.41,0.1155,No,North Central,0
40,Male,Salaried,432715.71,240800.0,12,2,0,95.47,496457.2,45,0.19,0.0464,Yes,South West,0
33,Female,Casual,181871.04,377500.0,1,3,0,85.25,157869.3,31,0.0,2.0,Yes,South West,0
28,Male,Trader,88091.59,104300.0,9,5,0,72.84,50337.47,79,5050.01,0.1316,No,South South,0
45,Male,Salaried,36384.62,98300.0,9,1,0,100.0,31076.19,45,0.23,0.3002,No,South South,0
50,Female,Self-employed,351389.24,301000.0,12,7,1,86.29,435895.82,139,18070.96,0.0714,No,South South,0
63,Female,Self-employed,258712.23,144400.0,12,0,0,78.78,393171.36,46,6339.54,0.0465,No,North East,0
38,Female,Self-employed,206417.86,40500.0,12,2,1,74.98,214838.86,160,6181.24,0.02,No,South East,0
25,Male,Salaried,315553.44,343600.0,6,3,2,87.52,360961.5,47,0.05,0.1815,No,South West,0
57,Male,Salaried,314989.97,150400.0,1,1,0,97.38,501282.41,31,0.0,0.4775,Yes,North Central,0
48,Male,Salaried,204249.36,20000.0,3,2,1,65.88,259708.81,92,0.0,0.0326,No,South East,0
51,Female,Salaried,152584.36,182000.0,6,5,0,90.42,63283.68,2,0.86,0.1988,No,North Central,0
22,Female,Salaried,137251.47,250500.0,1,2,0,92.72,180507.92,43,0.0,1.8251,No,South West,1
32,Female,Casual,236646.9,213500.0,1,1,0,97.68,61949.78,65,0.0,0.9022,Yes,North Central,0
54,Male,Self-employed,446316.01,408700.0,3,0,0,93.94,121102.48,174,12925.24,0.3052,Yes,North East,0
57,Male,Self-employed,168354.15,199100.0,6,2,1,63.9,272564.21,132,8245.53,0.1971,Yes,North Central,0
38,Male,Trader,469969.2,618000.0,6,3,0,89.56,110407.58,27,12930.43,0.2192,No,South West,0
56,Male,Self-employed,229408.89,265300.0,12,2,1,77.64,325074.18,174,5275.72,0.0964,No,North West,0
58,Male,Salaried,230535.76,288600.0,6,1,0,99.24,268608.49,17,0.0,0.2086,No,South West,0
36,Male,Salaried,859437.41,357800.0,1,1,0,90.2,1113731.25,10,0.46,0.4163,No,South West,0
61,Female,Salaried,526998.49,638700.0,6,1,0,90.12,514173.85,94,0.0,0.202,No,South West,0
31,Female,Trader,535956.42,228000.0,6,3,0,92.17,697257.14,169,34231.55,0.0709,No,North East,0
29,Female,Self-employed,107179.82,179400.0,12,4,0,87.97,174185.99,67,6126.73,0.1395,Yes,South West,0
50,Female,Self-employed,748353.51,851600.0,6,3,0,100.0,953684.18,177,43474.9,0.1897,Yes,North Central,0
48,Female,Self-employed,170633.15,335700.0,3,3,2,84.21,98591.3,50,3849.09,0.6558,No,North Central,1
24,Female,Unemployed,155257.9,199800.0,9,4,1,93.54,236820.0,77,0.0,0.143,Yes,South South,0
57,Male,Self-employed,44231.86,72800.0,6,3,0,85.37,37141.86,37,1876.96,0.2743,No,South West,1
27,Female,Self-employed,222526.43,81600.0,6,4,0,96.46,69550.17,115,5567.12,0.0611,Yes,South West,0
56,Male,Self-employed,89012.5,148800.0,2,3,0,99.52,137396.84,149,3121.88,0.8358,No,South East,0
18,Male,Trader,234703.22,242700.0,6,4,0,86.82,171868.6,152,6021.85,0.1723,No,South South,0
56,Male,Trader,84600.44,20000.0,1,3,0,85.79,38953.33,75,3014.67,0.2364,No,South South,0
55,Male,Trader,579092.22,808900.0,9,5,1,72.94,640303.49,176,15519.42,0.1552,No,South South,0
55,Female,Salaried,257618.53,292500.0,3,2,0,83.77,436029.49,38,0.0,0.3785,No,South West,0
49,Male,Self-employed,792247.13,881000.0,2,3,1,88.28,1142406.44,113,19130.13,0.556,No,South West,0
40,Female,Casual,92572.42,122300.0,6,1,0,100.0,42960.84,29,0.63,0.2202,No,South South,1
51,Male,Self-employed,492711.28,109400.0,6,3,0,91.73,604070.57,5,17847.73,0.037,No,South East,0
31,Female,Unemployed,55767.64,102800.0,3,2,1,83.69,26205.25,11,0.0,0.6145,No,South West,1
55,Female,Self-employed,206067.94,156800.0,12,6,3,63.13,184498.41,137,6082.78,0.0634,No,South South,1
44,Male,Self-employed,119390.76,106700.0,9,2,0,100.0,33653.91,76,6897.95,0.0993,No,North West,0
40,Male,Self-employed,134529.71,20000.0,12,4,0,90.95,70808.61,54,7711.49,0.02,No,South South,0
42,Female,Self-employed,128667.84,304400.0,3,3,1,81.4,216713.52,132,5914.91,0.7886,No,North West,0
45,Male,Casual,99324.41,54700.0,6,1,0,93.1,79552.47,34,0.0,0.0918,No,South West,1
19,Female,Salaried,79373.09,20000.0,6,1,1,73.74,101140.56,72,0.27,0.042,Yes,North East,0
24,Male,Self-employed,135014.13,159000.0,6,4,0,95.87,104401.55,113,8292.96,0.1963,No,South East,0
29,Female,Trader,194100.35,210600.0,1,3,1,86.18,10269.49,172,12294.47,1.085,No,North Central,0
23,Female,Casual,383507.12,639900.0,3,4,1,76.24,433184.88,82,2.04,0.5562,No,South West,1
39,Female,Trader,218095.84,224800.0,12,5,1,85.68,161735.28,142,12945.88,0.0859,No,South South,0
50,Female,Unemployed,384217.19,641100.0,12,4,0,80.28,184947.07,54,0.0,0.139,No,North West,0
49,Female,Casual,68864.57,20000.0,2,2,0,87.33,25677.47,32,0.15,0.1452,Yes,South West,0
40,Female,Self-employed,135846.66,136000.0,1,5,0,94.68,115741.22,98,4322.76,1.0011,No,South East,0
59,Female,Casual,285747.93,376900.0,2,2,0,81.06,437487.16,96,0.0,0.6595,No,North West,0
45,Female,Unemployed,224984.35,434400.0,9,1,0,96.3,137870.25,81,0.0,0.2145,Yes,South South,0
21,Male,Salaried,102841.92,24900.0,3,1,0,91.84,101085.89,5,0.0,0.0807,No,South South,0
54,Female,Trader,330333.13,329400.0,9,3,0,96.07,44497.82,176,11387.67,0.1108,Yes,South West,0
45,Male,Self-employed,127437.91,152300.0,1,4,0,92.37,158255.56,65,6662.33,1.1951,No,South East,0
48,Male,Trader,108599.91,20000.0,9,1,0,92.85,145705.22,15,3886.16,0.0205,No,North East,0
45,Female,Salaried,247020.89,118500.0,12,2,0,75.76,166195.32,52,0.94,0.04,No,South West,1
44,Male,Trader,180723.26,244200.0,1,4,2,52.0,140073.04,157,10954.32,1.3512,No,North West,1
22,Female,Self-employed,128132.37,153200.0,12,6,1,81.27,21063.54,88,5062.05,0.0996,No,South West,0
44,Female,Trader,125335.27,194800.0,12,3,1,71.86,196638.72,89,3926.59,0.1295,No,South East,0
56,Male,Salaried,89800.36,49000.0,6,3,0,87.13,86125.51,29,0.0,0.0909,No,South West,0
32,Male,Trader,139173.38,226100.0,3,1,0,90.94,39035.71,38,3762.69,0.5415,Yes,North West,0
46,Male,Self-employed,367955.86,160900.0,6,0,0,91.59,470115.4,151,7965.98,0.0729,Yes,South West,0
19,Female,Trader,211011.93,318700.0,3,5,2,81.76,281626.74,54,4690.28,0.5034,Yes,South East,0
34,Male,Self-employed,335641.29,85300.0,12,1,1,85.64,128275.9,139,21807.14,0.0212,No,North West,1
38,Female,Salaried,251741.16,398200.0,6,2,0,89.37,200948.14,88,0.19,0.2636,Yes,North East,0
65,Female,Self-employed,120904.0,113000.0,12,2,1,73.08,94489.8,71,7075.48,0.0779,Yes,North Central,1
28,Female,Unemployed,61621.76,78800.0,6,4,0,100.0,40973.69,83,0.92,0.2131,No,South West,0
31,Male,Salaried,98543.84,106500.0,3,3,0,94.26,145539.88,7,0.0,0.3602,No,North East,0
37,Female,Trader,116355.9,228700.0,6,2,0,100.0,141571.43,167,3409.29,0.3276,Yes,North West,0
65,Male,Salaried,110650.65,79900.0,12,3,0,77.31,166862.0,57,0.75,0.0602,Yes,South West,0
58,Male,Trader,340569.7,33300.0,6,2,1,74.0,314819.02,136,15942.57,0.02,Yes,South East,0
19,Male,Salaried,338268.3,144100.0,6,4,0,91.13,468660.91,88,0.0,0.071,Yes,South West,0
29,Male,Self-employed,757996.39,898200.0,12,3,0,90.75,334082.41,53,44645.99,0.0987,No,South West,1
57,Male,Self-employed,109567.2,244600.0,6,2,0,99.45,56019.97,134,6288.06,0.3721,No,North Central,0
20,Female,Salaried,508415.11,448500.0,12,5,1,78.6,439520.09,77,0.0,0.0735,No,South East,1
59,Female,Self-employed,506376.54,221000.0,2,0,0,90.99,435693.52,81,30978.99,0.2182,No,South West,0
31,Male,Self-employed,154777.01,169500.0,12,2,0,93.91,18842.87,54,5174.39,0.0913,No,South East,0
62,Female,Self-employed,244879.89,106700.0,9,1,1,77.81,248883.57,61,7311.22,0.0484,No,South West,1
32,Female,Unemployed,403200.3,222200.0,2,1,1,74.29,30533.39,89,0.57,0.2755,Yes,North Central,1
38,Female,Self-employed,173236.18,207400.0,1,5,1,83.88,63829.68,139,4305.58,1.1972,Yes,North West,0
49,Female,Casual,164729.08,174600.0,3,3,0,89.95,93611.33,68,1.25,0.3533,No,South East,1
24,Female,Self-employed,119723.81,229400.0,9,0,0,93.28,171482.47,133,4997.35,0.2129,No,South West,0
44,Female,Salaried,38819.85,39200.0,6,1,0,100.0,14491.82,69,0.0,0.1683,No,North Central,0
42,Male,Salaried,188436.94,168200.0,3,2,0,100.0,130909.7,90,0.53,0.2975,No,South West,0
55,Female,Self-employed,113470.37,211100.0,6,1,0,97.28,126691.66,105,5169.08,0.3101,No,North East,0
65,Male,Self-employed,89476.88,111800.0,12,2,0,81.81,26565.13,27,3323.33,0.1041,No,North West,1
49,Male,Casual,236839.2,397900.0,2,2,0,91.99,40752.05,84,1.09,0.84,Yes,South East,0
37,Female,Trader,70077.65,20000.0,9,2,0,100.0,4315.64,141,2853.91,0.0317,No,South East,0
37,Male,Self-employed,303963.85,551100.0,12,4,1,76.3,498003.13,48,9792.62,0.1511,No,South East,1
38,Male,Self-employed,246483.83,506000.0,6,2,0,99.83,28404.77,146,9320.5,0.3421,No,South East,1
57,Male,Self-employed,138771.86,298000.0,12,4,1,84.73,156354.01,131,7267.21,0.179,No,South South,0
33,Female,Trader,172743.04,164400.0,6,0,0,89.07,9841.6,114,10556.45,0.1586,No,South West,0
26,Female,Salaried,83039.23,141500.0,9,2,0,100.0,117414.57,24,0.0,0.1893,Yes,South West,0
34,Female,Salaried,293147.81,333100.0,12,1,1,81.45,338575.14,81,0.0,0.0947,No,South West,0
19,Male,Self-employed,203312.38,94500.0,3,1,0,93.81,338855.14,40,8099.11,0.1549,No,South West,0
23,Male,Salaried,213398.08,312000.0,6,0,0,92.85,340291.23,19,0.99,0.2437,Yes,North East,0
22,Male,Trader,249431.82,179400.0,9,4,0,85.8,409719.23,64,12549.63,0.0799,No,South South,0
55,Male,Salaried,118556.17,308400.0,2,2,0,88.47,20936.11,31,0.0,1.3006,No,North West,0
52,Male,Salaried,67058.74,42700.0,6,1,0,86.84,68123.39,16,0.0,0.1061,No,South East,0
51,Male,Casual,335363.09,441200.0,9,3,0,100.0,429890.74,57,0.77,0.1462,No,North Central,0
40,Female,Unemployed,281638.36,347200.0,1,2,1,90.28,71552.0,86,0.0,1.2328,Yes,North West,0
52,Male,Self-employed,127099.93,119000.0,6,2,0,86.93,50266.65,52,3912.4,0.156,Yes,South West,0
25,Female,Self-employed,234833.91,380000.0,2,2,1,97.37,169896.92,15,11669.74,0.8091,No,South South,1
61,Female,Trader,407744.02,578900.0,2,4,2,75.38,591827.34,35,17696.53,0.7099,No,North East,1
42,Female,Salaried,377327.07,424800.0,6,4,0,89.5,526968.64,28,0.68,0.1876,No,South West,0
63,Male,Self-employed,124710.32,133900.0,1,2,0,97.72,174211.93,41,8002.51,1.0737,No,South West,0
25,Female,Salaried,68392.43,20000.0,6,2,0,89.23,34463.03,91,0.0,0.0487,No,South East,0
41,Female,Self-employed,76459.95,41100.0,1,5,2,77.87,100413.11,14,2367.26,0.5375,No,South South,0
51,Female,Unemployed,146985.65,167100.0,12,4,1,87.15,30300.7,41,0.0,0.0947,No,South West,1
41,Female,Trader,465663.37,96600.0,12,1,1,81.37,751996.52,6,24767.19,0.02,No,South East,0
39,Female,Unemployed,112108.52,183300.0,3,4,0,85.34,97394.48,45,0.78,0.545,No,North West,0
25,Male,Trader,122161.48,241600.0,1,1,0,93.55,150621.33,133,4404.28,1.9777,No,South South,1
36,Male,Trader,120537.95,131900.0,3,2,0,97.44,199685.74,161,5477.01,0.3648,No,North East,0
29,Female,Trader,127400.01,195100.0,1,8,1,92.78,93579.18,153,2771.43,1.5314,No,South East,1
32,Female,Trader,178691.24,284700.0,9,3,1,87.15,98432.49,133,11146.45,0.177,No,North West,1
50,Female,Self-employed,78329.5,20000.0,6,2,1,83.49,44685.04,155,4988.54,0.0426,Yes,North West,0
48,Female,Self-employed,364231.93,689300.0,6,0,0,88.74,73887.42,92,20940.16,0.3154,No,South East,0
47,Male,Self-employed,163828.99,65700.0,12,2,0,80.15,191093.06,161,6880.09,0.0334,No,North West,0
35,Male,Salaried,901801.41,1427500.0,12,2,0,82.15,1527207.9,50,0.0,0.1319,No,South South,0
64,Male,Self-employed,83942.81,136700.0,6,1,0,91.96,125115.39,83,1870.01,0.2714,No,North West,0
22,Female,Salaried,505915.6,926800.0,9,2,0,88.59,832413.71,95,1.57,0.2035,No,North West,0
34,Male,Self-employed,444669.52,517000.0,6,1,0,93.14,176932.11,27,9655.67,0.1938,Yes,South East,0
23,Female,Salaried,137739.23,165800.0,9,3,1,85.88,22671.73,75,0.0,0.1337,No,North Central,1
34,Female,Self-employed,139235.6,86400.0,2,6,0,98.39,70364.59,133,3496.59,0.3103,Yes,North Central,0
64,Male,Self-employed,98900.4,77800.0,3,1,0,77.58,104372.63,106,5555.5,0.2622,No,North East,0
35,Male,Salaried,99640.92,300300.0,3,3,0,100.0,125360.88,8,0.57,1.0046,No,South West,0
61,Male,Unemployed,179929.12,134800.0,2,2,0,96.74,241307.89,86,0.0,0.3746,No,South East,0
41,Male,Self-employed,182437.79,130600.0,6,1,0,96.03,23151.69,78,4400.29,0.1193,No,South West,0
51,Male,Self-employed,63524.52,20000.0,9,5,0,92.96,66800.09,114,2033.89,0.035,No,South West,0
39,Male,Salaried,799299.17,849800.0,6,1,0,92.04,389540.54,90,0.0,0.1772,No,South West,0
30,Female,Casual,152059.35,183900.0,12,2,0,100.0,73486.68,55,0.58,0.1008,No,North Central,0
54,Female,Trader,187842.69,205000.0,3,4,0,87.19,252287.05,55,7759.18,0.3638,No,South South,0
64,Female,Self-employed,119809.44,20000.0,12,3,0,96.15,182774.56,94,3977.23,0.02,No,North Central,0
30,Female,Salaried,151320.58,20000.0,3,3,0,100.0,156847.89,72,0.0,0.0441,No,North East,0
55,Female,Trader,142641.73,228500.0,3,2,0,95.33,11561.66,110,7855.12,0.534,Yes,South West,0
30,Female,Unemployed,179657.47,347000.0,2,5,2,76.33,106098.45,19,0.52,0.9657,No,South West,1
52,Male,Self-employed,178301.05,20000.0,3,1,0,84.17,285469.47,155,7444.07,0.0374,No,North West,0
55,Male,Salaried,303724.18,173900.0,2,0,0,99.79,326505.6,45,0.0,0.2863,No,North East,0
39,Male,Salaried,208648.25,20000.0,9,4,2,74.86,297633.53,50,0.65,0.02,Yes,North Central,0
53,Female,Salaried,284502.15,370800.0,3,1,1,77.76,238494.53,60,0.24,0.4344,No,South West,0
31,Male,Trader,178855.79,111400.0,1,2,1,87.28,140782.67,51,11632.92,0.6228,No,South East,1
21,Female,Unemployed,209195.87,345900.0,3,3,1,76.57,201674.84,74,0.0,0.5512,Yes,North West,1
22,Female,Unemployed,153870.01,252800.0,9,2,1,96.22,221842.93,49,1.67,0.1825,No,North Central,1
39,Female,Casual,345495.45,473900.0,6,2,0,100.0,557295.11,70,0.34,0.2286,No,South West,0
61,Female,Salaried,221996.46,190500.0,2,1,0,89.79,206843.57,17,1.14,0.4291,Yes,South South,0
24,Female,Unemployed,162423.67,205800.0,1,3,1,87.27,264706.99,67,2.18,1.2671,No,South West,1
39,Male,Self-employed,159304.15,239900.0,9,1,0,92.99,213960.27,88,6227.98,0.1673,No,North West,0
51,Male,Self-employed,167662.21,270700.0,9,3,1,76.02,223119.51,174,7930.33,0.1794,No,South South,0
27,Male,Trader,183597.42,49200.0,6,2,0,100.0,295349.58,168,4699.52,0.0447,Yes,South West,0
52,Female,Salaried,173525.08,127600.0,6,1,0,92.01,48875.18,20,0.0,0.1226,No,North West,0
32,Male,Casual,125174.63,242000.0,3,2,0,98.28,16341.99,73,2.12,0.6444,Yes,North Central,0
56,Male,Unemployed,295935.7,302600.0,6,1,0,100.0,73131.9,82,0.33,0.1704,No,South South,0
45,Female,Trader,308340.98,267000.0,9,3,0,97.69,303574.65,105,14687.87,0.0962,No,North Central,0
44,Male,Casual,573904.95,671500.0,9,1,0,95.46,842116.37,67,0.0,0.13,No,South South,0
26,Female,Self-employed,121583.05,384500.0,6,3,1,76.08,16486.09,49,2925.98,0.5271,No,North West,0
40,Female,Salaried,277589.12,164300.0,9,3,1,77.24,247067.03,43,0.0,0.0658,Yes,South South,1
59,Female,Casual,52040.26,20000.0,6,4,0,93.05,56393.74,25,0.0,0.0641,No,South South,1
18,Female,Trader,308534.86,501900.0,9,2,1,77.24,325604.46,77,13070.72,0.1807,Yes,South East,0
54,Female,Casual,69838.01,166000.0,9,1,0,98.76,37003.85,38,0.08,0.2641,No,South South,0
41,Female,Salaried,94930.18,109100.0,9,3,0,86.38,42602.67,73,0.0,0.1277,No,North Central,0
52,Female,Self-employed,223386.47,200500.0,2,2,0,88.57,19505.14,84,13591.54,0.4488,No,North Central,0
49,Male,Self-employed,120179.02,20000.0,3,1,0,92.94,37614.81,177,7825.22,0.0555,Yes,South South,0
38,Female,Trader,109950.15,20000.0,3,1,0,94.67,7844.62,156,5313.68,0.0606,No,South East,0
32,Female,Casual,131344.87,33300.0,6,2,0,94.41,112343.79,22,1.06,0.0423,No,South West,0
48,Female,Unemployed,289227.55,415000.0,6,1,0,92.63,330819.95,56,0.66,0.2391,No,North Central,0
24,Male,Self-employed,98157.97,157600.0,9,2,0,88.51,103851.71,106,5918.28,0.1784,Yes,South South,0
46,Male,Self-employed,173774.1,313000.0,6,1,0,98.06,214584.84,152,5093.64,0.3002,No,North West,1
22,Male,Salaried,140728.19,245100.0,6,2,0,100.0,26203.22,40,0.23,0.2903,No,North Central,0
49,Female,Salaried,306704.84,172300.0,9,4,2,69.75,301913.96,46,0.87,0.0624,No,North East,1
48,Female,Self-employed,312344.26,428200.0,3,3,1,75.8,120616.21,14,8819.5,0.457,No,South South,0
22,Male,Trader,54599.44,20000.0,3,1,1,64.04,60881.35,154,2149.79,0.1221,No,South South,1
54,Female,Self-employed,355056.87,244500.0,3,1,0,100.0,490964.19,73,21299.77,0.2295,Yes,South West,0
37,Male,Self-employed,121021.17,181500.0,9,5,0,92.78,133402.71,16,3168.72,0.1666,No,North East,0
55,Male,Trader,209882.28,81800.0,1,3,0,100.0,147361.73,79,6121.93,0.3897,Yes,North Central,0
19,Female,Casual,97774.73,181000.0,3,3,1,92.7,67235.44,52,0.0,0.6171,No,South South,0
26,Male,Salaried,229108.19,118700.0,3,0,0,99.63,222648.89,26,1.01,0.1727,Yes,North West,0
41,Male,Self-employed,945140.57,1591100.0,6,3,1,87.92,1438788.86,14,27242.27,0.2806,No,South East,0
27,Female,Trader,195510.57,167800.0,12,2,1,89.1,221536.11,20,12124.43,0.0715,No,South West,0
33,Female,Trader,133493.91,55200.0,12,1,0,92.45,28295.9,13,5421.86,0.0345,No,South West,1
49,Female,Casual,154787.32,214200.0,2,4,0,85.96,208179.41,87,1.27,0.6919,No,North Central,0
24,Male,Salaried,69275.23,20000.0,6,2,0,99.59,9522.96,14,0.6,0.0481,No,South East,0
50,Female,Self-employed,461638.9,534800.0,1,4,0,83.29,307418.87,35,11135.76,1.1585,No,South South,1
22,Female,Casual,220595.54,20000.0,12,0,0,91.25,148462.69,51,0.0,0.02,No,South South,0
26,Male,Self-employed,91028.55,69200.0,6,2,0,89.52,98267.29,137,4220.19,0.1267,No,South West,0
46,Female,Self-employed,92976.8,149800.0,3,1,0,98.01,132914.92,97,2713.66,0.5371,No,North Central,0
56,Female,Unemployed,181796.95,396700.0,6,0,0,95.63,91960.41,79,1.11,0.3637,No,South West,0
26,Male,Salaried,329888.22,353400.0,6,3,0,89.51,361972.87,35,0.05,0.1785,No,South West,0
32,Female,Trader,85183.98,87600.0,12,2,0,91.05,85557.94,108,2880.88,0.0857,Yes,North West,0
62,Female,Casual,371174.73,631200.0,1,5,0,100.0,392134.58,72,0.15,1.7005,No,North East,0
65,Female,Salaried,169591.91,242000.0,12,2,0,88.51,13773.57,24,0.0,0.1189,No,South South,0
45,Female,Trader,98327.0,63800.0,3,2,0,92.72,87965.58,2,2439.23,0.2163,Yes,North West,0
39,Female,Self-employed,132815.12,122300.0,2,1,0,98.05,211776.99,55,6081.27,0.4604,No,South East,0
34,Male,Casual,560885.55,900500.0,9,2,0,94.49,256217.57,14,0.0,0.1784,No,South East,0
47,Male,Casual,73011.59,28800.0,6,2,0,98.26,98266.35,1,0.0,0.0657,No,South West,0
46,Female,Casual,111857.58,20000.0,12,3,2,70.29,138692.29,12,0.0,0.02,No,North East,0
32,Male,Salaried,334332.56,402300.0,6,2,0,100.0,560611.03,76,0.0,0.2005,No,South West,0
19,Male,Trader,207193.66,20000.0,6,2,0,94.32,119008.69,79,5291.18,0.02,Yes,North East,0
25,Male,Unemployed,107624.72,164400.0,3,4,1,87.26,156715.66,65,0.28,0.5092,No,North Central,0
64,Male,Trader,336996.47,625600.0,12,1,0,95.47,170380.34,101,9331.64,0.1547,No,North West,0
38,Male,Trader,347564.09,215400.0,9,1,0,87.73,280217.24,101,16840.72,0.0689,No,South West,0
41,Male,Salaried,223265.31,149200.0,6,1,0,95.37,188775.9,17,0.0,0.1114,No,South East,0
40,Female,Casual,120892.18,166900.0,12,1,1,66.86,146116.63,41,0.0,0.115,Yes,North West,0
55,Male,Salaried,133627.87,20000.0,2,1,0,96.62,61289.68,59,1.77,0.0748,Yes,North East,0
21,Female,Self-employed,216587.86,217700.0,12,3,0,79.08,131132.1,113,11473.95,0.0838,No,South West,1
21,Female,Unemployed,76723.11,103000.0,6,1,0,87.07,127345.72,93,1.15,0.2237,No,South West,0
31,Male,Unemployed,426672.62,572400.0,12,1,0,99.99,481198.67,40,0.0,0.1118,Yes,South South,0
41,Female,Unemployed,543534.27,949400.0,9,3,0,97.26,520592.99,58,0.0,0.1941,No,North Central,0
50,Female,Self-employed,154406.11,85400.0,6,2,0,93.88,21839.49,89,3300.47,0.0922,No,North Central,0
41,Female,Salaried,226880.8,256400.0,9,3,1,78.42,384863.47,58,0.98,0.1256,No,North Central,0
39,Female,Self-employed,389057.9,687000.0,9,4,1,72.76,510901.05,62,24734.83,0.1962,No,South South,0
63,Male,Salaried,641668.23,297600.0,1,6,0,90.0,1066632.59,86,0.0,0.4638,Yes,South South,0
25,Male,Casual,495216.34,295600.0,9,6,0,98.8,299486.58,13,0.53,0.0663,No,North Central,0
45,Female,Self-employed,58256.6,215400.0,6,1,0,92.22,15074.43,64,3751.31,0.6162,Yes,South West,0
44,Female,Self-employed,146620.4,297700.0,12,1,1,70.37,187800.81,131,6041.55,0.1692,No,South East,0
40,Female,Salaried,249236.99,134900.0,12,3,0,85.38,315630.01,54,0.0,0.0451,No,South West,0
56,Female,Self-employed,130544.69,33100.0,2,0,0,88.32,194002.29,49,2819.98,0.1268,No,South East,0
30,Male,Casual,573498.45,543900.0,1,4,0,92.15,35489.73,23,0.0,0.9484,No,North Central,0
63,Male,Trader,519076.21,437100.0,3,6,1,77.43,528802.14,122,21941.51,0.2807,No,North West,1
33,Female,Salaried,105911.33,37600.0,9,4,0,86.61,30187.75,66,0.0,0.0394,No,South East,0
44,Female,Salaried,161967.68,285100.0,12,3,1,86.41,136089.13,62,0.0,0.1467,Yes,North Central,0
42,Male,Self-employed,110580.82,77600.0,9,3,0,80.14,187855.41,10,5014.24,0.078,No,North East,0
58,Male,Salaried,158558.46,287300.0,12,5,1,75.08,202925.4,90,0.24,0.151,No,South West,0
39,Female,Unemployed,155465.81,267300.0,6,1,0,99.49,75575.38,83,0.62,0.2866,No,North Central,1
31,Female,Trader,334696.62,534400.0,6,1,0,97.78,361840.03,37,16353.53,0.2661,No,South East,0
19,Female,Salaried,101033.77,20000.0,12,3,0,92.11,85304.97,56,0.0,0.02,Yes,South South,0
35,Male,Casual,35000.0,71900.0,1,2,0,100.0,27926.33,54,0.1,2.0,No,South West,1
57,Female,Self-employed,63434.24,64500.0,6,0,0,95.82,10010.47,127,2466.41,0.1695,No,South East,0
18,Female,Salaried,92255.4,63100.0,3,3,1,77.77,102789.47,96,0.0,0.228,No,South West,0
61,Male,Self-employed,117537.49,157000.0,2,0,0,98.21,124678.47,6,6994.14,0.6679,Yes,South South,0
44,Male,Salaried,203287.29,55300.0,6,0,0,96.84,40545.92,65,0.0,0.0453,Yes,North West,0
24,Female,Self-employed,89218.71,225500.0,3,1,1,86.84,23458.44,172,4549.82,0.8425,Yes,South West,0
32,Female,Casual,81919.86,101600.0,6,2,0,92.07,66365.51,74,0.0,0.2067,Yes,South West,0
44,Female,Unemployed,98377.88,155200.0,2,1,0,92.3,92297.89,45,0.0,0.7888,No,South East,0
33,Male,Self-employed,87163.16,20000.0,6,1,0,95.38,31868.1,31,3093.47,0.0382,No,South South,0
23,Female,Trader,125528.89,320600.0,3,2,1,79.14,178555.88,121,5856.13,0.8513,No,South South,0
49,Male,Salaried,122085.31,216000.0,12,1,0,100.0,148874.78,95,0.92,0.1474,Yes,North Central,0
50,Male,Self-employed,281700.31,214800.0,6,3,0,97.67,118810.68,147,14613.13,0.1271,No,South West,0
23,Male,Salaried,94609.96,106300.0,12,2,1,77.87,130255.57,19,1.02,0.0936,No,South East,0
31,Male,Self-employed,142667.83,49300.0,6,1,0,83.56,145003.33,9,3180.61,0.0576,Yes,South East,0
29,Female,Salaried,126304.05,126100.0,1,3,0,100.0,72399.58,17,0.26,0.9984,No,North Central,0
49,Female,Unemployed,304518.57,311600.0,9,2,0,91.37,431475.12,1,0.72,0.1137,Yes,North Central,0
53,Male,Casual,162824.89,95600.0,1,2,1,83.06,145740.07,4,0.54,0.5871,No,South South,0
52,Female,Self-employed,356348.69,104400.0,6,7,1,81.06,274909.21,29,9886.72,0.0488,Yes,North West,0
63,Female,Trader,85107.59,26500.0,6,2,0,99.65,6489.87,34,2663.38,0.0519,No,North West,0
54,Female,Salaried,174315.79,312100.0,9,2,0,90.13,244926.23,31,0.0,0.1989,No,North Central,0
33,Female,Trader,123795.09,350400.0,12,1,0,94.83,62606.0,159,5670.68,0.2359,No,South West,0
23,Female,Self-employed,81127.9,112200.0,3,4,0,90.18,42933.46,16,1913.55,0.461,No,South South,0
47,Male,Salaried,172272.01,101700.0,9,0,0,100.0,246102.15,77,0.73,0.0656,No,North East,0
61,Male,Trader,555217.48,659800.0,6,2,0,88.73,106804.49,166,23211.21,0.1981,No,South West,0
64,Male,Self-employed,103395.98,129800.0,9,2,0,97.92,168014.87,57,4704.66,0.1395,Yes,North Central,1
29,Male,Self-employed,165688.76,310200.0,12,1,0,100.0,98835.42,63,8688.21,0.156,No,North West,0
29,Female,Self-employed,76708.02,20000.0,6,2,0,100.0,46047.16,122,4468.71,0.0435,Yes,South South,0
19,Male,Salaried,69718.02,219400.0,3,1,1,80.05,83908.99,0,0.0,1.049,No,South South,0
24,Female,Salaried,107904.1,20000.0,12,4,2,75.14,69657.44,59,0.95,0.02,No,South South,0
44,Female,Trader,134352.63,208000.0,6,5,2,68.99,66764.55,129,3351.89,0.258,No,North East,1
44,Male,Trader,138286.54,78700.0,12,1,0,100.0,43273.4,74,3255.08,0.0474,No,North Central,0
35,Female,Salaried,155405.93,285700.0,6,2,0,92.42,92884.68,36,0.0,0.3064,No,North West,0
32,Female,Self-employed,61654.16,20000.0,12,2,0,93.49,102015.01,28,2799.99,0.027,No,North Central,1
57,Female,Trader,119832.13,174100.0,1,2,0,87.85,31917.8,37,7288.19,1.4529,No,North Central,0
40,Female,Trader,249410.43,485800.0,9,2,1,76.28,397709.75,54,7191.17,0.2164,No,North Central,0
56,Female,Casual,74447.75,208000.0,6,1,0,94.46,74270.45,72,1.48,0.4657,No,South South,0
64,Male,Self-employed,142895.29,79900.0,9,1,1,87.81,166234.33,28,4692.86,0.0621,No,South South,0
33,Male,Self-employed,217740.78,224200.0,12,4,3,59.93,296751.15,153,12499.22,0.0858,No,South West,1
27,Female,Self-employed,108254.33,76200.0,9,1,1,89.27,13306.61,60,3655.57,0.0782,Yes,South South,0
63,Male,Self-employed,224740.79,495200.0,9,3,0,78.01,372555.27,107,8779.83,0.2448,Yes,South South,0
48,Female,Salaried,66968.66,86000.0,2,3,2,76.29,87293.46,73,0.1,0.6421,Yes,North West,1
31,Male,Salaried,320681.71,244900.0,2,3,0,84.61,440403.64,74,0.48,0.3818,No,South East,0
47,Female,Casual,228315.24,432900.0,6,2,1,81.55,171777.62,84,0.0,0.316,Yes,South South,0
42,Female,Salaried,186632.11,249400.0,6,2,1,58.23,193221.56,17,0.26,0.2227,No,North East,0
61,Female,Trader,373937.46,403800.0,2,2,0,94.46,365060.33,117,24341.72,0.5399,No,South East,0
30,Male,Self-employed,145311.54,166000.0,9,5,0,100.0,30785.95,87,5640.81,0.1269,Yes,North East,0
65,Male,Self-employed,120463.93,330700.0,9,2,0,88.11,44510.33,94,3069.06,0.305,Yes,South South,0
62,Male,Casual,439268.41,287400.0,1,3,0,94.25,579102.3,23,0.97,0.6543,No,South South,0
26,Male,Trader,595531.7,401100.0,1,2,0,100.0,515412.97,152,18874.09,0.6735,No,North West,0
25,Female,Salaried,114688.8,243100.0,6,3,0,99.14,40859.77,29,0.0,0.3533,No,South West,0
43,Female,Trader,167172.09,165100.0,9,1,0,83.08,244860.37,152,8001.38,0.1097,No,South East,0
20,Female,Self-employed,355041.44,600900.0,12,2,1,83.48,117641.68,73,13035.07,0.141,No,South West,0
32,Female,Self-employed,171085.36,198600.0,6,2,0,100.0,269203.54,8,5908.19,0.1935,Yes,North East,0
38,Female,Trader,264923.04,238600.0,1,2,0,100.0,343192.36,96,16267.03,0.9006,No,South South,0
64,Female,Trader,298932.92,302000.0,12,0,0,85.39,417212.46,180,7781.07,0.0842,No,South West,0
65,Female,Self-employed,124893.19,142200.0,2,1,0,86.4,110398.0,103,5108.54,0.5693,No,South East,0
25,Male,Unemployed,236390.57,332400.0,9,3,1,84.09,207684.5,90,0.0,0.1562,No,North East,0
60,Female,Trader,179276.91,120000.0,6,3,2,71.39,44449.72,16,8712.98,0.1116,No,South South,1
22,Male,Trader,81613.3,52300.0,12,1,0,100.0,129844.46,121,4039.5,0.0534,No,South South,0
53,Male,Salaried,94602.38,43500.0,9,0,0,88.46,65530.49,72,0.0,0.0511,No,North West,0
58,Female,Salaried,117787.94,175100.0,1,4,1,82.4,116766.86,73,0.0,1.4866,No,South West,1
60,Female,Self-employed,329143.81,498100.0,6,0,0,88.27,55876.34,83,13544.33,0.2522,No,South West,0
28,Male,Trader,336244.86,556900.0,3,3,0,86.95,126879.7,118,12001.53,0.5521,Yes,North West,0
60,Male,Self-employed,293066.71,525800.0,3,2,0,96.84,435306.61,163,9520.18,0.598,No,South West,0
23,Female,Trader,239613.88,216900.0,6,3,1,84.06,184513.47,100,8951.15,0.1509,No,North Central,1
42,Female,Salaried,235401.83,360300.0,6,3,0,97.19,160987.82,57,0.7,0.2551,No,South West,1
40,Male,Trader,215588.42,24500.0,12,0,0,90.0,104295.98,105,8596.37,0.02,Yes,North Central,0
33,Male,Casual,234603.05,253800.0,1,3,0,98.69,383148.11,35,0.02,1.0818,No,North Central,0
19,Female,Trader,245167.72,197300.0,6,0,0,86.11,285480.8,37,8967.13,0.1341,No,North Central,0
55,Female,Trader,72246.4,111100.0,12,4,0,90.81,62470.8,104,2948.3,0.1281,No,North Central,0
34,Male,Casual,107694.25,106000.0,6,3,0,86.25,175072.29,7,1.49,0.164,No,South East,0
49,Female,Salaried,92218.23,20000.0,6,2,1,87.94,92136.03,7,0.7,0.0361,No,South West,0
37,Male,Trader,369666.45,757700.0,9,3,0,100.0,586041.62,113,15689.88,0.2277,No,South East,0
35,Female,Unemployed,527485.79,844600.0,9,1,0,96.58,165264.68,26,2.4,0.1779,Yes,South South,0
60,Female,Self-employed,43951.01,176900.0,6,5,0,93.29,31971.42,165,1465.03,0.6708,No,North West,1
22,Female,Salaried,497744.23,440600.0,12,5,1,83.18,474144.29,50,0.0,0.0738,No,North West,1
53,Female,Unemployed,190437.82,457900.0,1,3,0,89.94,65677.13,87,0.0,2.0,No,South South,1
53,Male,Salaried,347659.91,429300.0,1,3,1,87.88,381530.27,16,1.78,1.2348,Yes,South East,1
36,Female,Self-employed,250174.96,328200.0,6,4,1,82.49,316771.22,123,10830.55,0.2186,Yes,South West,0
30,Male,Salaried,459075.02,345900.0,2,2,1,73.27,204068.22,84,0.0,0.3767,No,South West,1
18,Female,Self-employed,206291.34,503000.0,3,1,0,100.0,144059.1,99,7726.84,0.8128,Yes,South West,0
62,Male,Self-employed,74196.09,89000.0,2,3,0,87.91,117326.03,63,2139.77,0.5998,No,South West,1
63,Male,Self-employed,168051.11,252500.0,9,5,0,89.41,171747.28,56,4207.4,0.1669,No,North West,0
29,Male,Unemployed,251673.67,483400.0,6,1,0,96.82,301543.36,9,0.52,0.3201,No,North Central,0
19,Female,Self-employed,156425.86,97800.0,12,2,1,72.57,213165.55,49,3991.53,0.0521,No,North East,0
23,Male,Self-employed,276022.52,379800.0,3,3,1,94.86,114138.62,27,6960.47,0.4587,Yes,South West,0
21,Male,Casual,172475.22,224100.0,9,2,1,77.66,213134.92,89,0.67,0.1444,Yes,North Central,0
57,Male,Casual,122226.49,164100.0,3,2,0,98.43,184834.54,4,0.0,0.4475,Yes,South South,0
60,Female,Salaried,88860.78,80300.0,1,5,1,68.4,144177.82,88,0.18,0.9037,No,South West,1
25,Female,Salaried,139529.61,143600.0,9,2,0,89.69,29742.52,83,0.61,0.1144,No,South East,0
53,Female,Trader,205599.15,305500.0,2,5,0,93.08,81061.22,19,6678.14,0.743,Yes,South East,0
26,Male,Casual,50367.8,20000.0,9,2,0,100.0,3032.58,22,0.0,0.0441,No,South East,0
35,Male,Self-employed,108408.57,20000.0,9,1,0,86.47,76287.64,121,2847.68,0.0205,No,North East,0
46,Female,Salaried,49161.31,20000.0,9,5,1,89.72,26871.29,93,1.04,0.0452,No,South East,0
52,Male,Trader,120525.12,20000.0,6,3,1,85.52,122870.9,137,2938.95,0.0277,No,North East,0
59,Male,Trader,391980.24,49200.0,12,2,1,83.41,177561.44,9,25091.17,0.02,Yes,South South,0
20,Female,Self-employed,83261.08,20000.0,1,1,0,88.78,100343.8,16,4382.03,0.2402,No,North West,0
27,Female,Casual,284294.5,155700.0,12,4,1,73.59,464433.19,23,1.28,0.0456,No,South South,0
31,Male,Casual,1146756.94,389700.0,1,4,0,78.76,248751.74,75,1.07,0.3398,No,South East,0
32,Male,Trader,463013.7,811300.0,6,3,0,96.1,187130.21,110,22275.5,0.292,Yes,North Central,0
65,Female,Trader,196318.93,170900.0,12,2,0,98.39,72753.93,58,4214.06,0.0725,Yes,North East,0
55,Male,Trader,314485.9,340300.0,3,2,0,91.47,523708.17,172,11812.37,0.3607,No,South West,0
33,Male,Self-employed,73896.32,116900.0,12,2,1,74.54,74534.41,132,4774.13,0.1318,Yes,South West,0
64,Male,Self-employed,64730.81,138200.0,6,0,0,90.11,36565.47,122,2417.36,0.3558,Yes,North West,0
41,Male,Trader,183389.19,304600.0,12,4,1,79.29,124364.04,8,8546.72,0.1384,Yes,South West,0
42,Male,Trader,233236.68,384400.0,1,4,1,83.61,324581.72,142,10263.99,1.6481,No,North Central,0
38,Female,Self-employed,366617.71,257300.0,6,3,0,98.7,473525.12,25,12818.36,0.117,No,South South,0
24,Female,Salaried,124370.06,79700.0,3,4,1,73.43,92130.7,57,0.12,0.2136,No,South South,0
62,Female,Trader,204110.99,305800.0,1,3,1,80.66,106125.54,50,12177.94,1.4982,No,North West,1
18,Female,Trader,199612.77,147300.0,9,2,0,93.3,325344.02,174,10103.01,0.082,No,South South,0
26,Male,Self-employed,165265.07,64900.0,9,1,0,98.43,236319.95,175,10638.14,0.0436,Yes,South West,0
29,Female,Self-employed,171717.07,228600.0,9,3,1,79.29,10419.44,106,8327.88,0.1479,No,South South,0
31,Female,Salaried,103275.37,115700.0,9,2,0,97.74,91953.63,23,0.41,0.1245,Yes,North Central,0
24,Female,Unemployed,215889.49,67100.0,12,2,0,87.35,26006.3,50,0.91,0.0259,Yes,South West,0
18,Female,Casual,204330.61,161700.0,6,4,2,78.53,194918.28,48,0.44,0.1319,No,South West,0
50,Female,Self-employed,135226.24,20000.0,6,3,0,91.95,217208.96,178,8461.81,0.0247,No,North West,0
64,Male,Self-employed,277469.25,226300.0,9,3,0,91.54,23010.26,167,8474.44,0.0906,No,South South,0
23,Male,Trader,351091.68,565800.0,9,2,0,100.0,194888.4,101,14332.55,0.1791,Yes,South West,0
32,Female,Self-employed,279569.65,391600.0,3,3,0,91.67,245793.45,21,17598.95,0.4669,No,North Central,1
42,Male,Unemployed,91411.26,88300.0,6,1,0,91.04,43180.68,95,0.0,0.161,No,South South,0
62,Male,Salaried,192044.4,204700.0,3,2,0,84.03,47957.18,55,0.0,0.3553,Yes,North Central,0
51,Female,Salaried,99536.69,112000.0,9,3,0,100.0,49471.81,77,0.0,0.125,No,North West,0
54,Male,Self-employed,191658.94,239400.0,3,3,0,90.19,131958.43,62,7716.02,0.4164,No,North East,1
45,Female,Salaried,99789.0,20000.0,9,3,1,80.7,56251.38,25,1.33,0.0223,Yes,North West,0
38,Female,Trader,412861.84,251900.0,9,0,0,88.09,697765.3,134,24025.94,0.0678,No,North West,0
27,Male,Casual,299502.36,526700.0,12,2,0,96.91,490206.15,67,0.0,0.1465,Yes,South South,0
59,Female,Salaried,380847.83,378300.0,6,4,0,100.0,417024.61,77,0.0,0.1656,No,South South,0
56,Male,Self-employed,356586.27,561800.0,12,1,0,100.0,49916.96,73,17076.87,0.1313,No,South East,1
19,Male,Trader,150967.87,99200.0,9,2,0,93.18,27096.15,161,4480.87,0.073,No,North Central,0
52,Male,Casual,136498.08,38300.0,1,2,0,89.85,164377.47,72,0.0,0.2806,No,South South,0
22,Male,Self-employed,558401.0,768100.0,6,3,0,89.39,643640.6,105,28953.31,0.2293,No,North East,0
53,Male,Salaried,161681.62,240500.0,6,4,2,65.95,56061.25,77,0.21,0.2479,No,South East,1
57,Male,Trader,74625.29,86700.0,2,2,1,85.56,112595.04,92,4221.34,0.5809,Yes,South West,0
24,Female,Self-employed,346474.85,374700.0,6,1,0,97.81,428764.46,115,21985.14,0.1802,Yes,North West,0
38,Female,Trader,197632.85,382800.0,2,5,2,57.96,75806.08,178,10673.13,0.9685,No,South South,1
23,Male,Self-employed,479057.45,995900.0,12,0,0,94.94,739377.88,138,10178.88,0.1732,No,South South,0
45,Female,Salaried,210795.22,176900.0,6,2,0,86.87,266730.55,8,0.0,0.1399,No,South West,0
62,Female,Trader,177674.97,264500.0,3,1,1,78.54,275039.86,148,10931.92,0.4962,No,North Central,0
21,Female,Self-employed,485381.6,255400.0,6,0,0,100.0,737835.44,3,17525.09,0.0877,No,North Central,0
37,Male,Salaried,66218.09,20000.0,12,5,2,74.69,3686.09,68,0.0,0.0252,No,South West,1
64,Female,Self-employed,123035.31,58800.0,12,2,0,87.81,115427.85,110,3386.43,0.0398,No,South South,0
32,Female,Unemployed,101106.15,199200.0,12,1,0,96.45,21972.22,6,0.0,0.1642,No,South East,0
24,Female,Trader,43213.59,34200.0,12,3,1,84.27,26427.18,170,1379.72,0.066,No,South East,0
41,Female,Self-employed,317513.88,249500.0,6,2,1,72.35,172114.42,127,13143.98,0.131,No,South East,0
42,Male,Trader,125290.48,262600.0,6,4,0,84.51,112241.76,106,5437.97,0.3493,No,South East,0
49,Female,Self-employed,324227.71,57200.0,6,1,0,88.32,469063.8,175,20662.48,0.0294,No,South West,0
33,Male,Self-employed,231797.25,173000.0,12,2,0,90.92,67156.94,103,11542.62,0.0622,Yes,North East,0
63,Male,Self-employed,267093.68,382000.0,1,0,0,100.0,219069.17,104,16987.02,1.4302,Yes,North West,0
43,Female,Salaried,133880.44,164700.0,6,0,0,84.17,195305.25,75,0.0,0.205,Yes,South East,1
31,Male,Self-employed,109529.68,215800.0,3,5,1,71.53,89960.1,2,6487.33,0.6567,No,South West,0
64,Male,Unemployed,190814.44,183000.0,12,4,2,74.0,94224.31,41,0.0,0.0799,No,South West,1
62,Male,Salaried,327149.15,275400.0,6,3,0,89.02,319247.45,34,0.0,0.1403,No,South East,0
41,Female,Casual,174200.78,288400.0,12,5,0,87.06,13425.74,14,0.0,0.138,No,North Central,0
19,Female,Trader,114056.99,20000.0,12,1,0,98.55,91171.33,139,4910.04,0.02,Yes,South East,0
46,Male,Self-employed,82565.76,88500.0,2,3,1,81.14,75682.32,60,3064.85,0.5359,No,North East,0
44,Male,Salaried,205544.55,373000.0,9,2,0,100.0,85138.26,88,0.0,0.2016,No,South West,0
25,Male,Salaried,125563.67,176400.0,6,3,1,87.43,58335.16,77,0.0,0.2341,No,South West,0
48,Male,Salaried,171799.05,153500.0,6,2,0,85.54,37959.72,9,0.23,0.1489,No,North Central,0
58,Female,Trader,154122.95,282200.0,3,1,0,82.25,234907.3,16,8959.2,0.6103,No,South West,1
23,Male,Unemployed,134838.36,94100.0,9,2,0,100.0,17656.98,47,0.0,0.0775,No,South West,0
52,Female,Casual,217876.67,437500.0,6,0,0,93.13,331490.93,28,0.86,0.3347,No,North West,0
24,Male,Salaried,258109.65,300000.0,9,2,0,100.0,421742.33,13,0.0,0.1291,No,South West,0
53,Female,Salaried,645734.33,584900.0,9,0,0,100.0,644939.03,28,0.82,0.1006,Yes,South East,0
38,Female,Salaried,294605.11,130400.0,6,2,2,79.54,448267.68,2,0.0,0.0738,Yes,North West,0
18,Male,Unemployed,507172.09,358200.0,1,4,0,87.39,461069.44,44,2.05,0.7063,No,South West,0
64,Male,Salaried,105727.67,120400.0,1,2,1,77.57,11250.42,67,0.68,1.1388,No,North Central,1
25,Male,Salaried,63582.78,20000.0,3,1,1,88.61,29193.82,38,0.7,0.1049,No,South East,0
46,Female,Trader,178319.55,182400.0,12,5,1,81.99,294658.76,92,7498.17,0.0852,Yes,South West,0
26,Female,Self-employed,314402.67,255300.0,6,2,1,81.22,437689.05,47,12296.84,0.1353,Yes,South West,0
62,Male,Salaried,283925.52,22000.0,9,1,0,95.7,474724.32,56,2.7,0.02,No,South West,0
53,Female,Trader,395580.72,319700.0,12,2,0,88.93,299144.75,162,12077.68,0.0673,No,North Central,0
56,Female,Salaried,35000.0,80300.0,6,5,1,79.7,14856.21,60,0.0,0.3824,No,North Central,0
38,Male,Salaried,406421.92,372300.0,6,1,1,77.58,198758.5,17,0.0,0.1527,Yes,South South,0
40,Female,Salaried,223857.02,475900.0,12,4,1,78.72,316341.05,94,0.17,0.1772,Yes,South East,0
48,Male,Self-employed,65979.77,78000.0,9,1,0,87.86,25283.2,117,3425.28,0.1314,No,North Central,0
55,Female,Unemployed,288083.57,28100.0,2,4,0,93.11,303355.18,41,0.5,0.0488,Yes,North Central,0
58,Male,Self-employed,200962.94,484200.0,9,5,1,73.14,308341.58,27,4345.14,0.2677,No,South East,0
18,Male,Trader,230616.44,461000.0,12,2,1,82.27,321519.92,102,7313.87,0.1666,No,South South,0
49,Male,Self-employed,344597.75,162900.0,9,2,0,98.13,257612.12,173,19926.36,0.0525,No,South East,0
23,Male,Trader,238086.93,142400.0,9,6,0,98.79,165039.93,8,5250.85,0.0665,No,South West,0
31,Female,Unemployed,69104.55,74000.0,9,2,0,88.13,71238.96,94,0.0,0.119,No,South West,0
57,Male,Self-employed,164020.23,234500.0,9,2,1,77.29,126613.05,76,8819.24,0.1589,No,South East,0
30,Male,Unemployed,62896.31,20000.0,3,1,0,100.0,31647.71,71,0.0,0.106,No,South South,0
56,Male,Trader,274471.4,109200.0,12,0,0,92.63,64957.13,124,13871.32,0.0332,Yes,South West,1
40,Male,Trader,446588.46,257100.0,2,0,0,97.99,251906.33,139,19994.67,0.2878,Yes,North Central,0
29,Male,Salaried,80319.55,20000.0,12,1,0,85.93,22670.62,46,0.0,0.0208,No,North West,0
34,Male,Trader,116338.66,189900.0,6,5,2,73.72,17836.28,129,6227.55,0.2721,No,North West,1
43,Male,Self-employed,101434.86,133200.0,9,2,0,100.0,154995.37,177,3102.39,0.1459,No,North West,0
54,Female,Unemployed,134010.54,20000.0,12,1,0,94.94,152597.1,57,0.68,0.02,Yes,South South,1
47,Female,Casual,235340.15,23100.0,12,0,0,92.25,386277.65,76,0.0,0.02,No,South West,0
62,Male,Self-employed,134957.77,128500.0,2,1,0,97.96,173044.06,46,8271.06,0.4761,No,South West,0
59,Female,Unemployed,275090.87,259400.0,9,0,0,96.21,345266.45,36,1.76,0.1048,Yes,North West,0
54,Male,Casual,359765.96,363300.0,3,2,0,100.0,301429.91,29,0.0,0.3366,No,South South,0
46,Male,Trader,368374.61,548700.0,2,2,0,94.29,394830.79,7,23083.44,0.7448,No,North West,0
31,Female,Salaried,87020.1,20000.0,6,3,0,98.53,18116.65,7,1.22,0.0383,Yes,North West,0
37,Male,Salaried,443106.73,581100.0,12,3,0,93.06,507750.05,75,0.0,0.1093,No,South East,0
23,Male,Salaried,466801.37,440800.0,12,5,0,87.08,518255.63,17,0.0,0.0787,No,South South,0
35,Male,Salaried,493833.69,208800.0,6,4,1,84.3,423274.19,35,1.11,0.0705,No,South East,0
62,Female,Unemployed,162451.13,135200.0,9,2,0,83.74,184060.51,87,0.0,0.0925,No,South West,0
38,Male,Salaried,110416.46,224500.0,3,3,3,50.78,152489.18,30,0.15,0.6777,No,South West,1
23,Female,Trader,94935.72,121700.0,3,3,0,84.78,69925.77,178,2245.16,0.4273,Yes,South West,0
49,Male,Trader,87952.77,58500.0,9,2,0,87.8,51821.91,156,5357.36,0.0739,No,South South,1
64,Female,Trader,181372.99,344100.0,12,3,1,74.76,96955.66,134,8324.22,0.1581,No,South West,0
59,Male,Salaried,312330.07,514600.0,9,2,0,98.35,466736.24,75,0.0,0.1831,No,South East,0
31,Male,Self-employed,420826.16,456300.0,2,3,0,86.16,692410.31,152,19726.02,0.5421,No,South West,0
39,Male,Trader,131281.61,185100.0,6,0,0,97.57,180967.63,37,7699.31,0.235,No,North West,0
43,Female,Self-employed,175529.91,223900.0,1,3,0,89.28,209386.75,146,11089.21,1.2756,No,North West,1
29,Male,Salaried,168213.66,52500.0,12,4,0,93.18,241835.32,14,0.0,0.026,No,South South,0
30,Male,Trader,119107.29,26500.0,3,3,0,90.24,156385.89,95,4257.61,0.0742,No,North West,0
29,Female,Salaried,290381.06,179300.0,6,3,0,100.0,158328.28,15,0.74,0.1029,No,North East,0
65,Male,Trader,227877.5,200000.0,6,5,0,82.35,110638.56,103,8549.42,0.1463,No,South West,0
53,Male,Self-employed,197382.19,193100.0,1,2,1,82.49,293672.52,27,6483.76,0.9783,Yes,South West,0
58,Male,Salaried,227205.61,464500.0,6,2,0,93.93,333001.69,45,0.95,0.3407,Yes,South East,0
57,Male,Casual,268540.08,385800.0,9,0,0,88.54,139988.01,12,0.0,0.1596,No,South West,0
64,Male,Salaried,266797.76,445100.0,3,4,0,96.76,133361.79,21,0.0,0.5561,Yes,North East,0
23,Male,Unemployed,104369.59,26800.0,6,0,0,87.28,171344.74,77,0.0,0.0428,Yes,North Central,0
60,Male,Casual,322328.24,513000.0,12,0,0,86.48,322199.24,77,0.0,0.1326,Yes,South South,0
21,Female,Self-employed,212500.6,143800.0,2,2,0,85.97,275717.15,15,5250.04,0.3384,No,South East,0
40,Male,Self-employed,135701.32,103400.0,3,3,1,78.75,15925.31,101,5964.14,0.254,Yes,South South,1
46,Male,Salaried,209601.09,247100.0,9,4,1,72.6,186534.97,46,0.0,0.131,No,South East,0
35,Male,Casual,225172.6,251900.0,6,2,0,87.93,160965.39,6,3.07,0.1864,No,North Central,0
25,Male,Trader,363622.5,177400.0,12,0,0,96.4,177149.47,14,21061.97,0.0407,No,South West,0
27,Female,Salaried,91190.95,138700.0,1,2,0,100.0,52596.4,62,0.0,1.521,No,South South,1
57,Female,Self-employed,425896.64,310300.0,12,3,1,68.19,620683.28,133,19191.44,0.0607,No,South West,0
33,Female,Salaried,182730.97,200300.0,6,2,0,96.32,14985.52,77,0.0,0.1827,No,South West,0
32,Female,Self-employed,129535.79,77900.0,3,3,0,97.67,155624.58,48,6889.89,0.2005,No,South West,0
62,Female,Self-employed,126984.38,20000.0,6,3,1,94.14,113213.03,107,7970.35,0.0262,No,South West,0
24,Female,Salaried,93884.74,183600.0,6,1,0,91.97,62919.42,82,0.0,0.3259,No,South South,0
61,Male,Casual,58053.34,134300.0,2,3,0,100.0,88577.2,44,1.76,1.1567,No,North East,1
62,Female,Salaried,279573.93,442000.0,3,0,0,98.09,364337.2,57,0.0,0.527,Yes,North Central,0
46,Female,Self-employed,652318.55,304700.0,3,2,0,80.85,683719.92,71,42311.94,0.1557,No,South South,0
25,Female,Trader,62897.53,20000.0,6,1,0,96.1,46489.91,2,2880.82,0.053,No,North Central,0
25,Female,Unemployed,97045.38,63900.0,1,4,0,93.88,151264.12,31,1.0,0.6585,No,South West,1
31,Female,Self-employed,293385.05,92600.0,1,1,0,100.0,469036.83,61,8673.48,0.3156,Yes,South East,0
45,Male,Casual,174738.9,275400.0,6,2,0,100.0,220243.18,1,0.0,0.2627,No,North West,0
25,Male,Self-employed,309614.93,333500.0,9,2,0,87.2,232322.97,127,14877.18,0.1197,No,South East,0
39,Female,Casual,168483.62,274700.0,12,2,0,100.0,281752.67,2,0.0,0.1359,No,South South,0
23,Male,Salaried,123414.55,134100.0,1,0,0,93.1,15273.48,50,0.63,1.0866,Yes,North East,0
43,Female,Trader,155424.41,167700.0,12,3,1,72.16,225613.91,138,3401.57,0.0899,Yes,North Central,0
19,Female,Salaried,38267.41,20000.0,9,3,1,95.91,20649.94,21,0.6,0.0581,Yes,North West,0
52,Male,Unemployed,85600.58,147500.0,12,2,0,90.67,73132.83,94,0.0,0.1436,No,South West,0
20,Male,Unemployed,333398.49,587700.0,6,3,0,94.23,63879.71,75,1.16,0.2938,Yes,South West,0
27,Male,Self-employed,390603.02,290300.0,6,0,0,93.48,320172.45,33,24883.19,0.1239,No,South East,0
26,Female,Self-employed,448973.91,299600.0,12,2,0,97.6,192445.68,103,11335.17,0.0556,No,South South,0
57,Female,Trader,239732.07,352600.0,6,5,3,71.88,136891.47,59,10136.34,0.2451,Yes,South East,1
20,Female,Salaried,41533.99,92700.0,12,2,1,91.05,40875.3,60,1.79,0.186,No,North Central,0
38,Female,Trader,119128.48,82900.0,12,2,1,82.42,197042.64,33,5425.2,0.058,No,South West,1
46,Male,Trader,425805.66,440100.0,6,1,1,67.78,179572.56,102,19780.25,0.1723,No,South East,0
42,Female,Self-employed,516947.91,739800.0,6,4,0,100.0,318282.71,52,28267.57,0.2385,No,North Central,0
50,Male,Salaried,436451.77,257100.0,6,1,0,98.21,194504.07,81,0.43,0.0982,No,North East,0
56,Male,Casual,154376.24,188100.0,9,2,1,86.54,136360.77,73,0.0,0.1354,No,South South,0
36,Male,Salaried,76990.54,81100.0,9,1,1,77.89,37841.05,35,0.0,0.117,No,North East,1
57,Female,Trader,175308.33,305700.0,9,2,0,93.91,64367.09,151,10981.74,0.1938,No,South West,0
33,Female,Salaried,181740.78,145600.0,1,4,0,100.0,204630.4,34,0.82,0.8011,No,South West,0
65,Female,Salaried,497987.01,731500.0,12,1,0,100.0,169293.23,64,0.41,0.1224,No,North Central,0
42,Male,Salaried,208725.75,288800.0,6,1,0,95.36,204403.58,12,1.28,0.2306,Yes,South West,0
53,Female,Self-employed,181962.32,299400.0,3,1,0,85.26,25342.01,23,9998.35,0.5485,Yes,North East,0
60,Male,Trader,188807.64,165500.0,3,3,0,98.18,233167.6,145,12338.03,0.2922,No,North West,0
56,Male,Self-employed,233426.0,140300.0,1,5,2,73.4,11857.14,161,6808.74,0.601,No,North East,1
58,Female,Trader,270465.06,311800.0,6,5,0,86.61,316562.35,17,9201.61,0.1921,No,South West,0
43,Male,Trader,112393.66,98000.0,1,1,1,83.36,32492.98,147,6663.73,0.8719,No,South South,0
20,Female,Salaried,90513.91,20000.0,2,2,0,97.34,109490.55,91,0.0,0.1105,No,North West,0
41,Male,Salaried,438701.79,674300.0,1,2,0,100.0,80692.31,32,1.88,1.537,No,North West,0
26,Female,Trader,61947.05,64000.0,2,1,1,74.92,35709.6,78,3225.0,0.5166,No,North West,0
60,Male,Trader,521908.72,766300.0,12,1,1,79.64,637897.97,82,15179.84,0.1224,Yes,South South,0
29,Male,Self-employed,51988.14,131900.0,6,1,1,82.17,55715.19,178,2734.98,0.4229,No,South West,1
28,Male,Salaried,123100.99,90100.0,1,2,1,90.15,65006.25,18,0.0,0.7319,Yes,South South,1
29,Female,Casual,338546.66,621900.0,6,0,0,100.0,272467.92,47,2.0,0.3062,No,South West,0
48,Male,Salaried,180040.01,138800.0,6,3,0,97.95,108003.27,47,0.0,0.1285,Yes,South South,0
45,Female,Trader,76496.65,20000.0,6,4,0,97.69,5352.85,83,3096.17,0.0436,No,North East,0
63,Male,Salaried,237492.29,119500.0,6,3,0,91.8,231926.97,91,0.0,0.0839,Yes,South West,0
37,Female,Trader,188012.73,231000.0,9,1,0,99.41,316454.55,132,12197.63,0.1365,No,South West,0
31,Female,Self-employed,156416.99,242200.0,2,1,1,71.16,140323.98,128,7007.75,0.7742,No,North Central,1
20,Female,Trader,119989.87,155300.0,3,0,0,97.35,79701.18,12,3350.04,0.4314,No,North East,0
18,Female,Salaried,175996.3,81700.0,12,0,0,79.78,152512.83,33,1.15,0.0387,No,South South,0
35,Female,Self-employed,123310.78,192400.0,6,0,0,82.52,151693.53,161,3920.69,0.26,Yes,North Central,0
62,Male,Salaried,876032.41,1424200.0,2,0,0,80.46,186704.7,36,0.33,0.8129,Yes,South West,0
43,Female,Trader,153998.94,167000.0,3,3,0,100.0,121292.89,128,4516.44,0.3615,No,South South,0
60,Male,Salaried,141177.06,20000.0,9,3,0,92.89,47458.82,10,0.62,0.02,No,South South,0
22,Female,Salaried,126582.38,226200.0,2,0,0,84.53,141545.7,54,0.0,0.8935,No,North West,0
22,Male,Trader,571334.53,1063400.0,6,2,1,97.01,926011.89,78,31216.17,0.3102,Yes,North West,1
58,Male,Salaried,62026.6,114400.0,3,1,0,88.57,26938.47,3,1.0,0.6148,Yes,North Central,0
23,Female,Salaried,227372.11,179800.0,3,0,0,97.68,157956.52,26,0.0,0.2636,No,North West,0
20,Male,Casual,154071.74,266100.0,6,2,0,88.52,76601.95,71,1.07,0.2879,Yes,South West,0
37,Male,Casual,71360.66,130100.0,2,2,1,90.4,49116.2,27,0.0,0.9116,Yes,South South,1
62,Male,Casual,105694.96,429200.0,6,1,0,93.9,85367.1,64,0.0,0.6768,No,North West,0
51,Female,Self-employed,221180.02,20000.0,1,0,0,88.77,295250.47,157,12365.03,0.0904,No,North West,1
22,Female,Self-employed,102627.02,43300.0,12,2,0,84.65,100278.47,174,4545.61,0.0352,No,South East,0
58,Male,Trader,213081.22,326800.0,6,1,0,89.03,186841.78,94,5888.78,0.2556,No,South West,0
58,Female,Salaried,553856.96,164000.0,1,2,0,86.96,55410.07,21,1.01,0.2961,No,South West,0
56,Male,Trader,201109.05,139600.0,3,3,0,81.67,24071.53,148,8586.65,0.2314,No,South West,0
61,Female,Salaried,69977.5,20000.0,9,0,0,99.14,102895.47,75,0.0,0.0318,No,North West,0
29,Male,Casual,103807.61,182400.0,9,1,0,100.0,147164.94,12,0.0,0.1952,No,South South,0
65,Female,Trader,149521.94,168200.0,6,2,0,89.23,41794.1,124,6504.91,0.1875,Yes,North East,0
33,Female,Self-employed,143165.89,156500.0,2,0,0,79.42,214971.03,35,4053.71,0.5466,No,North West,0
56,Male,Self-employed,198693.98,66400.0,6,1,0,96.54,330938.45,37,6256.61,0.0557,Yes,North West,0
45,Male,Salaried,220532.43,231000.0,3,3,0,95.09,271371.79,70,0.0,0.3492,No,North West,0
55,Male,Self-employed,554352.09,580400.0,1,2,1,71.7,452230.71,107,24299.62,1.047,No,South East,1
48,Male,Trader,179565.32,403100.0,6,2,0,93.59,74545.09,32,7293.86,0.3741,No,North Central,1
48,Female,Self-employed,85117.31,20000.0,9,1,0,74.7,129006.3,59,4162.96,0.0261,No,South South,1
47,Female,Self-employed,381050.09,470300.0,6,1,0,94.06,241841.69,150,14829.34,0.2057,No,South West,0
55,Female,Salaried,409084.95,584700.0,1,3,1,76.93,182743.78,3,0.75,1.4293,Yes,North Central,0
53,Female,Trader,209357.82,129200.0,2,5,1,94.43,209420.2,57,7912.98,0.3086,No,South East,0
24,Female,Self-employed,153361.9,322600.0,6,2,1,79.46,236939.68,162,5325.87,0.3506,No,North East,0
57,Male,Salaried,269781.4,278600.0,6,6,2,68.84,401008.24,35,0.0,0.1721,No,South West,0
43,Female,Unemployed,156922.96,227000.0,9,2,2,90.05,217468.67,75,0.0,0.1607,No,South South,0
33,Female,Self-employed,47311.15,117100.0,6,4,0,88.44,26515.11,6,2051.8,0.4125,Yes,North Central,0
42,Female,Self-employed,259618.99,394400.0,6,3,0,83.53,340360.25,31,7768.33,0.2532,No,South West,0
64,Female,Unemployed,321475.17,554200.0,6,2,0,100.0,492458.85,30,0.0,0.2873,No,South West,0
59,Female,Self-employed,459281.61,604300.0,12,3,1,91.51,658003.15,85,16407.69,0.1096,No,North Central,0
58,Male,Unemployed,111940.1,162000.0,12,5,2,79.35,118595.68,28,0.42,0.1206,No,South West,1
40,Female,Trader,208505.27,129700.0,6,3,0,92.37,205141.49,174,10541.35,0.1037,No,South East,0
55,Male,Trader,211458.04,303000.0,9,2,0,89.02,304974.82,10,8816.12,0.1592,Yes,South West,0
36,Male,Salaried,190272.17,146900.0,1,1,0,85.3,173869.46,51,0.0,0.7721,No,North Central,1
50,Male,Salaried,193952.5,463000.0,1,0,0,87.79,88389.31,42,0.0,2.0,No,North West,1
48,Male,Self-employed,184397.78,100000.0,3,4,1,72.96,146584.23,59,9219.34,0.1808,No,South South,1
29,Female,Salaried,206560.63,20000.0,9,4,0,90.92,299760.4,93,0.0,0.02,No,North West,0
30,Female,Salaried,291313.36,524300.0,12,1,0,100.0,23609.77,79,0.0,0.15,No,North East,0
20,Female,Trader,397877.33,399900.0,9,2,0,90.19,291964.15,79,17963.47,0.1117,No,South South,0
24,Male,Trader,110094.69,141600.0,9,3,0,94.9,161383.57,13,5472.06,0.1429,Yes,South West,0
38,Male,Salaried,160928.63,224500.0,1,2,1,88.87,152198.47,24,0.0,1.395,No,North Central,1
40,Female,Trader,136764.65,362700.0,12,1,0,91.47,95711.98,14,7558.12,0.221,Yes,North Central,0
25,Female,Unemployed,124620.09,79200.0,1,2,0,91.42,152848.3,37,0.0,0.6355,No,North West,0
38,Male,Trader,62962.32,20000.0,12,2,0,100.0,66947.35,32,1992.9,0.0265,Yes,North West,0
47,Male,Casual,182856.46,202100.0,2,1,0,95.3,178963.94,9,0.0,0.5526,No,North East,0
29,Male,Trader,245799.24,200800.0,1,1,0,100.0,106136.17,75,11988.89,0.8169,No,South West,0
34,Male,Salaried,162738.08,82100.0,6,2,0,100.0,255443.64,88,0.0,0.0841,Yes,North East,0
35,Male,Self-employed,178954.97,85600.0,2,3,0,87.91,33828.46,102,9613.43,0.2392,No,South South,0
42,Male,Unemployed,236261.88,122600.0,1,3,0,92.91,281473.94,50,0.91,0.5189,Yes,South East,0
35,Female,Trader,450421.88,141100.0,9,3,2,74.94,519993.94,96,16728.13,0.0348,Yes,South West,0
53,Female,Casual,137017.67,119600.0,9,0,0,90.53,36273.56,63,0.65,0.097,Yes,South South,0
33,Male,Unemployed,84049.76,21000.0,3,2,0,90.98,18058.13,68,0.0,0.0833,No,North West,0
38,Male,Salaried,169723.52,242100.0,6,6,1,86.88,104304.74,57,0.0,0.2377,Yes,South West,1
36,Female,Self-employed,612330.2,662600.0,6,3,2,77.37,112386.39,157,15972.88,0.1803,No,North Central,0
26,Male,Trader,84637.0,157900.0,2,3,1,94.27,137397.4,131,4879.43,0.9328,No,South South,0
50,Female,Salaried,274663.04,145700.0,6,3,1,80.1,403168.69,69,0.99,0.0884,Yes,North East,0
29,Male,Self-employed,382068.71,558800.0,9,6,0,100.0,616888.2,76,17628.65,0.1625,No,North West,0
32,Female,Casual,38681.43,20000.0,12,0,0,100.0,65220.75,32,0.0,0.0431,No,North East,0
56,Male,Trader,235003.75,366500.0,6,0,0,93.42,97106.72,10,11294.87,0.2599,No,North Central,0
63,Male,Self-employed,266446.58,220400.0,9,0,0,97.13,351934.71,92,11846.98,0.0919,Yes,South West,0
50,Female,Trader,151288.55,171100.0,6,1,0,100.0,121515.99,171,9614.6,0.1885,No,South East,1
61,Female,Salaried,118246.54,183100.0,9,7,2,70.56,14336.43,19,0.0,0.1721,No,South West,1
59,Male,Casual,122612.17,210600.0,12,2,0,100.0,110259.77,52,0.15,0.1431,Yes,South South,0
41,Female,Salaried,145385.28,49500.0,6,3,0,88.32,26983.43,67,0.74,0.0567,No,South West,0
54,Female,Casual,147908.59,86500.0,1,2,1,74.99,248129.4,35,0.14,0.5848,No,North East,1
33,Male,Self-employed,130836.93,266300.0,12,3,0,90.43,186235.78,64,5477.31,0.1696,Yes,North West,0
40,Female,Self-employed,143889.83,221800.0,6,3,1,79.9,203362.99,104,7743.7,0.2569,No,South East,0
43,Female,Self-employed,390321.8,435100.0,6,1,1,81.72,69696.37,108,17005.11,0.1858,Yes,South West,1
64,Female,Salaried,81742.83,99200.0,6,3,1,79.59,5126.56,64,0.0,0.2023,Yes,South East,0
58,Male,Self-employed,57746.85,150700.0,2,2,0,93.21,28384.35,81,2292.08,1.3048,No,North East,1
41,Female,Casual,394400.61,556200.0,6,3,1,74.16,560810.34,17,0.0,0.235,No,South West,0
49,Female,Casual,158879.38,44900.0,6,4,1,88.36,159971.85,4,0.0,0.0471,No,South West,0
27,Female,Salaried,139854.96,94500.0,6,3,1,82.37,157535.4,49,0.0,0.1126,No,North West,0
56,Female,Trader,167446.81,230300.0,2,5,0,91.57,43922.25,8,7976.1,0.6877,No,South East,0
44,Female,Casual,206228.9,136600.0,9,4,0,92.65,167090.81,86,0.0,0.0736,No,North Central,0
43,Female,Casual,128037.55,274000.0,6,3,1,77.96,104640.41,51,0.34,0.3567,No,South East,0
54,Female,Self-employed,250087.81,87900.0,9,4,1,72.25,416664.28,122,12659.81,0.0391,No,South South,1
48,Female,Salaried,96301.72,50400.0,1,2,1,77.18,127832.5,6,1.03,0.5234,Yes,South South,0
21,Male,Unemployed,147934.53,202200.0,6,6,0,87.52,40137.45,74,0.82,0.2278,No,North Central,0
31,Female,Self-employed,42666.08,20000.0,1,4,0,100.0,34449.73,170,1491.93,0.4688,No,South West,0
26,Female,Self-employed,385642.58,302200.0,9,3,1,88.03,510153.25,82,11059.63,0.0871,No,South South,0
53,Male,Trader,160533.05,186600.0,6,1,1,70.97,215890.15,126,4796.55,0.1937,Yes,North West,1
19,Male,Salaried,278251.26,257500.0,6,2,0,98.89,222795.9,3,0.28,0.1542,No,North Central,0
27,Male,Casual,245360.94,221100.0,12,2,0,85.45,345749.11,44,0.0,0.0751,No,North West,0
46,Female,Salaried,257323.95,20000.0,3,2,1,86.85,214720.91,31,0.0,0.0259,Yes,South East,0
51,Female,Trader,179092.56,323300.0,6,2,0,94.59,18834.88,137,7568.57,0.3009,No,North Central,0
42,Female,Unemployed,231667.85,339600.0,9,0,0,90.35,321966.71,54,0.0,0.1629,No,North Central,0
59,Female,Unemployed,96362.97,120800.0,6,2,0,97.12,162906.85,56,0.0,0.2089,No,South South,0
62,Female,Unemployed,84073.45,87000.0,9,1,1,87.31,42768.37,60,0.0,0.115,No,South West,0
24,Male,Casual,168550.94,145100.0,12,1,0,80.88,193647.16,35,0.0,0.0717,No,South South,0
63,Female,Salaried,115711.75,88300.0,9,1,0,100.0,83203.01,8,1.31,0.0848,No,South East,0
47,Male,Unemployed,454641.21,236400.0,2,2,1,74.62,327356.44,11,0.12,0.26,No,South West,0
48,Female,Unemployed,229706.11,318600.0,3,3,1,94.14,359195.27,82,0.12,0.4623,No,South West,0
22,Female,Self-employed,112983.74,22600.0,12,4,2,83.11,184612.99,118,6202.61,0.02,No,South East,1
47,Male,Self-employed,150875.59,95000.0,1,4,0,86.15,34624.41,176,6149.87,0.6297,No,South West,0
52,Male,Salaried,196254.27,153100.0,6,1,0,89.93,245246.07,77,0.72,0.13,No,North East,0
45,Female,Trader,172216.93,182300.0,12,4,0,97.36,59757.37,140,10921.52,0.0882,Yes,North West,0
22,Male,Trader,214775.17,63000.0,9,2,0,100.0,198917.58,126,13471.2,0.0326,No,North East,0
43,Female,Self-employed,188214.51,179900.0,2,0,0,97.33,258120.42,13,7738.97,0.4779,No,North East,0
62,Female,Self-employed,72895.72,20000.0,9,0,0,96.73,30520.27,7,4474.21,0.0305,No,North West,0
52,Male,Self-employed,44472.4,20000.0,6,3,1,72.38,26081.32,131,2325.54,0.075,No,South West,1
24,Female,Salaried,141190.63,149700.0,12,0,0,94.24,227076.74,54,0.0,0.0884,Yes,North West,0
64,Female,Unemployed,259116.33,298900.0,6,0,0,93.49,191540.14,52,0.0,0.1923,No,North Central,0
64,Female,Self-employed,142225.95,90600.0,6,4,0,83.49,25111.6,135,5520.95,0.1062,No,South East,0
26,Female,Salaried,402109.13,776900.0,1,1,0,96.35,296425.28,18,0.0,1.9321,No,North Central,1
56,Female,Salaried,174597.01,229600.0,3,2,0,91.43,138814.71,65,0.0,0.4383,No,North Central,0
37,Female,Casual,434907.9,79700.0,6,0,0,100.0,580547.45,37,0.16,0.0305,No,South East,0
46,Male,Casual,380579.12,323800.0,9,3,0,100.0,237792.63,69,1.42,0.0945,No,North Central,0
39,Male,Salaried,356485.41,469000.0,6,3,2,65.77,92338.27,11,0.66,0.2193,Yes,North West,0
55,Female,Salaried,82324.96,70600.0,12,3,1,85.48,109814.79,38,0.2,0.0715,No,North Central,0
65,Female,Self-employed,182016.67,153200.0,1,1,0,98.31,121820.79,28,8704.84,0.8417,No,North Central,0
56,Male,Salaried,398520.77,495500.0,3,6,2,76.14,40442.48,75,2.24,0.4144,No,North Central,0
62,Female,Trader,214858.77,416300.0,6,3,3,54.09,305825.09,42,6515.58,0.3229,No,South South,1
63,Male,Salaried,258085.46,304400.0,9,4,1,75.2,424495.53,60,1.39,0.1311,No,North Central,1
22,Male,Self-employed,73027.06,112900.0,6,0,0,91.66,119658.57,128,3280.96,0.2577,No,North East,0
30,Female,Self-employed,626513.49,632100.0,6,3,1,75.51,672851.16,79,18393.22,0.1682,Yes,South West,0
52,Female,Self-employed,107615.37,176700.0,1,3,0,92.4,52216.85,89,2606.71,1.642,Yes,South East,0
46,Female,Self-employed,49233.81,72600.0,9,1,1,92.27,72906.09,53,1715.47,0.1638,No,South East,0
20,Female,Salaried,143269.16,121800.0,12,1,0,100.0,49223.1,24,0.0,0.0708,Yes,South East,0
22,Female,Salaried,36674.89,20000.0,12,4,1,80.46,47177.1,74,0.39,0.0454,No,North Central,0
42,Male,Salaried,88910.08,20000.0,9,4,0,84.73,132408.71,63,0.46,0.025,No,South West,0
47,Female,Salaried,949551.29,674800.0,9,3,1,74.29,1500713.82,55,0.57,0.079,Yes,North East,0
26,Male,Unemployed,140601.6,156900.0,9,2,0,100.0,139092.44,17,0.71,0.124,Yes,South East,0
26,Male,Salaried,71157.46,109100.0,9,1,0,100.0,115931.94,59,2.01,0.1704,No,North West,0
24,Female,Self-employed,182984.32,256400.0,1,0,0,86.02,19985.96,47,11887.16,1.4012,No,South West,0
45,Female,Salaried,100422.31,118400.0,6,1,1,66.64,11332.59,10,0.39,0.1965,Yes,North West,1
18,Female,Trader,315732.18,275400.0,12,4,0,89.86,412528.6,95,12718.43,0.0727,No,South East,0
45,Male,Unemployed,100962.86,116400.0,12,1,0,100.0,171266.37,51,0.37,0.0961,Yes,South West,0
40,Female,Casual,214633.89,433200.0,9,2,1,81.28,63052.33,23,0.0,0.2243,No,South West,1
40,Male,Trader,85401.91,108500.0,3,4,0,92.35,57038.68,107,4592.47,0.4235,Yes,North West,0
50,Male,Casual,974890.49,607200.0,12,2,0,93.12,1634904.75,54,0.0,0.0519,No,North West,0
43,Male,Self-employed,249713.0,318500.0,3,0,0,80.83,371683.15,99,12641.18,0.4252,No,North Central,0
52,Male,Casual,163756.09,300200.0,3,2,0,91.96,119206.73,77,2.19,0.6111,Yes,North Central,0
54,Male,Casual,148789.71,157700.0,6,1,0,100.0,226085.74,38,0.0,0.1766,No,South East,0
62,Male,Salaried,125601.83,216900.0,6,3,1,80.22,99760.42,10,0.02,0.2878,No,South East,0
56,Male,Self-employed,109767.35,71200.0,6,2,0,92.29,66942.21,117,6581.93,0.1081,No,North Central,0
42,Male,Salaried,107823.86,20000.0,6,1,0,96.3,109927.89,60,0.0,0.0309,No,South South,1
41,Male,Salaried,535858.75,745400.0,9,1,0,86.13,273105.46,28,0.24,0.1546,No,South East,0
29,Male,Casual,125682.36,20000.0,3,0,0,96.33,142522.0,10,0.0,0.053,No,North West,0
46,Female,Salaried,45097.85,46300.0,3,3,1,71.81,23885.95,20,0.0,0.3422,No,South East,0
24,Male,Trader,84358.69,97000.0,9,2,1,77.57,74871.89,113,4060.26,0.1278,No,North East,0
62,Female,Unemployed,328973.71,142100.0,12,3,0,91.35,436015.34,87,0.19,0.036,No,North Central,0
58,Male,Self-employed,152771.94,202400.0,12,4,0,91.36,225069.74,19,4007.09,0.1104,No,South West,1
23,Female,Self-employed,164976.63,229600.0,2,3,2,69.38,19192.72,6,8208.25,0.6959,No,South East,1
55,Male,Trader,385035.77,745100.0,6,1,0,93.48,480224.94,121,14390.97,0.3225,No,South East,0
23,Male,Casual,108613.81,69300.0,12,2,1,79.9,164656.83,23,0.0,0.0532,No,South West,0
52,Male,Salaried,271517.98,371900.0,3,3,0,94.85,343526.74,64,0.0,0.4566,Yes,North Central,0
22,Female,Salaried,116609.74,20000.0,9,3,0,87.65,50157.81,61,0.0,0.02,No,North Central,0
41,Male,Trader,261720.38,434700.0,6,4,0,78.9,335534.95,157,15433.46,0.2768,Yes,North Central,0
49,Male,Unemployed,139591.31,186500.0,9,3,1,75.99,192318.49,81,0.49,0.1484,No,South East,1
52,Male,Self-employed,153845.66,126800.0,1,3,0,89.19,53298.06,1,5341.51,0.8242,No,North West,0
38,Male,Self-employed,306753.27,433100.0,3,1,1,83.19,476790.77,170,19874.84,0.4706,Yes,South West,0
62,Male,Unemployed,292707.25,548300.0,3,1,0,90.14,146210.6,29,0.55,0.6244,Yes,North Central,0
55,Male,Salaried,161649.22,258300.0,6,1,0,80.71,260523.32,30,0.96,0.2663,Yes,North Central,0
27,Female,Salaried,132476.0,34900.0,2,3,0,93.16,115817.93,25,0.0,0.1317,No,South West,0
50,Male,Trader,508976.98,635900.0,6,6,2,80.09,134109.56,135,30795.82,0.2082,No,North Central,0
53,Female,Salaried,264019.21,441700.0,6,3,0,96.19,321384.73,58,0.0,0.2788,No,South West,0
34,Male,Salaried,139590.71,38700.0,1,3,1,68.58,137634.14,16,0.0,0.2772,No,South West,1
53,Male,Trader,117736.85,109000.0,3,1,0,89.62,154076.92,21,3908.55,0.3086,No,South East,0
61,Female,Trader,350422.73,632600.0,2,3,1,74.86,190268.3,92,22302.35,0.9026,No,South East,1
57,Female,Self-employed,194021.1,299600.0,12,2,0,92.71,27956.2,29,8746.49,0.1287,No,North Central,0
54,Female,Self-employed,161846.35,95100.0,2,1,0,89.89,54106.07,29,4185.22,0.2938,Yes,North West,0
48,Male,Self-employed,193967.52,377500.0,9,2,1,68.59,162470.53,16,11528.43,0.2162,No,North Central,0
30,Female,Trader,224196.93,125900.0,6,2,1,82.82,28137.2,89,6039.95,0.0936,No,South West,0
56,Female,Casual,173488.08,218800.0,3,4,2,83.36,197359.74,25,0.46,0.4204,No,South West,1
35,Male,Casual,393607.14,386700.0,12,3,0,89.43,347511.72,79,0.0,0.0819,No,South East,0
43,Female,Trader,408105.97,161900.0,9,6,2,53.01,161583.88,128,15453.6,0.0441,No,North East,0
33,Male,Casual,254343.1,399900.0,9,0,0,100.0,347982.77,45,0.0,0.1747,No,South South,0
33,Female,Casual,439889.78,661600.0,1,4,1,98.22,496657.03,88,0.0,1.504,No,South East,0
25,Female,Salaried,180996.87,206700.0,3,3,0,91.15,173083.37,87,0.0,0.3807,No,South South,0
64,Female,Unemployed,281933.72,541600.0,3,7,1,87.02,350400.87,62,0.0,0.6403,Yes,South South,1
25,Female,Casual,345797.54,593500.0,6,1,0,95.55,355549.25,9,0.82,0.2861,No,North Central,0
22,Female,Self-employed,349090.69,536800.0,12,3,2,82.16,22950.38,12,15409.26,0.1281,No,South East,0
62,Male,Salaried,326475.95,108300.0,6,1,0,86.18,311032.54,3,0.41,0.0553,No,North Central,0
44,Female,Trader,271301.25,110500.0,3,3,0,93.79,126181.44,111,7905.39,0.1358,No,South South,1
39,Female,Self-employed,642322.25,803700.0,1,5,3,44.83,847004.86,9,19802.97,1.2512,No,South South,1
53,Female,Trader,126742.14,228800.0,6,2,0,96.42,145560.52,120,4790.81,0.3009,No,South West,0
36,Female,Self-employed,162725.27,142700.0,1,1,0,100.0,167502.94,104,5182.5,0.8769,No,North Central,0
24,Male,Salaried,156573.42,146000.0,6,4,1,81.2,145863.06,6,0.44,0.1554,No,South South,1
53,Female,Salaried,141700.15,20000.0,12,1,0,88.05,67247.23,7,0.24,0.02,Yes,South West,0
26,Male,Casual,49415.05,53600.0,6,5,0,100.0,55845.5,75,0.0,0.1808,No,South South,0
44,Female,Salaried,439931.47,642000.0,3,1,0,89.72,598510.16,33,0.0,0.4864,No,South East,0
63,Female,Trader,92391.09,88600.0,3,2,1,82.51,64464.96,67,2343.91,0.3197,No,North West,0
62,Female,Self-employed,201006.36,248500.0,6,1,1,76.57,126461.65,127,7345.52,0.206,Yes,South East,1
35,Female,Self-employed,71432.08,232000.0,1,3,2,54.25,114142.71,105,1853.06,2.0,No,North Central,1
55,Male,Self-employed,269460.57,446300.0,12,2,0,88.68,369747.17,75,7025.69,0.138,Yes,South West,1
47,Female,Salaried,108034.37,143300.0,6,0,0,75.08,16693.23,9,0.0,0.2211,No,North East,0
41,Female,Trader,86020.15,22300.0,6,3,0,86.41,43586.5,80,3505.05,0.0432,Yes,South West,0
24,Male,Trader,204236.8,115800.0,9,2,0,100.0,297427.21,16,6785.46,0.063,Yes,South South,0
36,Male,Salaried,114146.12,52400.0,3,3,2,51.78,147764.53,52,0.0,0.153,Yes,North West,0
49,Male,Self-employed,123934.53,192800.0,1,3,0,83.01,45874.97,114,7941.28,1.5557,No,North East,0
65,Male,Trader,201264.53,140600.0,9,2,0,100.0,172499.69,71,9711.84,0.0776,No,South East,0
18,Male,Trader,302762.9,553000.0,2,2,1,75.38,108674.74,137,9136.33,0.9133,No,South South,1
52,Male,Self-employed,105741.4,27700.0,1,2,0,91.18,108226.6,19,6589.66,0.262,Yes,South West,0
58,Male,Trader,94507.74,20000.0,12,3,0,93.89,18496.66,147,3529.9,0.02,Yes,South East,0
63,Female,Salaried,182768.67,136500.0,12,0,0,82.46,88624.16,7,0.0,0.0622,No,South West,0
38,Male,Salaried,255563.53,533400.0,2,4,0,100.0,48050.06,10,0.0,1.0436,No,South East,1
23,Female,Trader,465795.98,569400.0,12,5,1,77.98,733646.14,141,25134.4,0.1019,Yes,South East,0
31,Male,Trader,89710.93,72200.0,1,1,0,89.56,31121.18,10,3720.2,0.8048,Yes,South South,0
58,Male,Casual,146390.58,141600.0,12,3,0,100.0,133341.14,62,0.0,0.0806,No,South South,0
60,Female,Salaried,386533.2,69500.0,6,4,0,84.68,134047.43,64,1.29,0.03,Yes,South West,0
48,Male,Self-employed,649023.09,623800.0,6,2,1,80.97,169492.43,21,27950.28,0.1602,No,North West,0
23,Male,Trader,94391.19,105500.0,9,2,1,72.84,5308.81,132,4945.32,0.1242,No,South East,0
23,Female,Salaried,111355.65,20000.0,1,2,0,85.21,20648.5,31,0.0,0.1796,Yes,North Central,0
40,Male,Self-employed,230597.07,131200.0,12,4,0,100.0,212958.64,149,11194.05,0.0474,No,South South,0
46,Male,Trader,123646.14,108100.0,2,2,0,94.88,113529.75,81,3589.6,0.4371,No,South West,0
19,Male,Salaried,109887.4,72800.0,12,5,0,100.0,51679.22,84,0.0,0.0552,Yes,North East,0
50,Female,Self-employed,211000.97,120300.0,1,3,2,65.21,335462.56,133,8649.82,0.5701,No,North Central,0
44,Female,Salaried,492788.37,802100.0,2,2,0,86.8,382490.41,28,1.11,0.8138,No,North West,0
18,Male,Casual,76845.23,168000.0,1,1,0,72.18,106164.25,19,0.0,2.0,No,North Central,0
22,Female,Salaried,476693.64,278400.0,6,2,1,73.86,424671.21,93,0.0,0.0973,No,South West,1
39,Female,Salaried,123885.39,21100.0,6,1,1,67.29,56010.29,48,0.84,0.0284,No,North West,0
52,Female,Salaried,225365.07,376400.0,9,6,0,94.66,70456.59,39,0.0,0.1856,No,South East,0
57,Female,Salaried,506239.47,486700.0,12,2,0,84.95,171656.3,10,1.49,0.0801,Yes,South West,0
38,Male,Salaried,222386.57,93100.0,6,0,0,97.28,258779.38,95,0.01,0.0698,Yes,North West,0
32,Male,Trader,148351.98,70300.0,6,1,1,94.35,190711.73,135,8552.75,0.079,No,South East,1
64,Male,Salaried,287082.89,364000.0,3,4,0,100.0,93531.93,22,0.3,0.4226,Yes,South West,0
40,Male,Self-employed,160838.19,100400.0,9,6,2,65.38,270260.78,96,7777.87,0.0694,Yes,South West,1
33,Female,Salaried,252607.03,307700.0,12,4,1,76.11,393706.53,52,0.0,0.1015,No,South West,1
39,Female,Self-employed,157577.0,228000.0,6,2,0,89.09,71028.87,151,4731.08,0.2412,No,South West,0
18,Female,Salaried,315042.09,255900.0,6,2,0,88.53,178952.81,76,1.21,0.1354,No,South West,0
32,Female,Trader,72726.53,20000.0,6,4,0,87.57,120232.85,2,3909.49,0.0458,No,North West,0
42,Female,Trader,93145.97,246200.0,3,4,1,92.2,157979.26,96,5420.91,0.8811,No,North West,0
62,Female,Trader,72035.09,29500.0,6,1,0,91.26,52448.92,99,2486.13,0.0683,No,South West,0
53,Female,Salaried,173517.37,253500.0,2,1,0,100.0,248547.32,81,0.63,0.7305,No,North East,0
55,Female,Casual,66603.49,51400.0,12,0,0,87.5,104517.91,90,1.27,0.0643,No,North West,1
44,Male,Trader,114808.59,96200.0,2,6,0,93.01,172462.75,13,7156.03,0.419,No,North West,0
23,Male,Salaried,87625.87,53000.0,2,0,0,85.12,101208.49,91,0.0,0.3024,Yes,South West,0
36,Male,Self-employed,470947.4,578100.0,1,1,0,97.73,348618.61,152,11135.55,1.2275,Yes,South West,0
65,Male,Trader,94539.21,127500.0,6,3,0,92.58,83446.71,65,4963.33,0.2248,No,North West,0
20,Male,Self-employed,77999.48,160700.0,9,5,1,79.48,95706.99,23,2909.39,0.2289,No,South South,0
60,Female,Self-employed,211532.13,145600.0,12,2,0,91.83,100957.53,89,11572.67,0.0574,Yes,North Central,0
50,Male,Trader,538824.87,660600.0,6,1,0,97.9,658005.18,96,13106.04,0.2043,No,South East,0
31,Female,Salaried,166919.77,155700.0,3,3,0,98.69,153168.26,28,0.0,0.3109,No,North West,0
55,Female,Unemployed,175526.37,294600.0,9,1,0,99.82,177243.35,92,0.86,0.1865,No,North Central,1
58,Female,Salaried,416526.13,196900.0,9,3,0,87.42,595344.39,88,0.17,0.0525,Yes,North Central,0
20,Female,Salaried,318558.43,136800.0,9,3,1,78.4,511610.3,72,1.78,0.0477,No,North West,0
23,Female,Salaried,237335.94,332700.0,6,1,0,90.52,131500.1,20,0.0,0.2336,No,North West,0
49,Male,Self-employed,123277.19,35700.0,6,2,1,88.82,161296.27,120,4504.02,0.0483,No,North East,0
65,Male,Casual,242094.83,271900.0,1,5,0,95.73,251527.93,53,0.0,1.1231,No,South South,0
19,Male,Casual,74324.99,20000.0,3,1,1,84.66,39364.68,62,0.0,0.0897,No,South East,1
49,Male,Casual,120009.12,20000.0,12,3,0,92.06,134123.03,47,0.0,0.02,No,North Central,0
24,Male,Self-employed,456417.32,224100.0,1,3,0,88.31,515987.9,80,28498.51,0.491,Yes,South East,0
49,Female,Self-employed,419579.11,439200.0,3,3,1,78.67,588799.14,148,24289.7,0.3489,No,North Central,1
47,Male,Self-employed,239205.23,70300.0,3,4,0,100.0,172080.28,84,10253.11,0.098,No,South East,0
22,Male,Salaried,51360.89,139700.0,2,2,0,88.61,71324.97,48,0.0,1.36,No,South South,0
50,Female,Casual,82073.31,31500.0,12,2,1,91.71,37202.69,51,2.48,0.032,No,South East,0
61,Female,Self-employed,115734.62,161300.0,2,1,0,97.99,93866.62,141,6027.46,0.6969,Yes,South South,0
59,Male,Self-employed,160991.65,202000.0,6,0,0,79.79,172530.92,9,8633.24,0.2091,No,North West,0
19,Male,Self-employed,79853.17,109300.0,12,2,0,87.59,82838.05,40,2577.55,0.1141,No,South South,0
29,Female,Casual,153369.94,20000.0,1,2,0,100.0,20012.69,34,0.24,0.1304,No,North East,0
29,Male,Salaried,567759.98,155600.0,2,4,0,93.15,358830.91,16,0.79,0.137,Yes,South West,0
39,Female,Trader,233574.29,102100.0,6,3,0,87.67,134491.24,110,7146.86,0.0729,Yes,North Central,0
24,Female,Trader,207513.04,167000.0,2,3,1,70.92,341858.05,111,5514.42,0.4024,No,North West,1
59,Female,Casual,92902.06,83300.0,3,6,1,81.4,153134.36,26,0.0,0.2989,No,North East,0
55,Female,Salaried,62029.91,101000.0,6,3,1,84.93,40216.05,93,1.06,0.2714,No,South East,1
56,Male,Salaried,81014.58,193400.0,2,1,0,91.64,109141.59,37,0.93,1.1936,No,South South,0
27,Female,Self-employed,60422.04,21700.0,9,4,1,79.97,58074.7,84,3724.88,0.0399,No,South East,1
18,Male,Casual,188996.74,132700.0,12,3,0,78.14,132864.44,78,1.47,0.0585,No,South East,0
61,Female,Unemployed,231015.0,79400.0,3,2,0,87.63,309621.35,37,0.0,0.1146,No,South South,0
31,Male,Trader,96112.4,142900.0,3,2,0,89.11,155795.64,58,5687.0,0.4956,No,South West,0
49,Male,Salaried,198165.87,191000.0,1,1,0,96.25,127493.51,77,0.0,0.9638,No,North West,0
61,Male,Salaried,467688.67,151600.0,1,1,0,96.84,153482.8,21,1.73,0.3241,No,South East,0
19,Male,Trader,642559.95,272400.0,6,4,2,86.94,1039401.89,131,30796.29,0.0707,No,South West,1
18,Male,Salaried,296997.46,106500.0,6,6,2,63.41,361884.38,82,0.0,0.0598,No,North West,1
18,Female,Self-employed,160663.24,241800.0,3,0,0,94.93,65174.65,91,3558.67,0.5017,No,North Central,0
25,Male,Casual,290825.84,245100.0,3,2,0,95.12,18633.24,69,1.39,0.2809,No,South West,0
20,Male,Self-employed,433387.97,691200.0,2,3,0,87.0,495879.37,66,9263.66,0.7974,No,North Central,0
57,Female,Self-employed,48825.79,148200.0,9,0,0,100.0,52621.71,180,2778.55,0.3373,No,South West,0
47,Female,Salaried,471680.44,329500.0,6,3,1,91.86,197772.5,28,0.0,0.1164,No,North West,0
65,Female,Salaried,126339.84,218200.0,9,5,1,84.8,140237.73,51,0.0,0.1919,No,South East,0
56,Female,Trader,127132.64,181900.0,6,0,0,90.66,38749.79,153,7027.89,0.2385,No,South South,0
64,Female,Self-employed,142915.52,170800.0,6,2,0,100.0,102413.96,69,8658.5,0.1992,Yes,South West,0
29,Female,Salaried,221630.49,211900.0,9,2,1,81.04,124952.18,33,0.0,0.1062,No,North Central,0
31,Male,Salaried,87412.79,50300.0,1,1,0,85.49,128981.71,67,0.0,0.5754,No,South West,1
58,Female,Salaried,149579.46,61500.0,9,5,0,92.64,79564.01,12,0.0,0.0457,No,South West,1
29,Male,Trader,253252.51,74500.0,6,3,1,78.14,130365.91,79,6098.75,0.049,No,North West,1
20,Female,Trader,207478.59,255000.0,6,1,1,79.71,268567.8,104,9686.63,0.2048,No,North East,0
50,Male,Self-employed,230554.27,291600.0,6,4,1,71.69,18116.38,32,7842.35,0.2108,No,South South,0
56,Female,Self-employed,145820.61,88900.0,6,1,0,89.31,180262.84,79,8647.64,0.1016,No,South South,0
64,Female,Salaried,282553.61,484400.0,9,3,0,99.67,36065.0,91,0.0,0.1905,No,South South,0
62,Female,Self-employed,357675.92,440100.0,2,0,0,91.94,50897.07,98,10371.3,0.6152,No,South South,0
23,Male,Salaried,344000.26,622200.0,6,3,0,94.6,295659.12,27,0.01,0.3015,No,South South,0
55,Female,Unemployed,237674.84,224600.0,1,2,1,87.27,387490.61,59,0.0,0.945,No,South South,0
58,Male,Salaried,331370.49,507500.0,3,3,0,91.91,105500.03,68,0.0,0.5105,No,South West,0
51,Female,Self-employed,317077.5,349900.0,3,2,0,85.58,174952.87,110,11168.74,0.3678,No,South West,0
57,Male,Salaried,1025245.11,593300.0,6,3,0,100.0,1203349.38,69,0.0,0.0964,No,South East,0
58,Female,Casual,397303.49,131600.0,6,2,0,91.34,605071.02,71,0.42,0.0552,No,South West,0
39,Male,Salaried,169910.73,148500.0,12,2,1,96.57,147317.88,49,0.0,0.0728,No,South West,0
19,Female,Unemployed,99520.67,160600.0,6,1,0,100.0,86644.07,17,0.25,0.269,No,South South,1
39,Female,Salaried,151898.98,68100.0,9,3,1,86.14,85628.57,64,0.0,0.0498,Yes,North East,0
27,Female,Casual,145081.65,107700.0,12,2,2,73.71,97592.54,9,0.44,0.0619,No,South South,0
23,Female,Trader,250982.07,304200.0,2,1,0,100.0,70959.83,136,14635.27,0.606,Yes,South West,0
23,Female,Salaried,114181.61,60500.0,9,2,0,95.74,28581.76,84,0.0,0.0589,No,South West,1
51,Male,Salaried,390673.44,192600.0,3,1,0,78.8,493452.26,1,0.0,0.1643,No,North West,0
42,Female,Self-employed,72947.57,101400.0,3,2,0,93.29,61965.07,177,4550.66,0.4633,No,South East,0
43,Female,Casual,62290.91,37400.0,12,3,0,98.0,83013.39,37,0.0,0.05,Yes,South West,0
53,Male,Casual,164865.74,192200.0,3,5,0,86.97,184648.03,85,0.81,0.3886,No,South West,0
44,Female,Salaried,104093.91,94700.0,12,1,0,100.0,5797.22,21,0.72,0.0758,Yes,South East,0
48,Female,Self-employed,79448.17,60100.0,12,1,1,78.17,70010.14,87,3181.17,0.063,No,South South,0
22,Male,Salaried,118968.81,113200.0,12,0,0,97.93,113822.18,46,0.0,0.0793,No,North East,0
58,Male,Salaried,109726.52,123400.0,6,2,1,86.82,30290.92,68,0.0,0.1874,No,South West,0
39,Male,Trader,181189.63,225900.0,6,6,2,64.41,294916.98,85,11250.14,0.2078,Yes,South West,0
25,Female,Self-employed,120259.37,175200.0,6,3,0,93.25,164392.53,101,6818.71,0.2428,No,North Central,0
57,Male,Salaried,126788.4,53100.0,6,1,0,96.81,194585.7,33,0.0,0.0698,Yes,South West,0
53,Female,Casual,179431.61,296500.0,12,4,0,92.65,185810.43,14,0.0,0.1377,No,North Central,1
20,Male,Trader,348003.96,291400.0,6,1,0,93.34,495464.96,140,18149.28,0.1396,No,North West,0
27,Male,Trader,468221.47,463200.0,6,3,0,85.97,162735.47,95,24333.0,0.1649,No,North Central,0
18,Male,Salaried,198146.32,260900.0,12,2,0,92.18,289218.86,82,0.0,0.1097,No,South East,0
30,Female,Casual,208420.96,278400.0,6,3,0,85.58,326941.64,3,1.19,0.2226,Yes,South West,0
22,Female,Self-employed,159793.97,147000.0,12,1,0,93.97,13008.26,57,5876.17,0.0767,No,South East,0
52,Male,Self-employed,246107.51,168600.0,3,2,1,82.73,272558.19,139,12249.92,0.2284,Yes,North Central,0
43,Female,Salaried,231968.0,347900.0,1,3,0,97.51,47934.02,89,0.0,1.4998,No,South West,0
65,Male,Casual,426135.7,310800.0,6,2,0,83.53,476172.75,63,1.2,0.1216,Yes,South South,0
53,Male,Self-employed,52736.03,20000.0,6,2,0,87.5,80598.07,82,1447.95,0.0632,Yes,North Central,0
47,Male,Casual,154552.42,174100.0,12,3,1,71.64,53727.52,87,0.01,0.0939,No,South South,0
42,Female,Trader,224400.02,112400.0,1,0,0,93.9,194088.54,51,6060.14,0.5009,No,South West,0
20,Female,Casual,176950.9,247500.0,1,3,0,92.28,36828.36,14,0.0,1.3987,Yes,South West,0
21,Female,Trader,97757.94,77900.0,12,1,0,100.0,109809.03,150,3716.9,0.0664,No,South East,0
47,Female,Unemployed,77352.16,82400.0,6,2,0,94.29,18988.68,77,0.11,0.1775,No,North Central,0
18,Female,Salaried,304011.77,191700.0,6,4,0,94.0,502682.18,50,0.05,0.1051,Yes,South East,0
20,Male,Salaried,110052.23,234900.0,3,0,0,86.61,63719.78,8,0.92,0.7115,No,South South,1
28,Male,Trader,57527.99,51200.0,12,3,0,91.98,20415.16,162,1747.9,0.0742,Yes,South South,0
60,Male,Self-employed,314105.59,479800.0,12,1,0,84.66,509554.0,141,11982.94,0.1273,Yes,South West,0
40,Female,Trader,242571.31,107400.0,6,1,0,97.46,269970.82,119,5499.83,0.0738,No,South West,0
52,Male,Trader,166940.7,89500.0,3,1,1,86.64,142604.68,21,7268.71,0.1787,No,North Central,0
37,Male,Self-employed,99335.03,20000.0,12,4,0,83.45,128485.49,147,2913.49,0.02,No,South West,0
26,Male,Casual,167204.88,212300.0,12,4,1,83.46,247211.9,17,0.0,0.1058,No,South West,1
35,Male,Self-employed,396663.69,178000.0,6,3,0,93.27,549392.64,89,10783.29,0.0748,Yes,South West,0
22,Male,Casual,63016.86,87600.0,9,1,0,100.0,40136.04,78,0.0,0.1545,No,North Central,0
54,Female,Salaried,65129.1,79500.0,6,2,0,87.0,45829.61,87,0.0,0.2034,No,South East,0
26,Female,Trader,119690.52,141000.0,3,4,0,88.68,110002.63,121,7795.91,0.3927,No,South West,0
36,Male,Casual,176909.53,380600.0,9,2,1,81.1,179979.64,12,0.81,0.239,No,South South,1
65,Female,Salaried,130368.77,21600.0,9,2,1,81.25,71285.44,3,0.0,0.02,No,South West,0
46,Female,Self-employed,273359.46,106600.0,6,1,0,90.95,75079.94,174,11115.5,0.065,Yes,South West,0
40,Female,Self-employed,365292.69,248100.0,12,3,1,78.88,282774.76,115,13516.76,0.0566,No,South West,0
44,Female,Self-employed,215757.82,109600.0,6,0,0,97.66,301002.29,95,7029.25,0.0847,No,South East,0
55,Male,Self-employed,259106.16,400600.0,12,3,0,100.0,131089.7,79,12848.22,0.1288,No,North Central,0
30,Male,Salaried,214824.53,255200.0,3,3,1,80.33,143571.14,29,0.26,0.396,No,North Central,0
48,Female,Casual,181115.89,360100.0,12,1,0,92.11,90940.14,59,1.92,0.1657,No,South West,0
59,Female,Salaried,77644.73,117500.0,3,0,0,98.65,82001.13,65,1.89,0.5044,No,South East,0
45,Male,Self-employed,92273.98,20000.0,2,3,0,95.45,149530.69,23,5000.0,0.1084,No,North East,0
39,Female,Trader,74803.14,158400.0,6,1,0,95.11,25977.12,38,4286.3,0.3529,Yes,North Central,0
24,Male,Salaried,163437.19,20000.0,1,0,0,100.0,218385.19,65,0.02,0.1224,No,North Central,0
29,Female,Salaried,209335.36,95300.0,2,0,0,86.53,240029.91,43,1.43,0.2276,No,South East,1
63,Male,Unemployed,70171.08,122600.0,9,2,0,92.16,117827.56,93,0.2,0.1941,No,South South,1
43,Male,Trader,188697.2,394100.0,3,2,0,87.13,40441.69,2,4741.75,0.6962,No,South South,0
32,Male,Salaried,101907.57,23200.0,12,1,1,80.5,157861.77,89,0.7,0.02,Yes,South West,1
38,Female,Casual,89835.24,58500.0,2,0,0,85.08,124188.16,8,1.13,0.3256,No,North West,0
45,Male,Self-employed,119878.62,91600.0,6,2,0,91.35,185137.04,17,7464.03,0.1274,No,South East,0
43,Male,Salaried,86890.36,20000.0,6,1,0,96.59,112004.71,7,0.0,0.0384,Yes,North Central,0
51,Male,Trader,267009.78,463700.0,6,1,0,75.58,137270.01,78,13271.68,0.2894,No,South South,0
30,Female,Self-employed,161378.73,302600.0,6,0,0,91.71,119126.93,176,4616.97,0.3125,No,South East,0
49,Female,Salaried,305773.91,503200.0,6,1,0,93.37,70118.78,37,0.94,0.2743,No,North West,0
39,Female,Casual,134920.3,22300.0,3,0,0,92.07,7211.2,39,0.52,0.0551,No,North East,0
63,Female,Self-employed,138277.28,259700.0,1,3,0,82.27,222987.05,133,4537.26,1.8781,No,South South,1
25,Female,Self-employed,608292.33,426300.0,9,2,1,92.62,860465.01,151,36813.64,0.0779,Yes,South West,0
25,Male,Salaried,62675.31,95300.0,6,4,0,100.0,11552.64,29,0.0,0.2534,No,South West,0
40,Female,Trader,414830.36,482100.0,6,4,1,84.72,331975.24,99,21029.57,0.1937,No,South West,0
42,Female,Trader,527631.16,389300.0,3,3,0,90.09,277607.2,51,33861.75,0.2459,No,North Central,0
51,Female,Casual,296112.14,199200.0,12,1,0,95.21,160073.11,3,0.0,0.0561,No,South South,0
37,Female,Salaried,145205.65,20000.0,3,1,0,88.89,221612.98,50,1.13,0.0459,No,North East,0
61,Female,Casual,455066.33,726400.0,12,1,0,86.49,767775.73,29,0.0,0.133,Yes,North West,0
40,Male,Self-employed,146029.98,256500.0,3,1,0,86.13,108997.58,152,4374.06,0.5855,No,South South,0
24,Female,Self-employed,113771.97,259800.0,12,1,1,79.09,158592.44,161,6617.13,0.1903,No,South West,0
23,Male,Salaried,139851.68,130000.0,6,4,1,88.11,45251.47,16,0.75,0.1549,No,South East,0
64,Female,Casual,124254.38,94100.0,6,0,0,100.0,164020.76,67,0.0,0.1262,No,South East,0
24,Female,Salaried,97285.68,164000.0,3,3,1,77.92,13019.7,96,1.11,0.5619,Yes,North Central,0
63,Male,Trader,370354.98,454500.0,12,3,0,89.22,227566.86,6,23611.93,0.1023,Yes,South East,0
31,Female,Self-employed,108876.63,83600.0,3,2,0,93.32,107606.8,160,5994.73,0.2559,No,North West,0
22,Female,Salaried,176564.51,411000.0,9,5,0,100.0,27165.04,15,0.65,0.2586,No,North East,0
32,Male,Unemployed,70421.96,28300.0,1,3,0,100.0,17226.82,58,0.0,0.4019,No,South West,1
47,Male,Casual,183641.19,61000.0,6,5,1,93.58,105835.1,87,0.0,0.0554,No,South East,1
38,Male,Self-employed,84911.11,20000.0,9,3,0,100.0,70790.99,116,4286.65,0.0262,No,North West,0
55,Female,Trader,83566.36,74400.0,6,2,1,92.5,33766.12,141,2496.02,0.1484,No,North West,0
47,Male,Self-employed,167656.91,322100.0,9,0,0,94.52,96250.57,32,10573.05,0.2135,Yes,South West,0
37,Male,Trader,357805.24,670000.0,9,2,0,95.97,117813.75,60,16940.16,0.2081,Yes,South South,0
48,Male,Salaried,239661.08,193600.0,6,4,0,100.0,52040.27,46,0.0,0.1346,No,North Central,0
64,Female,Self-employed,250606.78,403300.0,3,4,3,46.66,186164.8,60,9693.16,0.5364,No,South West,1
37,Female,Self-employed,165423.8,191400.0,6,5,0,100.0,68592.69,66,5000.83,0.1928,Yes,South South,0
25,Female,Self-employed,144718.53,27400.0,9,1,1,72.98,162890.37,76,6798.43,0.021,Yes,South South,0
37,Female,Self-employed,301026.49,456900.0,3,0,0,100.0,128044.06,112,11965.61,0.5059,Yes,North East,0
58,Male,Salaried,124822.37,203100.0,9,1,0,90.51,45424.91,88,0.0,0.1808,No,South South,0
28,Female,Unemployed,309617.93,171200.0,2,1,0,100.0,203357.86,33,0.56,0.2765,No,North West,0
63,Female,Salaried,401947.85,569800.0,12,0,0,93.37,88768.26,54,0.33,0.1181,No,North Central,0
46,Female,Salaried,104173.26,39600.0,6,2,0,90.27,12323.1,50,0.58,0.0634,Yes,South East,0
46,Female,Self-employed,114613.69,207900.0,6,2,0,80.05,150417.05,68,2934.66,0.3023,No,North West,0
33,Female,Trader,126248.83,154100.0,12,1,1,81.0,42291.0,115,4309.35,0.1017,Yes,North Central,1
62,Female,Salaried,69368.38,20000.0,12,5,1,67.66,73473.12,77,0.76,0.024,Yes,South East,0
19,Female,Self-employed,132667.38,144600.0,1,1,0,87.54,73331.34,98,6598.59,1.0899,Yes,South South,0
32,Male,Trader,419431.06,715900.0,3,4,0,97.56,246823.61,62,16250.8,0.5689,No,South South,0
38,Female,Salaried,91225.34,130600.0,6,3,0,83.37,28354.74,34,0.0,0.2386,Yes,North Central,0
40,Male,Unemployed,425955.26,385400.0,6,3,1,94.4,182835.03,80,0.0,0.1508,No,North Central,0
40,Female,Self-employed,135804.72,144400.0,3,1,0,100.0,135002.01,19,3538.08,0.3544,Yes,North Central,0
25,Female,Trader,711289.85,1115200.0,6,3,1,78.21,725295.35,179,40903.42,0.2613,No,North Central,0
28,Female,Salaried,115558.67,168300.0,2,1,0,100.0,60451.68,92,1.95,0.7282,No,South East,0
22,Female,Trader,163918.37,114700.0,2,2,1,71.05,65069.46,73,3560.26,0.3499,Yes,North Central,1
45,Female,Casual,99617.5,49600.0,3,1,0,96.8,61418.66,77,0.0,0.166,No,South East,0
34,Female,Salaried,115117.27,47300.0,1,0,0,96.49,22446.37,51,1.22,0.4109,Yes,South West,0
45,Male,Salaried,429565.1,200700.0,6,1,1,100.0,396675.55,31,0.0,0.0779,Yes,South South,0
46,Female,Self-employed,245036.14,153500.0,2,1,0,91.39,345116.29,127,11923.86,0.3132,No,North Central,0
51,Female,Salaried,351316.81,603000.0,1,1,0,97.24,382642.71,27,0.42,1.7164,Yes,South West,0
44,Male,Unemployed,76540.79,130800.0,12,4,1,79.0,6590.59,65,0.0,0.1424,No,North West,1
49,Female,Trader,275502.13,371600.0,6,2,0,91.4,137780.97,125,9215.13,0.2248,No,South West,0
46,Female,Trader,95728.75,27900.0,12,3,0,93.03,79253.65,106,5662.25,0.0243,Yes,South East,0
49,Female,Unemployed,75467.33,20000.0,12,1,0,92.68,117108.15,21,0.0,0.0221,No,North West,0
47,Female,Casual,210220.05,44700.0,6,0,0,89.57,69614.55,68,0.82,0.0354,Yes,North East,1
33,Female,Casual,208827.13,152900.0,12,0,0,95.88,35984.94,11,0.0,0.061,No,North West,0
29,Male,Self-employed,186350.93,20000.0,2,6,1,70.74,172145.11,32,7088.27,0.0537,Yes,North West,0
55,Male,Self-employed,286967.74,482600.0,9,6,0,91.2,279233.85,21,17504.35,0.1869,Yes,South West,0
34,Male,Self-employed,317594.36,222200.0,6,0,0,100.0,530501.15,175,10818.78,0.1166,No,South South,0
44,Female,Self-employed,467912.32,629400.0,9,2,0,93.19,441150.28,20,13215.71,0.1495,No,South West,0
27,Female,Self-employed,83032.65,108700.0,2,4,0,100.0,6462.83,35,2419.26,0.6546,No,South West,0
38,Female,Salaried,477835.92,399500.0,12,2,0,93.47,551550.02,0,0.33,0.0697,Yes,North West,0
43,Female,Self-employed,611832.97,954600.0,6,5,0,99.38,238117.49,123,21277.09,0.26,No,North East,0
48,Female,Self-employed,141869.46,179300.0,9,4,0,92.78,197631.35,117,9133.34,0.1404,No,South South,0
43,Female,Self-employed,60851.55,58900.0,12,4,2,51.11,47362.8,19,1396.42,0.0807,No,North Central,1
35,Female,Salaried,73235.67,49300.0,12,3,1,80.76,107935.64,24,0.0,0.0561,No,North Central,0
64,Female,Self-employed,133320.16,230300.0,3,2,0,86.99,45284.23,140,7658.2,0.5758,No,South South,0
42,Female,Self-employed,666572.48,883400.0,6,1,0,91.9,689546.05,101,26021.17,0.2209,Yes,North Central,0
56,Male,Trader,182009.49,129300.0,9,6,2,68.78,219981.09,10,9516.52,0.0789,No,North East,1
53,Female,Trader,120516.56,191600.0,6,2,1,89.54,14628.03,112,5708.94,0.265,Yes,South West,1
44,Male,Salaried,115289.39,180200.0,6,1,0,84.14,95996.19,48,0.0,0.2605,No,South East,0
60,Female,Salaried,76186.73,121900.0,9,1,1,78.64,89288.17,95,1.35,0.1778,No,South West,0
24,Male,Self-employed,317802.87,623600.0,12,3,1,81.97,342633.54,42,16608.94,0.1635,No,North Central,1
62,Female,Salaried,169543.95,293900.0,3,1,0,94.34,38228.78,19,0.0,0.5778,Yes,North Central,0
58,Female,Self-employed,704752.05,1093600.0,2,0,0,94.39,73997.17,100,27476.68,0.7759,No,South East,0
42,Female,Unemployed,270776.28,214600.0,9,2,1,80.39,110559.63,67,0.21,0.0881,No,South West,0
53,Female,Salaried,308714.05,150400.0,6,0,0,90.94,137727.67,70,0.67,0.0812,No,North West,0
42,Male,Self-employed,153790.1,20000.0,12,1,0,92.61,159455.25,64,5075.58,0.02,Yes,South South,0
30,Female,Trader,88569.46,86900.0,9,4,1,88.38,7908.99,56,2608.34,0.109,No,North East,0
56,Female,Self-employed,102015.95,61700.0,6,1,0,89.11,50975.98,53,5949.39,0.1008,Yes,South West,0
29,Male,Salaried,73917.26,20000.0,9,3,0,89.86,32129.3,21,0.08,0.0301,Yes,South East,0
33,Female,Salaried,325288.81,186200.0,12,1,0,93.54,465044.21,24,0.37,0.0477,No,South East,0
42,Male,Unemployed,140156.83,182000.0,6,1,0,89.86,89090.8,76,0.0,0.2164,Yes,North West,0
58,Male,Salaried,334314.51,107000.0,1,1,0,87.16,414324.34,45,0.83,0.3201,Yes,South South,0
36,Female,Trader,196625.56,217200.0,9,2,0,86.34,277521.46,96,4254.35,0.1227,No,South West,0
41,Female,Casual,148803.24,132700.0,1,1,0,93.69,181262.55,46,0.63,0.8918,No,South East,0
19,Female,Salaried,84159.6,173900.0,12,0,0,100.0,19823.8,57,0.0,0.1722,Yes,North Central,0
23,Male,Trader,218988.26,300000.0,2,4,2,61.14,277956.04,107,6398.23,0.685,No,South South,1
20,Female,Salaried,156154.42,320900.0,6,1,0,87.33,226562.78,64,0.0,0.3425,No,South West,0
21,Female,Self-employed,323557.36,519900.0,12,3,1,89.35,216391.49,139,19088.4,0.1339,No,South West,0
59,Female,Self-employed,113062.4,61900.0,1,2,0,90.49,171258.03,55,4437.05,0.5475,No,North West,1
58,Male,Unemployed,268654.7,503800.0,1,2,0,100.0,319056.99,80,0.86,1.8753,No,South West,0
57,Male,Salaried,522961.75,532000.0,2,3,1,78.21,639109.45,90,0.0,0.5086,Yes,North East,0
20,Male,Salaried,214888.27,370100.0,12,1,0,95.86,204491.33,70,1.8,0.1435,No,South West,1
21,Male,Unemployed,299884.17,122500.0,12,5,0,91.44,204726.32,45,0.0,0.034,No,South South,0
31,Male,Salaried,261043.1,76000.0,6,0,0,91.91,151335.33,53,0.0,0.0485,No,South South,0
45,Female,Casual,618140.83,248300.0,9,4,0,100.0,845352.16,74,0.0,0.0446,No,North Central,0
34,Male,Trader,229171.61,347100.0,9,1,0,92.74,328877.79,50,10980.78,0.1683,No,North Central,0
41,Female,Self-employed,283703.62,88000.0,1,3,1,84.59,169543.36,152,8011.41,0.3102,Yes,North Central,0
26,Female,Trader,175805.35,20000.0,3,4,1,78.48,191972.85,36,10866.4,0.0379,Yes,South West,0
53,Male,Trader,108810.12,119600.0,12,4,0,93.19,135255.56,169,3287.24,0.0916,No,South West,1
33,Male,Salaried,82075.75,233600.0,2,2,1,82.72,33145.55,61,0.23,1.4231,No,South South,0
21,Female,Unemployed,410123.16,534700.0,6,2,0,93.17,446992.72,63,0.0,0.2173,No,South West,0
53,Female,Unemployed,93459.04,105300.0,3,3,0,88.49,57003.01,14,1.7,0.3756,No,South South,1
61,Female,Casual,292296.52,132500.0,6,2,1,80.31,146338.86,94,0.7,0.0756,No,South East,1
18,Male,Trader,235890.49,362400.0,3,0,0,98.05,134768.12,98,12034.98,0.5121,Yes,South South,0
38,Female,Self-employed,326855.22,79300.0,3,4,0,78.53,192173.92,92,17060.97,0.0809,No,North West,0
57,Male,Self-employed,128817.16,108800.0,1,3,1,79.41,111670.18,51,3038.47,0.8446,No,South East,0
51,Female,Salaried,107660.46,176700.0,12,2,0,83.94,68373.79,2,1.42,0.1368,No,North West,0
59,Male,Self-employed,230188.5,296600.0,2,5,0,95.22,284677.57,65,11671.48,0.6443,No,South East,0
37,Female,Trader,148849.36,132300.0,6,5,0,100.0,228358.42,178,5615.69,0.1481,No,North Central,0
35,Male,Trader,80865.59,150900.0,6,3,1,71.58,107155.57,174,3307.85,0.311,Yes,North Central,0
52,Female,Self-employed,634602.27,405000.0,3,1,0,97.67,608295.68,99,16177.51,0.2127,No,South South,0
25,Female,Self-employed,107613.01,20000.0,12,1,0,100.0,126492.87,47,5134.68,0.02,No,South South,0
29,Female,Trader,94357.96,20000.0,6,2,0,89.97,144460.17,94,3363.52,0.0353,No,North East,0
46,Female,Self-employed,153787.01,57800.0,9,1,0,89.47,157917.67,75,4025.02,0.0418,Yes,South South,0
50,Female,Unemployed,406390.66,820300.0,6,4,0,96.63,56208.3,28,0.0,0.3364,Yes,North East,0
23,Male,Trader,44017.14,72300.0,12,3,1,88.02,23823.07,66,1713.87,0.1369,No,South South,0
42,Male,Salaried,385053.08,123800.0,12,4,1,98.19,229335.39,58,0.0,0.0268,No,North Central,0
35,Male,Salaried,99533.98,28100.0,3,2,0,88.82,166549.6,77,0.0,0.0941,No,North West,0
42,Male,Trader,213769.48,244500.0,9,1,0,98.53,271031.91,144,5957.64,0.1271,No,North Central,0
64,Female,Self-employed,115995.61,176100.0,12,4,1,82.61,87725.23,149,4210.38,0.1265,No,North West,0
21,Male,Casual,657012.34,1156500.0,12,4,0,86.1,414567.6,67,0.0,0.1467,Yes,South West,0
65,Male,Salaried,195187.36,48500.0,12,5,1,82.52,319484.55,47,0.79,0.0207,No,North East,0
39,Female,Salaried,113601.57,20000.0,9,3,1,75.65,149174.91,85,0.0,0.02,No,South East,0
55,Male,Self-employed,148005.21,84300.0,6,4,1,77.61,57489.71,73,8265.84,0.0949,No,South West,1
38,Female,Trader,190799.08,247900.0,3,3,1,87.13,158911.86,27,10448.46,0.4331,Yes,North East,0
32,Male,Unemployed,202036.15,127100.0,12,1,1,80.65,85394.41,33,0.51,0.0524,No,North West,0
54,Male,Casual,239403.99,264900.0,12,2,0,100.0,402996.0,8,0.0,0.0922,No,North Central,0
51,Male,Self-employed,179835.74,81400.0,1,0,0,100.0,178738.71,104,9750.99,0.4526,No,South West,0
24,Female,Casual,73537.93,78500.0,6,0,0,94.11,13554.99,57,0.0,0.1779,No,North West,0
51,Male,Salaried,144283.9,152500.0,2,1,0,90.55,81304.61,46,0.65,0.5285,Yes,North West,0
54,Female,Self-employed,267009.65,482200.0,3,5,1,77.7,247425.5,170,8734.17,0.602,No,South East,0
36,Male,Unemployed,116458.27,43700.0,6,1,0,92.39,104389.73,69,0.71,0.0625,Yes,South West,0
62,Female,Self-employed,278735.88,374600.0,3,2,0,89.86,115301.84,55,11363.38,0.448,Yes,North Central,0
48,Male,Unemployed,183749.54,93100.0,9,3,0,83.51,216958.67,36,0.0,0.0563,No,North West,0
34,Male,Salaried,156245.07,189600.0,1,2,1,75.59,67958.39,53,1.0,1.2135,Yes,South West,1
18,Female,Salaried,391173.18,447600.0,9,2,0,98.79,654000.94,3,0.9,0.1271,No,South South,0
50,Female,Self-employed,58158.46,183300.0,6,2,0,99.25,82031.41,90,2821.32,0.5253,No,North West,0
28,Male,Casual,116047.35,123000.0,12,2,0,96.28,91456.5,65,0.0,0.0883,Yes,North West,0
54,Female,Self-employed,401029.71,282000.0,1,4,0,92.31,262535.42,54,10749.07,0.7032,Yes,South West,0
43,Female,Casual,591397.75,285600.0,6,5,0,90.46,201944.14,28,0.24,0.0805,No,South East,0
40,Female,Salaried,795405.44,966700.0,9,3,1,69.53,150300.93,6,0.95,0.135,No,South South,1
25,Female,Trader,185989.08,20000.0,9,1,0,89.44,240901.44,174,4334.13,0.02,No,North West,0
52,Male,Self-employed,242400.22,71900.0,6,1,0,88.88,366882.53,141,15739.68,0.0494,No,North West,0
25,Male,Salaried,306214.22,61700.0,6,2,0,84.1,267573.54,88,0.0,0.0336,Yes,South South,1
38,Female,Trader,412301.87,247000.0,12,2,2,62.37,629671.62,110,15673.06,0.0499,No,North Central,0
58,Female,Trader,220625.48,86900.0,3,4,2,71.88,356588.95,170,11323.2,0.1313,No,South West,0
62,Female,Self-employed,328636.95,433800.0,2,2,0,94.28,336557.65,14,21335.35,0.66,No,South East,0
65,Female,Salaried,242696.05,53100.0,12,5,0,83.65,113973.95,33,1.16,0.02,Yes,North East,0
63,Male,Salaried,252750.39,428900.0,12,3,2,73.75,353379.9,18,0.0,0.1414,No,North West,0
44,Female,Unemployed,99088.84,247600.0,3,2,1,79.18,40743.21,15,0.0,0.8329,No,South West,1
27,Male,Trader,145324.32,91000.0,12,3,1,75.29,230097.99,14,8283.63,0.0522,No,North West,0
58,Male,Casual,128144.29,138900.0,3,0,0,100.0,46741.06,3,0.0,0.3613,Yes,South West,0
56,Male,Trader,83110.81,20000.0,12,1,0,93.43,52826.58,76,3550.46,0.0201,Yes,South South,0
65,Male,Casual,61523.15,34000.0,9,0,0,94.95,15342.03,40,0.0,0.0614,Yes,South West,0
49,Female,Salaried,136674.06,20000.0,6,0,0,83.07,70681.76,87,0.0,0.0244,Yes,South East,0
24,Female,Self-employed,151628.48,261000.0,12,1,0,88.52,133708.38,6,8341.88,0.1434,No,South East,0
42,Female,Trader,192718.57,83200.0,12,4,1,73.29,133106.81,80,12512.21,0.036,No,South West,0
39,Male,Salaried,258316.72,340500.0,2,1,0,99.47,280898.49,29,0.0,0.6591,No,South East,0
58,Male,Salaried,203412.58,190100.0,9,6,1,91.75,133000.7,69,0.0,0.1038,No,South West,0
36,Female,Trader,152317.11,82600.0,12,2,0,90.01,150743.16,2,4897.54,0.0452,No,South West,0
33,Female,Casual,99297.93,95400.0,6,4,2,67.35,108091.35,57,0.0,0.1601,No,South East,0
21,Female,Trader,318318.28,249500.0,3,3,2,77.75,502061.83,8,20348.64,0.2613,No,South West,0
58,Male,Salaried,168472.48,113400.0,3,4,0,91.62,253633.39,9,0.55,0.2244,No,South South,0
54,Male,Unemployed,135774.24,241600.0,12,2,2,61.24,66104.72,61,0.0,0.1483,Yes,North Central,1
19,Male,Salaried,159454.97,175400.0,6,2,0,98.98,131893.23,54,0.0,0.1833,No,South East,0
38,Male,Salaried,111795.69,107300.0,6,1,0,96.97,23929.73,37,0.46,0.16,No,South South,0
41,Female,Unemployed,127487.56,125900.0,6,0,0,96.04,53142.06,56,0.0,0.1646,Yes,South South,0
40,Male,Trader,124880.71,310000.0,2,1,0,100.0,66834.18,129,4528.73,1.2412,Yes,South West,1
62,Male,Unemployed,149334.32,193100.0,1,2,0,100.0,242617.06,7,1.05,1.2931,No,North East,1
25,Female,Casual,275668.09,351200.0,3,3,0,98.35,357593.68,48,0.0,0.4247,No,South West,0
32,Male,Trader,234529.11,351800.0,1,3,2,57.88,358698.2,52,12340.31,1.5,No,North East,1
26,Female,Self-employed,491929.87,697800.0,12,1,0,83.41,266991.52,28,10599.14,0.1182,No,North Central,0
29,Male,Self-employed,395670.09,547300.0,2,1,1,80.35,580478.27,86,18354.33,0.6916,No,North East,0
61,Male,Unemployed,642027.41,696700.0,3,4,0,94.46,849906.54,7,0.0,0.3617,Yes,North West,0
63,Male,Casual,258891.71,457400.0,6,2,0,94.98,75072.15,83,0.0,0.2945,Yes,North West,0
20,Female,Self-employed,256204.32,240400.0,12,2,0,100.0,148755.28,90,11134.08,0.0782,No,South South,0
48,Female,Self-employed,131123.1,20000.0,1,2,0,100.0,160450.56,17,5138.81,0.1525,No,South West,0
29,Male,Self-employed,307928.17,185200.0,3,2,2,57.81,181110.55,155,7203.93,0.2005,No,North Central,1
27,Male,Self-employed,117505.0,116200.0,9,0,0,88.85,54675.6,149,5384.93,0.1099,No,South West,0
32,Female,Casual,69211.07,48300.0,6,1,0,98.51,116676.71,66,0.24,0.1163,No,South East,0
27,Male,Salaried,485445.51,639400.0,6,0,0,97.24,412051.98,3,0.65,0.2195,No,South South,0
41,Female,Self-employed,79917.02,151400.0,1,2,0,92.49,49913.42,165,2011.15,1.8945,No,South East,1
65,Male,Unemployed,239417.89,394000.0,12,0,0,74.85,152936.07,58,0.0,0.1371,No,North Central,1
46,Male,Self-employed,101569.31,166100.0,6,2,1,78.24,108685.64,164,4914.72,0.2726,No,North West,0
52,Female,Self-employed,374387.29,650900.0,12,5,1,88.14,417156.34,23,24373.31,0.1449,No,South West,0
41,Female,Self-employed,409065.11,555900.0,12,1,0,84.95,604572.41,62,26404.49,0.1132,Yes,North Central,0
18,Male,Salaried,253895.41,136400.0,9,2,0,98.05,288037.6,26,0.0,0.0597,Yes,South East,0
22,Male,Salaried,404678.9,337000.0,1,3,1,79.9,646101.55,88,0.0,0.8328,Yes,South West,1
30,Male,Salaried,180860.49,109700.0,9,2,0,87.06,180450.59,1,0.0,0.0674,No,South South,0
29,Female,Salaried,769061.08,411900.0,6,2,0,100.0,664565.66,2,0.49,0.0893,No,South South,0
58,Male,Salaried,292353.67,197500.0,2,0,0,93.44,393517.45,47,0.81,0.3378,Yes,South South,0
58,Female,Self-employed,100243.11,124700.0,3,3,1,80.84,40290.38,66,2751.6,0.4147,No,North West,0
58,Female,Salaried,188331.03,20000.0,2,1,0,85.95,206581.45,77,0.0,0.0531,No,South South,0
48,Female,Unemployed,163013.09,20000.0,12,1,0,100.0,115846.23,6,0.0,0.02,No,South East,0
44,Male,Salaried,152960.73,228900.0,12,4,2,52.12,41471.18,53,0.0,0.1247,No,South South,1
49,Male,Self-employed,61302.24,20000.0,9,3,0,85.58,35228.42,1,2872.19,0.0363,No,North Central,0
37,Male,Casual,231462.72,367800.0,9,2,0,94.99,253102.24,52,0.75,0.1766,No,South South,0
50,Male,Salaried,73128.44,20000.0,6,7,1,74.27,117296.97,18,0.38,0.0456,No,North Central,0
56,Female,Self-employed,35000.0,144600.0,12,1,0,100.0,33627.77,21,1071.48,0.3443,No,North Central,1
54,Female,Casual,143933.01,149100.0,3,4,0,87.08,105269.07,89,1.24,0.3453,No,South South,0
47,Female,Self-employed,110126.09,293800.0,3,0,0,99.55,168127.04,130,7125.92,0.8893,No,South West,0
20,Female,Salaried,102817.73,146200.0,6,3,2,85.17,38936.52,30,0.0,0.237,Yes,North East,1
52,Female,Trader,35000.0,20000.0,12,4,0,99.01,6435.87,29,882.26,0.0476,Yes,South South,1
35,Male,Trader,103534.92,230400.0,12,0,0,88.71,60381.62,160,2409.54,0.1854,No,North West,0
53,Male,Self-employed,160788.47,166500.0,12,3,0,96.4,31192.73,156,9149.39,0.0863,No,North Central,0
43,Male,Salaried,119194.52,180100.0,9,3,0,100.0,88469.2,36,0.51,0.1679,No,South West,0
60,Female,Salaried,231534.81,71300.0,3,3,1,72.58,103690.89,11,0.28,0.1026,No,North West,0
34,Male,Casual,445049.84,169100.0,3,0,0,100.0,159979.81,51,0.0,0.1267,Yes,South South,0
62,Female,Self-employed,251790.07,441200.0,6,1,0,97.44,92579.92,110,5674.95,0.292,Yes,South East,0
58,Female,Salaried,350763.83,87000.0,9,4,1,97.63,161578.73,65,1.62,0.0276,No,South South,0
33,Female,Self-employed,370142.92,491300.0,6,4,2,65.97,348333.37,162,15679.3,0.2212,No,South East,0
41,Female,Unemployed,92823.27,60000.0,1,3,0,95.07,4902.61,65,0.0,0.6464,No,South East,0
43,Female,Salaried,239458.81,236600.0,6,2,0,98.79,255766.53,3,1.68,0.1647,No,South South,0
54,Male,Salaried,343713.73,284300.0,12,2,1,75.09,416428.66,82,0.35,0.0689,Yes,North West,0
51,Female,Self-employed,135582.8,148500.0,3,1,0,88.29,166696.47,22,6122.84,0.3651,No,South West,0
58,Female,Trader,107667.69,126400.0,9,2,0,94.49,95584.97,145,5289.12,0.1304,Yes,South South,0
35,Female,Self-employed,254098.26,366200.0,3,2,0,90.33,207338.6,19,5432.12,0.4804,No,North West,0
42,Male,Casual,68710.23,20000.0,6,3,1,75.14,71662.55,47,0.71,0.0485,Yes,South South,0
38,Female,Salaried,88743.83,110100.0,9,0,0,100.0,48214.45,83,0.0,0.1378,Yes,North East,0
61,Female,Self-employed,116695.18,137400.0,3,1,0,100.0,27883.9,37,4601.5,0.3925,No,North East,0
32,Male,Self-employed,241239.71,80400.0,9,1,1,65.99,214371.46,49,12538.16,0.037,No,South South,0
46,Female,Self-employed,207524.62,106100.0,9,3,1,84.06,307300.94,176,4409.17,0.0568,No,South East,0
23,Male,Self-employed,352129.12,350100.0,3,1,0,85.66,300066.25,134,19427.82,0.3314,Yes,North Central,0
58,Female,Casual,98863.62,145400.0,12,1,0,100.0,50549.99,20,0.0,0.1226,No,South South,0
36,Female,Self-employed,95478.34,20000.0,12,2,1,80.05,38063.12,134,2496.97,0.02,No,North East,0
34,Female,Trader,253027.87,109300.0,6,2,0,100.0,40267.7,7,9320.48,0.072,Yes,South West,1
45,Male,Salaried,107106.47,165600.0,1,2,0,87.97,168779.02,30,0.96,1.5461,No,South South,0
41,Female,Self-employed,121592.99,201300.0,6,4,0,87.35,71829.3,166,2906.39,0.2759,No,North East,0
58,Male,Self-employed,53842.32,148900.0,3,4,1,82.82,82484.7,144,1680.11,0.9218,No,South West,0
43,Female,Self-employed,217458.22,319600.0,3,1,0,89.82,349959.04,23,12349.76,0.4899,Yes,South West,0
42,Male,Salaried,490191.27,792000.0,9,2,0,93.35,384093.72,82,0.46,0.1795,Yes,South East,0
23,Female,Unemployed,92196.21,104600.0,12,0,0,100.0,68813.6,17,0.93,0.0945,Yes,South West,0
19,Female,Casual,349696.0,626700.0,2,2,1,88.16,199700.41,84,1.7,0.8961,No,North West,0
37,Female,Casual,173182.82,146200.0,9,1,1,80.96,190979.17,5,0.0,0.0938,No,South East,0
65,Male,Casual,57136.17,37300.0,9,0,0,94.38,23019.66,91,0.0,0.0725,No,South East,1
62,Female,Salaried,100623.36,201500.0,9,2,0,82.92,61136.85,21,0.0,0.2225,No,North Central,0
48,Male,Self-employed,96665.16,141800.0,12,1,0,80.33,51799.66,135,3591.62,0.1222,No,North East,0
48,Male,Self-employed,146527.6,76300.0,6,0,0,100.0,97845.95,15,9445.3,0.0868,Yes,North Central,0
36,Male,Casual,236427.39,235500.0,6,4,0,88.67,40866.66,11,1.92,0.166,Yes,South West,1
26,Female,Salaried,598697.64,906600.0,3,0,0,100.0,552491.22,59,0.47,0.5048,No,North Central,0
18,Male,Salaried,71002.29,93600.0,3,3,0,91.85,14278.37,71,1.3,0.4394,Yes,South East,0
34,Male,Trader,131348.16,281700.0,6,1,0,94.94,176395.44,127,5430.96,0.3574,No,North West,0
33,Male,Salaried,100541.37,20000.0,1,2,1,85.66,74744.15,86,0.69,0.1989,No,North East,1
27,Male,Trader,78946.48,219600.0,3,3,0,100.0,99827.6,55,3346.83,0.9272,No,North East,0
30,Male,Salaried,191521.07,324200.0,2,4,2,59.27,50762.28,3,0.25,0.8464,Yes,North Central,1
19,Male,Trader,180173.24,351700.0,2,5,0,94.5,181051.16,143,10501.31,0.976,No,North Central,1
47,Male,Casual,55367.09,37400.0,6,2,0,93.87,20241.94,63,1.07,0.1126,Yes,South West,0
62,Female,Trader,182136.19,124800.0,2,4,1,87.55,183315.3,33,10758.56,0.3426,Yes,North West,0
51,Male,Salaried,82224.18,20000.0,2,2,0,95.35,61448.39,80,0.15,0.1216,No,South South,0
39,Female,Salaried,181389.18,212600.0,9,2,1,73.48,202569.88,60,0.0,0.1302,Yes,South East,0
38,Male,Salaried,410809.49,343900.0,9,1,1,83.42,82040.46,55,3.87,0.093,No,North West,1
32,Male,Salaried,243216.26,271400.0,12,2,1,70.39,374058.22,90,1.15,0.093,No,North East,0
24,Female,Self-employed,202015.2,202000.0,12,1,0,94.02,170870.3,69,11884.37,0.0833,No,North West,0
46,Female,Self-employed,127645.78,217800.0,12,1,0,94.83,148117.3,119,4301.59,0.1422,Yes,South South,0
45,Female,Salaried,187996.03,167200.0,9,1,1,79.12,89017.97,75,0.0,0.0988,Yes,North Central,0
18,Female,Salaried,259581.86,226400.0,3,2,0,92.03,322717.2,96,0.0,0.2907,No,South East,0
37,Female,Unemployed,243389.97,403200.0,2,1,0,90.41,389660.01,52,0.09,0.8283,No,South South,0
31,Male,Salaried,168757.82,100400.0,12,1,0,90.54,274810.57,41,0.0,0.0496,No,South West,0
26,Male,Self-employed,207317.51,144000.0,12,1,0,99.3,283114.12,163,10535.53,0.0579,Yes,South South,1
51,Male,Self-employed,76492.42,66800.0,6,3,0,97.24,54334.31,138,3562.77,0.1455,No,South East,0
43,Female,Salaried,111680.03,235400.0,6,2,0,100.0,39406.29,3,0.0,0.3513,No,North Central,0
48,Female,Unemployed,285108.75,123100.0,1,1,0,100.0,139344.23,2,0.0,0.4318,Yes,North Central,0
52,Female,Salaried,311150.98,492600.0,2,3,1,93.43,401807.79,14,0.0,0.7916,Yes,South South,0
65,Male,Trader,191291.02,223100.0,6,2,0,83.25,98921.01,57,9168.33,0.1944,No,South East,0
56,Female,Trader,470729.95,835200.0,3,4,2,62.59,241805.05,73,11166.92,0.5914,No,South West,0
47,Female,Casual,250427.5,334000.0,6,2,0,100.0,125693.4,36,0.0,0.2223,Yes,South East,1
60,Female,Trader,154690.13,214400.0,12,0,0,91.24,89653.57,127,4187.92,0.1155,Yes,North West,0
40,Male,Trader,81460.44,160300.0,12,4,0,90.77,77309.47,141,1867.12,0.164,No,North East,0
65,Female,Self-employed,458579.41,567500.0,12,0,0,96.34,549529.48,168,19582.3,0.1031,No,South South,0
54,Male,Self-employed,296979.53,206000.0,3,6,1,82.88,205618.59,27,10301.48,0.2312,Yes,South West,1
49,Male,Trader,579322.48,667500.0,6,4,0,100.0,398042.98,152,24769.7,0.192,No,North East,0
61,Male,Self-employed,736130.71,758700.0,9,3,1,76.67,1045890.67,21,20903.91,0.1145,No,North Central,0
42,Female,Self-employed,77979.48,229700.0,6,2,1,94.06,29417.33,97,4983.18,0.4909,Yes,North Central,0
52,Female,Salaried,78111.7,49600.0,12,0,0,90.08,82621.57,71,0.0,0.0529,No,South West,0
31,Female,Salaried,35000.0,20000.0,3,1,0,89.4,33832.23,86,0.0,0.1905,No,South South,0
64,Female,Self-employed,326977.79,288200.0,1,4,0,88.15,264448.82,174,17201.87,0.8814,Yes,South West,0
47,Male,Salaried,275798.52,63900.0,6,5,1,72.51,424326.45,28,0.0,0.0386,No,South South,0
55,Female,Self-employed,191811.52,257600.0,6,1,0,99.06,13282.62,97,4445.83,0.2238,No,South South,0
40,Female,Salaried,81123.3,20000.0,6,1,0,84.59,111491.55,84,0.0,0.0411,Yes,South East,0
59,Female,Self-employed,169878.75,291900.0,3,1,0,86.97,122805.26,129,7789.47,0.5728,Yes,South East,0
21,Male,Trader,202961.32,408100.0,3,2,0,97.64,286186.75,34,8250.44,0.6702,No,South West,0
23,Female,Self-employed,299384.45,170000.0,6,5,2,58.4,238345.53,35,9041.23,0.0946,No,North Central,0
42,Male,Trader,214948.47,296400.0,9,1,0,83.69,75195.65,52,5804.83,0.1532,No,North Central,0
53,Female,Salaried,277113.64,469400.0,2,3,0,93.64,272143.37,57,0.0,0.8469,No,North Central,0
56,Male,Salaried,166047.15,233900.0,12,0,0,96.86,274962.36,24,0.38,0.1174,No,South West,0
39,Male,Trader,387966.92,285300.0,9,5,0,91.65,88498.78,157,20139.25,0.0817,Yes,North Central,0
49,Female,Casual,271396.65,22600.0,2,0,0,97.05,409785.58,78,0.0,0.0416,No,North West,0
44,Female,Trader,83216.89,76800.0,1,4,0,87.98,89694.17,28,1842.54,0.9229,No,North East,0
64,Female,Trader,444055.74,752300.0,1,2,0,100.0,624521.98,43,24017.13,1.6942,No,South South,0
49,Female,Trader,399246.23,136800.0,1,7,2,70.03,563296.37,134,20511.47,0.3426,No,North Central,0
38,Female,Trader,243597.05,142400.0,9,1,1,75.91,61526.38,153,11003.95,0.065,No,South South,1
64,Male,Trader,216031.31,349400.0,12,0,0,92.68,152468.15,38,5328.43,0.1348,No,South West,0
23,Male,Trader,529034.88,264400.0,2,2,0,80.25,526516.51,88,32434.87,0.2499,No,South East,0
65,Female,Salaried,62259.02,20000.0,3,1,1,92.22,87115.99,91,0.0,0.1071,Yes,South South,0
25,Male,Salaried,403329.07,403000.0,12,2,0,85.04,219890.6,50,0.0,0.0833,Yes,South East,0
31,Female,Self-employed,132081.94,58500.0,6,2,2,67.07,216664.88,60,4758.45,0.0738,No,South West,1
57,Male,Self-employed,366802.0,551300.0,6,4,0,91.95,44166.58,158,16637.27,0.2505,No,South West,0
53,Female,Trader,194649.63,127200.0,6,1,0,84.36,193399.4,157,11655.56,0.1089,No,South East,0
64,Male,Self-employed,80242.63,133000.0,2,1,0,88.17,89943.52,67,5006.09,0.8287,No,North Central,0
53,Male,Salaried,130349.46,123500.0,3,3,0,96.61,130326.98,66,0.0,0.3158,Yes,North West,0
48,Female,Casual,349701.79,247100.0,12,3,2,62.43,51951.95,2,0.9,0.0589,Yes,North Central,0
34,Female,Salaried,157011.92,132500.0,9,0,0,100.0,125470.81,36,0.0,0.0938,Yes,North West,0
18,Female,Casual,120180.09,149200.0,3,1,1,81.28,44178.26,8,1.08,0.4138,No,North Central,1
23,Male,Salaried,119658.88,182100.0,12,2,0,88.06,113397.78,80,0.0,0.1268,No,South South,1
32,Male,Self-employed,273258.35,68800.0,6,4,0,90.82,178633.99,150,9327.45,0.042,Yes,South West,0
19,Male,Self-employed,561644.8,632700.0,2,4,0,90.83,793634.86,88,20030.92,0.5633,No,South East,0
42,Male,Self-employed,44763.03,20000.0,12,2,0,91.17,6957.33,156,2242.9,0.0372,Yes,South West,0
55,Male,Salaried,1111428.88,445700.0,9,0,0,100.0,838409.59,96,0.0,0.0446,No,North West,0
64,Female,Salaried,205488.88,254700.0,9,3,1,78.61,301439.49,3,0.0,0.1377,No,South East,0
41,Female,Self-employed,262461.01,154200.0,1,4,0,82.39,296969.84,1,13249.51,0.5875,No,South South,0
60,Male,Self-employed,135556.25,108400.0,3,2,0,89.42,46163.63,145,3785.57,0.2666,No,South South,0
65,Female,Casual,179589.2,173600.0,12,3,0,90.76,248409.71,63,0.56,0.0806,Yes,North West,0
59,Male,Salaried,203993.94,118500.0,2,1,1,85.37,123144.42,95,0.45,0.2904,Yes,North West,0
40,Female,Self-employed,91016.83,159000.0,12,2,0,100.0,82939.64,35,2545.09,0.1456,No,North East,0
33,Female,Salaried,106619.23,20000.0,9,3,1,84.55,108521.03,63,1.98,0.0208,No,North West,0
64,Male,Unemployed,388745.84,559900.0,6,2,0,93.29,95142.43,6,0.0,0.24,No,North West,0
29,Female,Casual,65623.34,178400.0,12,1,0,88.04,74903.24,2,0.0,0.2265,No,South West,0
37,Female,Unemployed,239758.52,239300.0,12,0,0,100.0,282583.11,3,0.0,0.0832,No,North Central,0
21,Female,Casual,141474.69,94900.0,12,3,1,82.31,155156.67,60,0.33,0.0559,No,South East,1
56,Male,Self-employed,96399.13,20000.0,6,3,0,84.06,112462.14,135,3998.74,0.0346,No,North West,0
49,Male,Trader,648532.78,630100.0,6,2,1,81.79,289597.93,174,23329.96,0.1619,No,South South,0
22,Female,Self-employed,96788.69,143000.0,3,1,0,85.35,41620.76,170,2585.96,0.4925,No,North Central,0
28,Female,Casual,86348.42,173300.0,2,2,0,98.62,39755.02,16,0.0,1.0035,No,South West,0
44,Female,Self-employed,159401.25,96800.0,12,2,1,77.28,77332.11,26,9032.92,0.0506,No,North Central,1
43,Male,Self-employed,109223.23,342500.0,12,1,0,91.86,70774.62,101,6747.1,0.2613,No,North West,0
56,Female,Casual,180748.09,283300.0,1,1,0,74.78,83625.62,53,0.23,1.5674,No,North Central,0
30,Male,Casual,199131.7,175600.0,9,2,0,100.0,327737.26,35,0.0,0.098,No,South East,0
62,Male,Unemployed,209659.46,231000.0,12,5,1,72.25,39408.1,31,0.0,0.0918,Yes,South West,1
39,Female,Salaried,166073.06,74600.0,6,4,1,77.16,240822.4,60,0.56,0.0749,Yes,North East,0
57,Male,Salaried,114040.28,128000.0,1,4,0,95.34,72835.58,71,0.13,1.1224,Yes,South South,1
29,Male,Self-employed,273463.68,349500.0,1,4,1,77.55,287805.69,161,11448.84,1.278,No,South West,1
19,Female,Self-employed,167395.04,156500.0,6,1,1,100.0,95885.43,92,8417.93,0.1558,No,North East,0
20,Female,Self-employed,130425.95,275000.0,12,0,0,81.93,200643.41,128,7654.69,0.1757,No,North Central,0
35,Male,Self-employed,471044.59,268400.0,3,2,1,74.58,75034.56,124,27544.27,0.1899,Yes,South South,0
63,Male,Casual,166351.68,355400.0,6,1,0,99.5,80862.22,21,0.0,0.3561,Yes,South West,0
20,Male,Salaried,366042.02,514100.0,12,1,0,90.9,598716.75,66,0.0,0.117,No,North West,1
35,Male,Trader,399575.14,93800.0,12,4,0,93.98,255914.09,29,17108.87,0.02,Yes,North East,0
23,Female,Casual,415691.83,96100.0,12,1,0,100.0,193286.17,35,0.41,0.02,No,North West,0
62,Male,Trader,282085.28,319000.0,12,2,0,94.46,152239.18,170,9576.4,0.0942,No,South West,0
50,Male,Self-employed,179925.9,272400.0,6,1,0,100.0,43116.53,146,8088.5,0.2523,No,North West,0
54,Female,Salaried,172660.93,194800.0,12,2,1,82.21,105398.82,19,0.19,0.094,No,North West,0
52,Female,Salaried,153588.78,125900.0,9,1,0,99.16,88370.65,71,0.0,0.0911,No,South West,0
49,Female,Trader,44012.54,20000.0,6,3,0,92.61,22458.94,66,2112.57,0.0757,No,North East,0
55,Male,Self-employed,287200.7,612500.0,1,2,0,82.6,52935.37,125,15472.19,2.0,No,South West,0
18,Female,Salaried,211000.28,364700.0,6,2,0,100.0,217523.37,63,0.0,0.2881,No,South West,0
59,Male,Unemployed,307829.98,461100.0,1,1,0,97.9,364177.51,1,1.69,1.4979,No,North East,0
53,Female,Trader,166818.41,339600.0,12,3,0,97.75,201729.25,147,4789.84,0.1696,No,North Central,0
53,Female,Casual,277298.13,239900.0,1,2,1,83.54,87735.06,62,0.67,0.8651,No,North West,1
36,Male,Self-employed,73521.45,52200.0,3,0,0,89.46,82191.46,139,4290.96,0.2367,No,South East,0
56,Female,Unemployed,84178.05,58300.0,12,4,1,87.65,127713.0,76,0.0,0.0577,No,South East,1
36,Male,Salaried,35996.41,126000.0,12,3,3,43.08,59888.92,3,0.0,0.2917,Yes,North East,1
20,Female,Salaried,164947.93,179400.0,9,1,0,81.2,251579.6,60,0.0,0.1208,Yes,North Central,0
61,Male,Casual,108941.96,138400.0,9,2,0,93.63,30087.03,62,0.81,0.1412,Yes,North West,0
29,Female,Casual,100058.86,77200.0,1,2,0,91.87,162471.56,17,0.69,0.7715,No,North East,0
22,Male,Self-employed,223739.16,43400.0,3,4,2,52.34,130819.66,167,12130.51,0.0647,No,South East,1
47,Male,Salaried,136507.17,67300.0,12,2,0,88.76,13531.23,48,0.0,0.0411,No,North East,0
29,Female,Self-employed,70912.57,70200.0,12,3,0,100.0,46165.46,149,3128.64,0.0825,No,North West,0
59,Female,Trader,941105.5,200200.0,6,3,0,77.48,524195.8,81,25622.93,0.0355,Yes,South West,0
39,Female,Casual,175721.43,255600.0,3,1,0,85.92,204798.58,59,1.55,0.4849,No,South East,0
18,Male,Self-employed,89023.54,60900.0,3,2,0,76.97,148970.82,125,3768.88,0.228,Yes,South East,0
63,Male,Salaried,116461.86,212300.0,6,3,0,82.92,145523.21,0,0.0,0.3038,No,South West,0
42,Female,Trader,160840.62,202800.0,3,3,1,64.63,187934.65,56,8907.05,0.4203,Yes,South East,1
30,Female,Trader,160620.91,173700.0,1,2,0,85.71,52931.33,134,8920.04,1.0814,Yes,North West,0
50,Male,Self-employed,419625.91,348500.0,6,2,0,100.0,519220.56,38,12669.46,0.1384,No,South East,0
43,Male,Trader,170942.52,127400.0,6,1,0,100.0,85261.58,176,4788.06,0.1242,No,North East,0
19,Male,Unemployed,601148.6,375100.0,9,0,0,92.19,306651.48,38,1.05,0.0693,No,South East,1
54,Female,Salaried,135894.92,227200.0,6,1,0,100.0,103908.0,82,0.75,0.2786,No,South West,0
37,Male,Self-employed,237493.51,41300.0,3,2,0,90.67,361901.95,21,11907.29,0.058,No,North Central,0
51,Male,Trader,349758.87,497600.0,3,5,3,34.41,142740.63,64,19052.45,0.4742,Yes,South West,1
60,Female,Self-employed,391429.67,271600.0,9,5,0,90.97,595854.76,102,17329.53,0.0771,No,South East,0
47,Female,Casual,422282.19,222800.0,3,2,0,82.92,366943.74,8,0.02,0.1759,No,North West,0
50,Female,Trader,150829.37,43100.0,12,3,0,80.8,24691.85,44,5430.52,0.0238,Yes,North West,0
30,Male,Self-employed,179358.9,71500.0,3,1,0,98.62,208305.08,83,11184.39,0.1329,No,South West,0
29,Female,Salaried,35921.36,20000.0,12,2,0,96.32,41581.43,52,0.0,0.0464,No,North West,0
37,Male,Trader,158467.63,209200.0,3,2,1,74.2,260451.95,142,10017.02,0.44,No,North Central,0
58,Male,Salaried,365867.8,342700.0,9,3,1,79.62,211345.68,7,0.0,0.1041,No,South West,0
43,Male,Salaried,322434.68,260000.0,9,2,0,97.55,68612.23,65,0.0,0.0896,Yes,South South,0
34,Male,Self-employed,170160.18,143900.0,2,4,1,71.99,133120.74,107,8563.43,0.4228,Yes,South West,0
55,Female,Self-employed,543156.5,1014300.0,6,3,0,87.33,279496.82,126,18174.88,0.3112,No,South West,0
58,Male,Unemployed,140239.74,188900.0,2,3,0,99.54,133615.9,74,0.0,0.6735,No,South West,0
61,Female,Trader,113008.83,203700.0,6,0,0,97.13,111655.78,61,4221.82,0.3004,No,South South,1
32,Male,Casual,132774.44,95200.0,12,2,0,100.0,81729.1,14,0.03,0.0598,No,South East,0
52,Male,Self-employed,86778.13,171400.0,6,2,0,97.05,140826.04,124,2174.6,0.3292,No,North East,0
46,Male,Self-employed,269754.86,210100.0,9,2,0,81.59,90793.59,104,12294.27,0.0865,No,North East,0
39,Male,Unemployed,217124.31,370100.0,3,1,0,83.27,88622.59,23,0.0,0.5682,No,South East,1
37,Female,Self-employed,267586.66,488700.0,6,2,1,81.54,183434.85,105,14160.61,0.3044,No,North East,1
23,Male,Casual,137498.86,54900.0,9,3,2,75.24,129231.83,6,0.0,0.0444,No,South South,1
31,Male,Self-employed,173332.1,197400.0,2,3,0,96.25,161954.59,30,4751.91,0.5694,No,North West,0
44,Male,Salaried,43684.12,33400.0,2,4,1,72.7,53054.5,24,0.0,0.3823,Yes,South East,0
60,Female,Trader,229867.59,237800.0,3,0,0,82.22,44398.9,4,14031.17,0.3448,Yes,South South,0
59,Female,Salaried,191944.03,172100.0,3,2,1,89.97,308542.21,5,0.13,0.2989,No,South South,0
27,Male,Salaried,88024.38,50200.0,12,2,0,100.0,12404.37,18,0.0,0.0475,No,South South,0
50,Female,Salaried,168162.28,20000.0,2,0,0,84.15,185196.71,43,1.63,0.0595,Yes,South West,0
22,Male,Salaried,152224.26,147600.0,2,7,1,90.21,139596.29,4,0.0,0.4848,No,South East,1
50,Male,Self-employed,566660.07,509300.0,2,2,0,95.79,260235.02,52,21241.09,0.4494,Yes,North West,0
34,Male,Casual,90307.84,105900.0,3,1,0,98.79,60784.58,51,0.0,0.3909,No,South East,0
39,Female,Self-employed,223270.46,130800.0,6,0,0,100.0,191963.09,80,7316.74,0.0976,No,South East,0
52,Male,Casual,88584.55,169300.0,3,2,0,100.0,12356.61,14,0.28,0.6371,No,South West,0
38,Female,Self-employed,125253.43,134700.0,1,1,0,97.54,80863.55,63,3300.41,1.0754,Yes,North Central,0
56,Female,Salaried,215484.54,359200.0,2,3,0,92.29,158847.76,4,0.86,0.8335,Yes,North East,0
43,Male,Salaried,156894.08,54000.0,12,2,2,68.33,135237.4,14,0.0,0.0287,No,North East,1
65,Female,Unemployed,179300.43,169500.0,6,2,0,92.47,151740.28,65,2.6,0.1576,Yes,South West,1
48,Female,Trader,223458.61,189300.0,9,0,0,100.0,370349.58,173,9152.78,0.0941,Yes,South East,0
32,Female,Unemployed,130589.48,271600.0,2,2,1,77.4,196700.81,10,0.2,1.0399,No,South West,1
55,Female,Self-employed,319786.02,92800.0,3,2,0,99.46,386097.04,25,12282.8,0.0967,No,South East,0
37,Male,Trader,147583.63,20000.0,12,3,0,96.91,245211.28,127,5694.68,0.02,No,South West,0
43,Female,Trader,168940.37,295900.0,1,2,0,87.07,100062.53,40,6252.86,1.7515,No,South West,0
24,Female,Unemployed,227649.96,340700.0,6,2,1,87.08,125240.69,78,0.0,0.2494,No,South West,0
23,Male,Salaried,208618.45,309200.0,3,4,0,89.36,170278.76,15,0.0,0.494,No,North West,0
45,Female,Unemployed,273610.35,386500.0,1,2,0,87.37,321196.29,84,0.0,1.4126,No,South East,0
26,Male,Self-employed,221181.52,123300.0,6,1,0,98.16,268786.03,16,10795.82,0.0929,Yes,South South,1
65,Male,Casual,244160.74,360900.0,6,1,1,76.87,275060.64,64,0.0,0.2464,No,South East,1
59,Male,Self-employed,145687.62,64900.0,3,3,0,100.0,53552.9,26,4834.54,0.1485,No,North Central,0
51,Male,Self-employed,89860.25,211400.0,6,0,0,97.99,36807.08,18,4530.41,0.3921,No,South South,0
53,Female,Self-employed,71164.32,131700.0,6,2,0,100.0,40315.58,168,3712.14,0.3084,Yes,North East,0
46,Male,Casual,60763.86,137700.0,6,2,1,82.29,46603.82,66,0.0,0.3777,Yes,South South,0
20,Female,Salaried,566076.49,647300.0,12,4,1,72.9,368134.75,28,0.0,0.0953,Yes,South East,1
36,Female,Self-employed,42719.44,20000.0,9,1,0,100.0,49144.05,46,1300.3,0.052,Yes,South South,0
41,Male,Self-employed,391066.31,329700.0,3,3,0,100.0,450416.65,35,18373.62,0.281,No,North West,0
61,Female,Trader,105571.87,47600.0,3,2,0,100.0,60791.46,51,5202.36,0.1503,No,South South,0
28,Male,Self-employed,389219.51,55900.0,9,2,0,99.13,498044.23,45,14365.44,0.02,No,North Central,0
41,Male,Trader,43004.55,30400.0,3,0,0,83.65,28235.49,83,1374.87,0.2356,Yes,South West,0
34,Male,Self-employed,154492.54,276800.0,12,3,0,99.99,16541.52,110,4394.19,0.1493,No,South East,0
24,Female,Trader,463160.07,382500.0,12,2,0,85.26,522397.56,171,15975.37,0.0688,No,North West,0
22,Female,Trader,286157.7,445100.0,3,1,0,89.65,386644.99,127,11792.9,0.5185,No,North East,0
35,Male,Trader,144565.73,173800.0,12,2,1,77.4,168955.17,14,6892.91,0.1002,Yes,South South,0
21,Female,Casual,50908.08,77400.0,3,1,0,83.02,18354.23,76,1.52,0.5068,Yes,North West,0
21,Male,Self-employed,76198.31,115900.0,1,3,0,95.24,57945.88,62,3750.29,1.521,No,South West,0
34,Male,Salaried,444034.59,731400.0,12,0,0,93.78,608309.1,92,0.0,0.1373,No,South South,1
27,Male,Trader,143538.04,63900.0,9,4,2,86.53,24560.01,40,5231.75,0.0495,Yes,North West,0
44,Male,Salaried,171789.72,353000.0,6,4,1,84.76,276159.91,64,0.0,0.3425,No,South West,0
18,Female,Salaried,216427.29,107400.0,12,1,0,95.24,25114.14,14,0.0,0.0414,Yes,North West,0
32,Female,Casual,77177.78,58500.0,1,1,0,99.52,27675.72,71,0.0,0.758,No,North West,0
39,Male,Self-employed,234556.26,320300.0,9,4,1,80.3,249032.11,169,7153.6,0.1517,No,North Central,0
64,Female,Self-employed,137030.95,20000.0,12,2,0,93.23,113895.92,127,7807.61,0.02,No,South West,0
48,Female,Unemployed,217862.4,249900.0,12,4,1,82.68,226741.82,77,0.82,0.0956,Yes,South South,0
60,Female,Salaried,123621.41,286100.0,6,0,0,92.94,98595.33,1,0.0,0.3857,No,South South,0
34,Female,Salaried,64743.38,114500.0,6,3,0,95.48,92261.06,27,1.59,0.2948,No,North Central,0
39,Female,Salaried,136341.76,63300.0,12,0,0,98.64,223937.44,8,0.0,0.0387,No,South East,0
38,Female,Salaried,272997.41,96300.0,3,1,1,70.86,360825.68,65,1.17,0.1176,No,North Central,0
60,Male,Trader,232547.83,402000.0,12,3,0,91.14,239907.61,160,5510.32,0.1441,Yes,South South,0
64,Female,Trader,183655.54,320800.0,3,2,0,99.43,124181.38,65,10130.21,0.5822,No,South West,0
64,Male,Self-employed,322706.28,97400.0,2,2,0,90.12,352925.94,7,19280.68,0.1509,No,South West,0
54,Female,Salaried,157688.37,151900.0,3,2,0,90.27,214434.36,92,0.84,0.3211,No,North East,0
42,Male,Self-employed,186706.24,270800.0,6,1,0,100.0,251959.27,113,5485.19,0.2417,Yes,South West,0
43,Female,Salaried,131776.64,62800.0,2,6,1,71.31,8367.33,14,0.0,0.2383,No,South South,1
65,Male,Trader,335210.45,323700.0,6,6,1,81.25,403721.18,145,9034.38,0.1609,Yes,South South,1
31,Female,Trader,217554.72,68800.0,12,4,1,83.18,83606.42,146,5471.84,0.0264,No,South East,0
34,Female,Salaried,125327.97,68400.0,1,3,0,100.0,116510.15,80,1.74,0.5458,No,South South,0
61,Female,Casual,68380.49,20000.0,9,0,0,93.54,87527.19,29,0.0,0.0325,No,South West,0
36,Male,Trader,369142.11,548700.0,6,1,0,88.47,601830.44,38,22385.89,0.2477,No,South East,0
29,Male,Self-employed,110976.07,196200.0,9,1,0,89.43,12145.18,80,2498.3,0.1964,No,South South,0
44,Female,Trader,188632.12,20000.0,6,0,0,100.0,111426.62,63,6347.3,0.02,No,South East,0
33,Female,Trader,830598.6,1360500.0,12,1,0,90.26,125881.11,38,25129.45,0.1365,No,North West,0
60,Male,Salaried,303062.2,305800.0,6,4,1,74.03,400674.56,50,1.4,0.1682,No,North West,0
61,Male,Salaried,512963.19,609400.0,6,2,0,90.77,171372.42,37,0.48,0.198,Yes,South West,0
32,Female,Trader,126871.62,198700.0,2,5,1,75.55,32365.99,150,4087.11,0.7831,Yes,South West,0
43,Male,Unemployed,361077.1,484300.0,6,1,1,81.52,75550.55,1,0.09,0.2235,Yes,North West,0
65,Female,Self-employed,183147.47,337200.0,2,2,0,97.95,223785.57,112,9230.32,0.9206,No,North Central,0
53,Male,Self-employed,228347.33,112700.0,6,2,0,94.71,45378.81,114,7821.84,0.0823,No,South West,1
28,Female,Trader,669481.79,1024800.0,6,2,0,89.87,528652.15,28,23679.01,0.2551,No,North West,0
46,Female,Self-employed,150180.37,144700.0,12,1,0,99.06,47207.48,21,5629.8,0.0803,Yes,South South,0
47,Female,Salaried,182266.93,93300.0,6,2,0,95.97,198959.2,77,0.0,0.0853,Yes,South West,0
49,Male,Self-employed,100069.74,59500.0,9,1,1,92.18,28820.56,129,2948.29,0.0661,No,North Central,0
19,Female,Casual,320685.67,408700.0,1,3,0,96.21,139338.31,10,0.0,1.2745,No,South East,0
32,Male,Casual,125029.46,161400.0,9,0,0,93.1,183068.54,30,0.0,0.1434,No,North Central,0
59,Male,Unemployed,349924.92,25400.0,12,2,1,78.15,27157.52,26,0.65,0.02,No,North Central,0
29,Male,Salaried,61590.85,96200.0,6,3,1,82.07,6607.83,11,0.0,0.2603,No,South West,1
32,Female,Self-employed,257127.38,305300.0,1,1,0,96.57,324258.57,142,14648.17,1.1873,No,South West,0
33,Female,Trader,118457.73,160200.0,6,2,0,93.99,47322.32,141,4635.06,0.2254,Yes,North Central,0
26,Female,Salaried,289395.23,410700.0,2,3,0,90.91,125224.42,24,0.0,0.7096,No,North East,0
25,Male,Salaried,178420.55,82200.0,6,2,1,81.44,11205.76,57,0.0,0.0768,No,South East,0
34,Male,Casual,127101.57,223200.0,1,1,0,97.03,113479.16,51,0.0,1.7561,No,South South,0
59,Female,Trader,140007.1,20000.0,6,0,0,94.13,98504.65,12,7072.57,0.0238,Yes,North West,0
18,Male,Trader,103565.52,40300.0,12,1,0,98.68,147585.96,13,5270.49,0.0324,No,South West,0
31,Female,Salaried,310293.58,285000.0,2,4,0,93.47,68616.85,54,0.0,0.4592,Yes,South West,0
20,Female,Self-employed,91043.97,132700.0,6,1,0,94.09,154509.81,170,5250.36,0.2429,Yes,South South,0
44,Female,Salaried,151313.79,89700.0,3,4,0,98.42,21400.54,43,0.35,0.1976,No,North West,0
30,Male,Salaried,225284.17,511600.0,3,4,0,99.61,93204.87,69,0.0,0.757,No,North East,1
56,Female,Self-employed,513745.65,746800.0,9,2,1,86.55,144297.52,102,19476.0,0.1615,No,North Central,0
46,Female,Self-employed,178915.34,210000.0,9,4,0,88.65,238221.23,120,9007.3,0.1304,No,South West,0
55,Male,Unemployed,153749.55,63200.0,12,2,0,96.63,79661.19,40,0.21,0.0343,No,North Central,0
48,Male,Self-employed,215039.02,148700.0,3,3,1,83.76,19009.76,112,9993.21,0.2305,Yes,South West,0
39,Female,Salaried,46768.28,171000.0,1,1,0,96.74,43280.82,48,0.0,2.0,Yes,South West,1
59,Female,Salaried,82585.75,88200.0,6,5,1,90.31,36652.97,77,1.32,0.178,No,North West,1
40,Female,Trader,141029.43,37200.0,6,3,0,92.53,151211.36,13,7240.03,0.044,No,North Central,0
63,Female,Salaried,113241.98,37500.0,9,2,0,94.15,89132.21,70,0.71,0.0368,Yes,North West,0
65,Female,Salaried,63587.39,117700.0,9,2,0,90.06,12172.98,20,0.35,0.2057,No,North West,0
46,Male,Self-employed,314351.87,215200.0,12,0,0,92.66,482627.69,114,13219.42,0.057,No,North West,1
50,Female,Salaried,213107.92,392200.0,1,3,1,75.65,90373.64,45,0.73,1.8404,Yes,North Central,1
30,Male,Trader,197182.41,130300.0,12,2,2,52.84,12434.34,75,4435.0,0.0551,Yes,South South,1
57,Female,Self-employed,114647.55,50000.0,12,0,0,80.31,115911.32,137,2929.7,0.0363,No,South South,0
50,Female,Salaried,189532.83,108900.0,1,2,0,89.13,268287.61,53,0.0,0.5746,No,South West,0
61,Female,Casual,251476.36,382700.0,3,2,1,74.97,217035.7,75,0.0,0.5073,No,South South,0
30,Female,Self-employed,151528.6,280500.0,9,0,0,93.59,219962.68,38,3723.18,0.2057,Yes,South West,0
55,Female,Trader,240309.77,231000.0,6,3,1,76.3,41216.4,51,11677.8,0.1602,No,South South,0
40,Female,Salaried,107288.08,147900.0,1,2,0,100.0,55862.27,25,0.65,1.3785,No,North East,1
26,Male,Trader,191774.9,20000.0,6,4,0,95.59,212660.63,34,9337.71,0.02,Yes,North West,0
26,Male,Self-employed,378259.6,663800.0,6,1,0,99.19,501456.56,168,16580.37,0.2925,No,South South,0
44,Female,Self-employed,400923.11,127200.0,12,1,1,86.0,71902.23,172,13523.65,0.0264,No,South South,0
33,Male,Self-employed,426618.25,669100.0,12,6,1,90.79,452066.43,95,17784.64,0.1307,No,North Central,0
22,Male,Unemployed,216713.53,208700.0,12,4,1,87.25,286033.32,2,0.61,0.0803,No,South West,1
38,Male,Salaried,183737.1,270300.0,6,2,0,87.81,47560.07,17,0.98,0.2452,No,North East,0
49,Female,Casual,134456.95,20000.0,12,1,0,100.0,39461.89,5,0.0,0.02,No,North East,0
33,Female,Casual,55594.92,20000.0,2,1,0,96.24,49336.59,25,0.73,0.1799,Yes,North Central,0
63,Female,Self-employed,75096.36,184500.0,6,1,0,100.0,57356.99,65,3893.51,0.4095,Yes,South West,0
55,Female,Self-employed,161373.43,139200.0,12,3,0,94.18,121314.34,69,9785.11,0.0719,No,North West,0
42,Female,Self-employed,167765.87,268200.0,12,5,1,91.03,248530.48,103,8912.06,0.1332,Yes,South West,0
62,Male,Unemployed,450745.02,540600.0,9,1,0,94.7,71293.83,59,0.0,0.1333,No,South East,1
38,Male,Trader,423086.35,108300.0,2,2,0,94.98,534762.55,2,14547.75,0.128,No,South South,0
24,Female,Self-employed,115208.19,213300.0,3,1,0,98.66,161256.61,50,4814.85,0.6171,No,South East,0
19,Female,Salaried,306392.99,202600.0,9,6,0,91.8,209672.31,22,0.0,0.0735,No,South West,1
63,Female,Casual,132007.94,125700.0,3,3,1,84.44,157485.93,69,0.57,0.3174,Yes,North West,1
64,Female,Salaried,280523.49,167600.0,3,2,0,83.37,285679.48,79,0.52,0.1992,No,North Central,0
53,Male,Salaried,303951.57,20000.0,12,4,0,97.38,148047.95,28,0.0,0.02,No,South East,0
22,Female,Salaried,403556.77,138400.0,1,1,0,85.1,361041.73,17,0.26,0.343,Yes,North Central,0
32,Male,Self-employed,130678.31,151300.0,6,1,0,97.88,19005.23,53,8400.0,0.193,Yes,South West,0
19,Male,Casual,348018.02,415800.0,3,2,0,72.16,482328.87,63,0.59,0.3983,Yes,South South,0
20,Male,Casual,53283.55,27000.0,1,0,0,81.3,7580.47,69,0.0,0.5067,Yes,South West,0
29,Male,Salaried,418006.53,554900.0,3,5,2,69.24,221809.44,16,1.32,0.4425,No,North Central,1
45,Male,Self-employed,177096.71,177000.0,3,4,0,94.49,128516.16,171,5179.69,0.3332,Yes,South South,0
21,Female,Casual,179564.35,68900.0,6,2,1,77.21,156973.63,60,0.82,0.064,No,South East,1
65,Female,Self-employed,47876.42,20000.0,6,2,1,83.61,44498.07,129,2390.74,0.0696,No,North West,0
39,Male,Salaried,139815.55,38100.0,6,0,0,100.0,146208.31,26,1.43,0.0454,No,North East,0
30,Female,Self-employed,434422.89,485600.0,12,3,1,95.01,678818.24,153,18285.97,0.0932,No,South West,0
42,Male,Trader,136401.21,84900.0,6,3,1,79.11,114299.6,156,5033.02,0.1037,No,South East,0
55,Female,Unemployed,286204.8,403600.0,9,3,0,100.0,322394.68,38,0.0,0.1567,No,South West,0
33,Female,Trader,184088.7,268500.0,9,3,0,88.2,36298.33,180,9686.6,0.1621,Yes,North Central,0
20,Female,Salaried,359132.64,208800.0,6,0,0,90.17,516648.42,28,0.98,0.0969,No,South South,0
20,Male,Trader,203859.8,358200.0,3,2,0,88.25,123855.41,176,7533.09,0.5857,No,South South,0
58,Female,Salaried,98226.83,55200.0,12,2,0,93.23,100690.05,21,0.92,0.0468,No,South East,1
23,Female,Casual,186727.4,177100.0,6,4,0,95.56,311524.0,8,0.0,0.1581,No,South West,0
48,Female,Self-employed,509662.04,777100.0,6,4,2,73.64,662531.07,139,20332.1,0.2541,Yes,South West,0
36,Male,Salaried,248744.47,401300.0,6,1,0,96.42,178753.52,59,0.0,0.2689,No,South East,0
55,Male,Self-employed,166878.62,226000.0,12,4,2,80.46,132638.94,138,8856.33,0.1129,No,South East,0
20,Female,Salaried,779919.21,824000.0,6,1,0,100.0,226487.98,54,0.34,0.1761,No,South South,0
61,Male,Salaried,382392.3,472800.0,6,3,1,77.6,417468.16,74,0.0,0.2061,No,North East,0
51,Female,Self-employed,306076.14,31000.0,6,1,0,93.27,294513.39,141,8860.53,0.02,No,South South,0
39,Male,Trader,221235.88,304000.0,9,4,1,74.05,227465.0,114,5534.36,0.1527,No,South West,1
27,Female,Casual,289349.37,372100.0,3,2,0,90.2,142216.4,82,0.0,0.4287,No,South East,0
64,Female,Self-employed,295518.87,108400.0,12,0,0,88.34,361167.32,94,13137.78,0.0306,No,North Central,0
32,Male,Salaried,43559.46,20000.0,12,4,0,88.64,23633.65,19,1.96,0.0383,No,South South,0
41,Male,Self-employed,232680.3,33700.0,2,0,0,91.03,183290.21,33,13059.41,0.0724,No,South West,0
36,Female,Self-employed,162135.6,63300.0,3,2,1,84.5,48041.99,65,7503.35,0.1301,Yes,North West,1
29,Male,Salaried,130073.84,20000.0,12,3,0,96.03,159976.31,46,0.02,0.02,Yes,North Central,0
37,Male,Casual,158526.63,83400.0,3,0,0,100.0,53902.86,34,0.0,0.1754,No,South South,1
25,Female,Unemployed,65474.14,57400.0,3,3,0,96.69,66719.88,47,0.88,0.2922,Yes,North Central,0
18,Male,Salaried,55698.89,20000.0,3,0,0,89.86,78642.94,22,0.56,0.1197,No,South West,1
31,Male,Casual,404715.12,256800.0,1,3,1,83.32,414194.81,4,0.0,0.6345,No,North West,0
23,Female,Trader,243072.42,262000.0,6,2,0,84.4,254775.12,178,11242.32,0.1796,No,South South,0
37,Male,Salaried,37505.93,68500.0,9,2,0,100.0,56321.57,87,0.45,0.2029,No,South West,0
59,Female,Trader,123755.38,67700.0,9,2,0,88.64,209834.59,106,2827.32,0.0608,No,South East,0
25,Male,Salaried,319039.68,239200.0,1,1,0,77.93,118621.55,54,0.39,0.7498,No,North East,0
18,Female,Salaried,150046.84,146400.0,6,2,1,82.03,125436.72,86,0.58,0.1626,Yes,North East,0
23,Female,Unemployed,404321.39,302100.0,6,2,2,74.34,262055.66,59,2.13,0.1245,No,South West,1
42,Male,Trader,356129.89,244500.0,9,0,0,100.0,58816.92,175,10566.39,0.0763,Yes,South East,0
31,Male,Salaried,74522.01,97200.0,6,2,0,100.0,48836.11,39,0.0,0.2174,No,South West,0
41,Male,Self-employed,163988.48,47700.0,12,3,0,87.1,197472.38,7,10228.19,0.0242,Yes,South West,0
19,Male,Unemployed,134518.09,254100.0,12,1,0,100.0,195705.41,44,2.13,0.1574,No,South West,0
33,Female,Self-employed,72962.96,75100.0,9,4,1,64.82,102645.65,7,1875.89,0.1144,No,North West,0
37,Female,Casual,69942.85,20000.0,6,4,0,97.25,5828.68,30,1.84,0.0477,No,North West,0
38,Female,Casual,106595.67,20900.0,6,3,1,89.54,74804.46,76,2.62,0.0327,No,North West,1
44,Female,Self-employed,118671.04,120400.0,6,2,1,75.71,191679.58,115,4394.27,0.1691,No,South South,0
55,Female,Trader,216384.35,189100.0,12,3,2,85.27,208383.74,108,11821.14,0.0728,Yes,South West,0
40,Male,Trader,354850.16,739800.0,12,0,0,95.13,591652.28,12,8903.84,0.1737,Yes,North Central,0
58,Male,Trader,251344.89,315000.0,12,4,0,96.61,155312.88,51,10376.86,0.1044,No,North East,0
43,Female,Self-employed,293154.22,38700.0,6,2,0,100.0,208060.84,49,6833.87,0.022,Yes,South South,0
30,Female,Salaried,151359.12,117200.0,9,4,0,96.93,121356.43,62,0.34,0.086,No,South South,1
28,Male,Salaried,266375.5,54300.0,6,2,1,75.16,388248.36,25,0.0,0.034,Yes,South South,0
33,Female,Trader,163450.98,302100.0,1,3,1,53.97,86398.94,80,4682.01,1.8483,Yes,North East,1
46,Female,Trader,135097.91,68600.0,9,1,0,87.17,104237.83,29,3726.54,0.0564,Yes,South West,0
29,Female,Trader,617742.97,782300.0,12,6,1,76.5,831622.11,19,16003.24,0.1055,Yes,South West,0
61,Female,Trader,39573.02,126800.0,12,1,1,70.55,23570.21,20,1027.34,0.267,No,South East,0
41,Female,Salaried,53266.58,124800.0,12,1,0,89.57,38502.45,73,0.0,0.1952,Yes,South South,0
59,Male,Salaried,230836.97,239100.0,6,0,0,74.07,346938.35,10,0.84,0.1726,No,North West,0
50,Female,Casual,151520.11,20000.0,9,1,0,85.66,95653.86,95,0.0,0.02,No,South East,0
34,Male,Self-employed,70733.34,20000.0,9,3,1,81.94,67400.22,92,3090.05,0.0314,Yes,South East,0
28,Female,Casual,90691.15,278000.0,6,3,0,100.0,14663.75,23,0.0,0.5109,Yes,North West,0
53,Male,Salaried,98700.8,87200.0,2,0,0,88.9,159764.64,3,0.0,0.4417,No,South West,0
33,Female,Self-employed,321492.95,518100.0,6,2,0,98.83,367191.12,157,17291.54,0.2686,No,South West,0
29,Female,Casual,395845.36,398800.0,3,4,2,58.72,648647.68,52,0.44,0.3358,No,South West,1
62,Female,Salaried,522524.84,709800.0,9,3,0,95.89,726296.98,58,0.0,0.1509,No,South West,0
41,Female,Salaried,64077.9,60700.0,12,2,0,100.0,83920.4,2,0.0,0.0789,Yes,South West,0
20,Female,Trader,74019.35,20000.0,9,3,1,80.13,20203.33,34,4067.58,0.03,No,North West,1
41,Male,Trader,70795.8,169400.0,3,2,0,93.81,60380.84,95,3202.29,0.7976,No,North West,0
40,Female,Unemployed,416011.92,500600.0,6,1,0,76.15,31326.12,93,0.38,0.2006,Yes,South South,0
59,Female,Casual,236075.75,313500.0,6,5,1,92.56,230544.24,57,0.66,0.2213,No,South South,1
52,Female,Trader,189632.19,61900.0,9,2,0,100.0,308905.73,25,11113.2,0.0363,No,South West,0
27,Male,Salaried,208975.18,159100.0,2,2,0,98.91,143667.43,89,0.92,0.3807,No,North West,0
25,Male,Self-employed,173478.03,20000.0,6,6,0,100.0,108279.16,43,8915.44,0.02,No,South West,0
46,Male,Casual,86852.78,57600.0,12,2,1,78.38,45312.86,38,0.02,0.0553,Yes,North West,1
20,Male,Self-employed,251267.77,119400.0,1,4,1,84.22,251103.7,58,14014.33,0.4752,No,South South,0
33,Male,Unemployed,159487.7,143200.0,9,1,0,99.87,246030.07,69,0.2,0.0998,No,South West,0
24,Male,Trader,82495.84,20000.0,12,2,0,93.56,84260.54,131,3582.19,0.0202,No,South West,0
18,Female,Salaried,261449.82,186500.0,12,2,1,72.14,338344.95,19,0.0,0.0594,No,North Central,1
62,Male,Self-employed,136482.29,64800.0,12,1,0,100.0,89739.53,28,5098.8,0.0396,No,South East,0
22,Male,Trader,208683.99,177000.0,12,3,0,100.0,137921.32,70,8928.56,0.0707,Yes,South West,0
18,Female,Salaried,165955.62,164000.0,6,1,0,100.0,73207.91,1,1.11,0.1647,Yes,South South,0
62,Male,Self-employed,321292.86,437800.0,6,2,0,96.39,67378.1,123,14487.79,0.2271,Yes,South West,0
27,Female,Trader,207693.36,229900.0,1,3,0,95.85,296744.48,68,6262.67,1.1069,No,North Central,0
57,Female,Salaried,101347.15,57700.0,1,3,1,84.71,126623.56,93,0.0,0.5693,No,South South,1
19,Female,Self-employed,221907.13,89500.0,9,5,1,62.48,59201.81,5,9574.34,0.0448,Yes,North East,0
25,Male,Trader,226672.11,102400.0,3,0,0,93.26,212497.43,174,10216.85,0.1506,No,South West,0
23,Male,Trader,250967.46,271800.0,3,2,0,92.49,271411.27,46,5925.33,0.361,Yes,North Central,0
51,Female,Self-employed,352931.9,555600.0,12,4,0,85.55,521328.67,148,18852.83,0.1312,No,North Central,0
47,Female,Unemployed,120610.7,250100.0,2,2,0,100.0,34072.76,83,1.77,1.0368,No,North Central,0
40,Female,Unemployed,277859.35,484800.0,3,0,0,95.97,65768.23,64,2.14,0.5816,No,South West,0
29,Female,Self-employed,58663.96,20000.0,9,0,0,75.68,27863.31,101,3491.1,0.0379,No,South West,0
22,Male,Salaried,166495.24,266700.0,1,2,2,71.97,73916.55,90,0.0,1.6018,No,South South,1
45,Female,Trader,150569.97,350800.0,6,2,0,100.0,44093.75,115,3537.6,0.3883,Yes,South West,0
29,Female,Salaried,461303.53,620300.0,1,2,1,75.2,690836.47,30,0.0,1.3447,Yes,South West,0
46,Female,Casual,162607.42,52100.0,9,2,1,74.7,274659.91,72,0.0,0.0356,No,South West,0
50,Male,Trader,267240.65,106300.0,9,4,1,76.84,302207.02,22,15631.45,0.0442,No,North Central,0
58,Female,Self-employed,57271.36,20000.0,6,6,2,60.45,74417.17,102,1434.63,0.0582,No,South West,1
41,Male,Self-employed,143210.3,20000.0,3,4,1,71.3,131115.64,98,3071.69,0.0466,Yes,South East,0
18,Female,Self-employed,103837.06,229200.0,9,2,0,83.71,112205.39,155,6270.79,0.2453,Yes,North East,0
31,Female,Unemployed,899679.94,399600.0,3,1,0,100.0,1307747.46,18,0.0,0.1481,No,South South,0
58,Male,Salaried,116692.11,20000.0,6,1,1,78.3,176407.03,3,0.0,0.0286,No,North West,0
43,Female,Unemployed,188781.12,250900.0,1,3,0,90.33,111014.68,72,0.36,1.3291,No,South West,1
47,Male,Salaried,195435.64,155700.0,1,3,0,100.0,266930.05,0,1.11,0.7967,No,South East,0
39,Female,Trader,64058.45,20000.0,3,2,0,95.92,4899.34,161,2751.13,0.1041,No,South West,0
25,Male,Casual,127872.52,60000.0,3,3,0,93.06,32079.8,36,1.2,0.1564,Yes,South West,0
61,Male,Self-employed,234171.81,238100.0,2,1,0,95.53,125003.67,61,12137.84,0.5084,No,South South,0
55,Male,Salaried,190314.19,238000.0,2,1,0,90.3,164385.92,81,0.0,0.6253,Yes,South West,0
65,Female,Casual,40353.97,20000.0,12,4,0,93.02,17497.07,87,0.9,0.0413,No,South South,0
59,Male,Casual,124513.28,197500.0,6,2,0,98.09,185114.19,66,0.0,0.2644,No,South East,0
31,Male,Self-employed,349495.59,321000.0,9,1,1,94.24,329932.31,59,20641.47,0.1021,Yes,North West,0
30,Female,Self-employed,263829.16,88000.0,3,4,1,73.52,193161.27,125,12039.32,0.1112,No,North West,1
29,Female,Casual,397294.78,260700.0,1,5,3,54.01,540340.42,46,0.0,0.6562,No,North East,0
62,Male,Salaried,94848.99,158700.0,12,1,0,83.68,115158.87,9,0.0,0.1394,Yes,South East,1
44,Female,Trader,413873.78,728500.0,1,1,0,97.54,535486.94,52,17382.26,1.7602,Yes,South South,1
39,Male,Self-employed,174878.76,186300.0,12,0,0,100.0,102150.24,142,3866.47,0.0888,Yes,South East,0
64,Male,Salaried,506691.06,339500.0,9,2,0,94.16,287559.0,31,0.35,0.0744,No,South East,0
46,Female,Casual,180387.03,291900.0,6,2,0,89.96,98322.11,54,0.89,0.2697,No,North East,0
61,Male,Self-employed,47565.03,46300.0,9,4,2,62.1,64417.42,134,1546.01,0.1082,No,South East,0
65,Male,Unemployed,312614.98,315400.0,9,1,0,97.39,212603.64,3,0.0,0.1121,No,North Central,0
21,Female,Self-employed,134918.78,287900.0,12,4,1,81.13,34087.73,43,8631.94,0.1778,No,North East,0
35,Male,Self-employed,140950.34,260500.0,6,1,0,91.17,123703.55,104,7003.13,0.308,No,North Central,0
53,Female,Self-employed,69996.43,55300.0,3,2,0,98.57,27831.66,106,3768.89,0.2633,No,North West,0
57,Female,Self-employed,516660.78,465800.0,6,2,0,87.86,517702.88,110,14052.99,0.1503,No,North East,0
25,Male,Casual,128283.3,140100.0,1,1,0,100.0,117529.22,15,0.04,1.0921,No,North West,0
33,Female,Trader,501062.13,236800.0,6,3,0,91.79,249442.98,162,15958.13,0.0788,No,North Central,0
44,Male,Trader,135999.17,59300.0,9,0,0,98.61,214545.57,114,2986.04,0.0484,No,South West,1
56,Female,Self-employed,98486.79,81400.0,3,0,0,99.88,76482.08,96,4940.24,0.2755,No,North Central,0
23,Female,Salaried,424389.14,585000.0,12,2,1,68.87,393858.36,47,0.0,0.1149,No,North East,1
46,Female,Salaried,171621.12,103300.0,12,2,0,93.5,210823.24,51,0.34,0.0502,Yes,South West,0
32,Male,Trader,172713.65,297300.0,1,5,2,55.41,190355.99,77,8677.48,1.7213,No,South West,1
28,Male,Self-employed,78249.31,20000.0,3,0,0,81.88,9072.3,89,3497.7,0.0852,Yes,North West,0
42,Male,Self-employed,133687.06,202400.0,6,1,0,92.36,115430.28,22,5465.34,0.2523,No,South South,0
37,Male,Self-employed,237842.61,20000.0,1,0,0,96.15,365982.23,57,9623.32,0.0841,Yes,North Central,0
48,Male,Self-employed,77361.55,67400.0,1,2,0,83.19,117344.51,146,2709.16,0.8712,No,North Central,1
33,Male,Trader,126792.24,20000.0,12,2,0,95.9,33348.59,123,6442.4,0.02,No,South East,0
57,Female,Trader,136956.95,208400.0,1,0,0,87.88,74081.66,166,6577.65,1.5216,No,South West,1
21,Male,Unemployed,187943.87,212700.0,3,0,0,94.48,94700.94,75,0.0,0.3772,Yes,South South,0
59,Male,Salaried,470911.71,458100.0,6,3,1,100.0,735232.1,44,0.0,0.1621,No,North Central,0
19,Male,Self-employed,148114.75,20000.0,1,0,0,91.78,244042.41,35,5631.33,0.135,No,South West,0
53,Female,Salaried,114907.96,20000.0,12,2,0,86.03,88938.09,75,0.04,0.02,No,South East,0
34,Female,Casual,1072875.56,247300.0,12,2,0,93.87,1284842.44,5,0.0,0.02,No,North Central,0
36,Male,Trader,135827.59,160200.0,6,3,0,92.67,44211.93,177,3545.05,0.1966,No,South West,0
18,Female,Self-employed,159019.85,154100.0,3,2,1,82.01,181081.44,122,9755.78,0.323,Yes,South South,1
51,Female,Casual,142644.67,114100.0,12,3,0,94.24,18415.99,52,0.17,0.0667,Yes,South West,0
25,Male,Self-employed,150363.69,273400.0,9,2,0,92.71,26936.14,170,4358.81,0.202,No,North Central,0
49,Female,Salaried,189331.13,240600.0,6,3,0,85.34,132452.95,68,0.0,0.2118,No,North Central,1
52,Female,Self-employed,327495.58,720000.0,6,4,1,82.74,479424.21,72,19276.93,0.3664,No,South South,0
58,Female,Salaried,234053.3,202800.0,6,2,0,100.0,16660.16,79,0.0,0.1444,No,South West,0
51,Female,Casual,362516.13,370600.0,3,3,0,91.4,215817.64,66,0.33,0.3408,No,North East,0
32,Male,Trader,354807.54,457900.0,6,3,0,96.45,389148.09,133,20314.68,0.2151,No,South South,0
53,Male,Trader,206131.79,127100.0,9,1,1,71.18,114586.31,76,7255.61,0.0685,Yes,North East,0
57,Male,Casual,229880.51,144200.0,6,4,0,93.87,14197.24,82,0.81,0.1045,No,South South,0
33,Male,Casual,370049.1,537300.0,9,0,0,100.0,342657.96,38,0.0,0.1613,No,South East,0
23,Male,Self-employed,87415.31,133200.0,9,3,0,99.6,22138.03,81,2074.05,0.1693,No,North West,0
60,Female,Salaried,913053.19,696200.0,9,0,0,95.08,520621.29,8,0.0,0.0847,No,North East,0
25,Male,Self-employed,128995.37,111700.0,6,3,0,93.69,197847.29,106,8233.54,0.1443,No,South East,0
46,Female,Unemployed,143284.14,20000.0,3,3,0,91.91,147446.45,86,0.0,0.0465,Yes,North East,1
29,Female,Unemployed,81877.25,222400.0,9,2,1,86.91,102975.23,71,2.19,0.3018,No,North East,0
24,Male,Trader,83475.97,108300.0,12,2,0,100.0,26042.19,58,1966.53,0.1081,Yes,South West,1
55,Male,Salaried,339026.74,433700.0,1,3,1,79.99,435396.52,18,0.0,1.2793,No,South South,0
24,Female,Salaried,787278.83,812100.0,12,1,0,99.26,259102.95,90,0.53,0.086,Yes,North Central,0
50,Male,Casual,124493.16,20000.0,12,2,0,88.34,186284.77,28,0.0,0.02,Yes,South West,0
51,Female,Salaried,225588.51,371900.0,9,2,1,72.95,268078.71,61,1.03,0.1832,Yes,North Central,1
20,Female,Trader,207693.85,341800.0,2,1,0,86.22,240224.34,139,10122.76,0.8228,No,South South,0
26,Female,Self-employed,344852.16,523400.0,9,1,0,95.12,142539.02,114,20945.67,0.1686,No,South South,1
56,Female,Self-employed,761371.38,715400.0,6,3,0,94.58,580398.48,13,22197.21,0.1566,No,South East,0
42,Male,Trader,483760.32,366100.0,3,2,0,96.78,55882.99,68,25556.91,0.2523,Yes,South West,0
23,Female,Unemployed,154134.92,251800.0,1,0,0,96.16,95695.83,26,0.0,1.6336,No,South West,1
65,Female,Trader,253827.73,458700.0,9,4,0,99.06,22226.24,22,7180.23,0.2008,No,South East,0
30,Female,Self-employed,270749.61,537600.0,6,4,0,100.0,16160.7,139,16130.82,0.3309,No,North Central,0
18,Male,Self-employed,177664.68,61700.0,6,2,1,86.57,61897.35,112,8404.87,0.0579,Yes,South East,0
62,Male,Casual,88287.48,100500.0,6,3,0,80.19,103029.0,73,1.4,0.1897,Yes,North West,0
18,Male,Self-employed,107098.86,93200.0,6,1,0,92.26,46597.05,123,4831.31,0.145,No,South South,0
44,Female,Self-employed,379652.39,94900.0,6,3,0,93.75,582908.93,102,18906.87,0.0417,No,South South,0
65,Male,Trader,405981.28,144600.0,6,1,0,82.91,390601.27,23,24701.52,0.0594,Yes,South East,0
45,Male,Salaried,157281.64,20000.0,1,3,0,99.81,124362.08,8,1.16,0.1272,No,North West,0
46,Female,Salaried,213287.89,326700.0,6,2,0,100.0,159721.64,43,0.0,0.2553,No,North West,0
36,Female,Casual,391967.27,241300.0,1,1,0,87.93,309776.71,17,0.65,0.6156,No,South West,0
24,Female,Trader,59452.76,80700.0,9,2,0,100.0,23579.07,152,2314.12,0.1508,No,North West,0
45,Female,Salaried,134670.06,151200.0,6,1,0,100.0,99698.14,11,0.07,0.1871,No,South West,0
61,Female,Self-employed,668190.46,330100.0,12,6,2,78.16,48680.79,98,20026.52,0.0412,No,South East,0
22,Female,Unemployed,218657.56,260600.0,6,4,1,91.73,160783.28,3,1.54,0.1986,No,South South,0
60,Female,Trader,86398.16,101900.0,2,2,0,88.65,58752.58,144,2602.7,0.5897,No,South West,0
37,Male,Trader,194258.62,52900.0,3,4,0,100.0,23404.6,92,7706.83,0.0908,No,North East,0
43,Female,Salaried,349635.08,569400.0,3,2,1,90.59,368466.15,21,0.0,0.5429,No,North Central,1
25,Female,Unemployed,35000.0,20000.0,6,2,0,97.34,47139.79,79,0.11,0.0952,No,South West,0
47,Male,Casual,201853.59,68000.0,12,3,1,83.23,73688.85,24,0.0,0.0281,Yes,South West,1
26,Female,Self-employed,141300.3,208300.0,2,2,0,88.45,114536.9,100,7373.7,0.7371,No,South South,0
31,Female,Self-employed,61908.54,20000.0,6,0,0,100.0,96388.13,28,1967.09,0.0538,No,South West,0
52,Female,Trader,189845.31,116000.0,1,0,0,94.1,291285.43,6,8695.35,0.611,No,North Central,0
20,Female,Casual,164719.61,261600.0,6,5,1,79.53,78826.84,44,0.0,0.2647,No,South South,0
39,Female,Casual,177203.39,181200.0,6,2,1,88.95,73267.82,35,0.42,0.1704,No,South South,0
46,Female,Unemployed,143536.23,126600.0,1,3,0,91.98,59078.52,26,1.53,0.882,No,South East,0
24,Female,Trader,92673.95,232200.0,1,0,0,89.06,94707.45,30,5775.17,2.0,No,South East,1
32,Male,Self-employed,69918.83,20000.0,9,3,0,100.0,100357.63,53,3565.66,0.0318,Yes,South South,0
34,Male,Self-employed,114893.82,147300.0,6,2,0,83.43,51906.7,77,6791.9,0.2137,No,North East,0
49,Female,Casual,314653.09,261700.0,6,1,0,99.1,349384.05,17,1.24,0.1386,No,North West,1
64,Female,Salaried,209443.19,146000.0,9,2,0,85.38,255825.31,26,2.08,0.0775,Yes,North Central,0
58,Female,Salaried,172085.97,456500.0,1,2,0,81.33,46718.68,32,0.0,2.0,No,South East,1
27,Male,Trader,91570.35,82100.0,12,4,0,98.6,18067.59,22,3607.54,0.0747,No,North Central,0
18,Male,Self-employed,141162.56,21800.0,9,2,1,84.28,27688.87,18,6398.85,0.02,No,South East,0
20,Female,Casual,290646.94,311200.0,6,4,1,74.16,230590.63,3,0.5,0.1785,Yes,South West,0
46,Female,Salaried,249901.36,215800.0,6,3,1,68.62,118358.77,94,0.41,0.1439,No,North Central,0
25,Female,Self-employed,131996.79,117800.0,6,3,2,68.6,84288.57,26,4078.21,0.1487,Yes,North East,1
29,Male,Salaried,35000.0,61700.0,12,4,1,73.35,58077.24,53,0.0,0.1469,No,South East,0
58,Male,Trader,116083.05,385200.0,1,3,1,90.74,67846.79,110,5515.58,2.0,No,North East,0
59,Female,Trader,131526.11,82500.0,9,3,0,89.97,77949.12,6,5748.33,0.0697,No,South West,0
58,Male,Self-employed,99816.95,143700.0,3,1,0,91.02,126902.18,106,2283.22,0.4799,No,South West,0
30,Female,Self-employed,137605.73,343500.0,9,4,1,92.18,220631.07,38,8246.41,0.2774,No,North East,1
47,Male,Salaried,306039.58,671400.0,12,2,1,77.6,341106.21,10,0.59,0.1828,No,North Central,1
47,Male,Trader,175688.78,141000.0,3,2,0,83.81,231839.43,78,4212.14,0.2675,No,South East,1
26,Female,Unemployed,342495.76,429800.0,6,2,0,87.46,146009.75,89,1.4,0.2092,No,South South,0
44,Female,Trader,67526.15,54200.0,6,0,0,95.69,24252.43,175,4293.98,0.1338,No,South East,0
43,Male,Salaried,147623.51,192100.0,6,2,0,100.0,250372.42,38,0.0,0.2169,No,South West,0
37,Female,Trader,51039.12,31900.0,2,0,0,95.07,83863.93,95,2556.08,0.3125,No,North West,0
54,Male,Self-employed,136412.24,41800.0,6,2,0,87.9,84266.17,90,6160.27,0.0511,Yes,South West,0
50,Female,Salaried,91220.49,40800.0,9,1,0,88.2,125594.71,70,0.0,0.0497,No,North East,0
43,Male,Salaried,413960.76,465400.0,12,3,0,96.87,213386.74,49,0.0,0.0937,No,North West,0
52,Female,Salaried,234925.78,156400.0,9,2,0,81.87,32654.2,54,0.7,0.074,No,North Central,0
54,Female,Salaried,348136.98,269200.0,6,4,1,65.36,416024.95,55,0.0,0.1289,Yes,South East,0
45,Female,Casual,136166.82,296900.0,3,1,0,95.37,127781.89,29,0.18,0.7268,No,North Central,1
30,Female,Self-employed,92771.56,20000.0,1,6,1,83.3,12679.61,166,5294.58,0.2156,No,North Central,0
54,Female,Trader,90871.0,84800.0,9,6,1,82.47,68035.9,11,5817.33,0.1037,No,North West,0
52,Male,Unemployed,213896.53,245300.0,9,2,0,96.42,217470.8,37,0.0,0.1274,Yes,South West,0
65,Female,Self-employed,583801.96,560800.0,12,1,1,91.73,409358.02,91,16282.96,0.08,No,South West,0
25,Female,Self-employed,235333.9,472900.0,6,1,0,92.68,28669.46,176,9138.02,0.3349,Yes,North Central,0
38,Female,Trader,141084.33,165300.0,2,0,0,91.35,225107.66,115,8833.36,0.5858,No,North East,0
62,Female,Salaried,159215.05,266400.0,3,5,1,80.8,251739.95,0,1.52,0.5577,No,South South,0
42,Male,Self-employed,176374.86,236500.0,6,5,0,96.07,266888.17,173,4026.0,0.2235,No,North West,0
63,Male,Self-employed,672010.87,159700.0,3,5,1,100.0,806997.75,11,41688.26,0.0792,No,North West,0
18,Female,Casual,401337.38,472000.0,3,2,0,92.62,619315.74,50,0.0,0.392,No,North Central,0
19,Male,Casual,213135.95,20000.0,2,1,0,95.25,311525.34,69,0.0,0.0469,Yes,North Central,1
56,Male,Casual,193307.59,277600.0,6,0,0,100.0,183335.75,32,0.0,0.2393,No,North Central,0
35,Male,Trader,218664.05,279000.0,6,3,0,97.88,195663.66,39,10746.67,0.2127,No,North Central,0
42,Female,Self-employed,248200.29,106000.0,12,1,0,82.24,265393.29,165,11086.05,0.0356,Yes,South South,0
38,Female,Casual,137603.75,107000.0,12,3,0,100.0,71261.04,41,0.0,0.0648,No,North East,0
37,Female,Casual,103991.12,169900.0,3,0,0,96.27,25584.64,46,0.0,0.5446,Yes,South East,0
63,Male,Self-employed,352094.65,356700.0,9,3,0,74.13,557362.02,38,8290.99,0.1126,No,South West,0
22,Male,Unemployed,182590.44,210900.0,6,2,1,78.59,157213.17,20,0.0,0.1925,Yes,South East,0
55,Female,Casual,333495.71,161300.0,12,1,0,88.96,63862.5,56,0.59,0.0403,No,South West,0
60,Female,Self-employed,524769.98,58600.0,6,3,0,90.68,845018.88,175,32185.03,0.02,Yes,South West,0
49,Male,Salaried,252486.16,317900.0,3,2,0,93.75,349397.84,58,0.0,0.4197,Yes,North West,0
36,Male,Salaried,227241.51,90200.0,3,2,0,99.06,253732.7,70,0.0,0.1323,Yes,South East,0
25,Female,Trader,1441031.98,2326800.0,12,3,1,91.54,2428808.34,8,88034.14,0.1346,No,South South,0
50,Male,Salaried,205926.63,173900.0,12,4,0,100.0,289264.13,50,0.06,0.0704,No,South East,0
40,Female,Self-employed,88597.3,206900.0,6,2,0,100.0,16057.41,155,2166.92,0.3892,No,South South,0
25,Female,Trader,149928.79,199000.0,6,0,0,92.6,185675.04,173,9565.47,0.2212,No,South South,0
35,Male,Casual,493514.34,652400.0,6,1,0,79.37,122008.48,63,1.62,0.2203,No,South West,0
64,Male,Casual,77614.02,167300.0,9,1,0,76.48,103073.75,34,0.0,0.2395,No,North East,0
30,Male,Trader,110372.18,54600.0,6,3,0,99.42,54656.49,118,3658.2,0.0824,Yes,South West,1
26,Female,Self-employed,369493.92,527100.0,2,1,0,93.58,231107.72,46,22293.26,0.7133,No,South East,0
50,Female,Salaried,150867.72,180100.0,3,1,0,100.0,214697.4,87,0.0,0.3979,No,South West,0
27,Female,Trader,167552.56,20000.0,6,4,0,97.25,44725.25,114,5093.04,0.02,Yes,South West,0
62,Female,Salaried,361639.98,236300.0,6,4,0,81.72,581204.02,57,0.0,0.1089,Yes,South South,0
59,Female,Self-employed,112958.79,47800.0,12,1,0,89.77,29290.03,64,6386.2,0.0353,Yes,North West,0
65,Female,Unemployed,69294.48,20000.0,12,5,2,62.89,6356.58,11,1.52,0.0241,Yes,North Central,1
61,Female,Self-employed,72979.67,41200.0,3,1,0,86.21,6731.61,75,3241.55,0.1882,No,South West,0
29,Female,Trader,262726.65,259000.0,12,2,1,92.65,364195.01,153,7340.93,0.0822,No,South South,0
28,Female,Trader,213021.42,142400.0,9,2,1,80.51,179282.58,39,6816.72,0.0743,Yes,South West,0
34,Male,Casual,114753.76,303100.0,6,2,1,80.05,101926.67,69,0.0,0.4402,Yes,South South,1
40,Female,Self-employed,84753.1,119000.0,2,2,1,70.45,120939.95,7,2440.09,0.702,No,North East,0
60,Male,Self-employed,150970.48,127500.0,6,0,0,100.0,135358.02,35,3412.19,0.1408,No,South East,1
53,Male,Salaried,371925.32,636100.0,12,2,0,92.63,605842.08,85,0.0,0.1425,No,South South,0
48,Male,Trader,104551.02,202400.0,9,3,2,70.41,5914.91,113,5186.02,0.2151,No,North West,1
60,Female,Self-employed,117004.48,212500.0,6,3,0,88.59,37229.84,50,5012.49,0.3027,No,North Central,0
49,Female,Self-employed,83023.01,89100.0,1,1,0,91.24,112109.66,123,5269.66,1.0732,No,North East,1
36,Male,Trader,141760.42,181300.0,3,6,1,81.88,221206.34,77,3841.62,0.4263,No,South South,0
37,Female,Salaried,224238.05,251400.0,6,1,0,97.04,272467.57,27,0.0,0.1869,Yes,South West,0
42,Female,Self-employed,711814.12,1076600.0,9,3,0,98.03,385762.88,149,29945.38,0.1681,Yes,North West,0
22,Female,Salaried,207372.11,257800.0,12,4,0,100.0,297982.19,57,0.0,0.1036,No,South West,0
53,Male,Salaried,173827.96,183400.0,6,0,0,98.85,71799.15,13,0.0,0.1758,No,North Central,0
49,Female,Salaried,315407.56,422600.0,3,5,2,81.39,244051.62,7,0.22,0.4466,Yes,South South,1
53,Male,Salaried,283014.17,479400.0,3,2,0,89.39,380422.23,64,0.62,0.5646,Yes,North East,0
43,Female,Unemployed,123652.76,60800.0,2,0,0,92.42,88661.23,10,0.0,0.2458,Yes,North West,0
55,Female,Unemployed,803756.13,1284300.0,2,7,1,68.32,1134052.51,42,1.52,0.7989,Yes,North Central,0
63,Male,Trader,177169.64,188300.0,3,1,0,90.5,185246.41,152,6961.75,0.3543,No,North Central,0
45,Female,Trader,209893.62,186500.0,9,0,0,96.99,308894.7,74,9626.18,0.0987,No,South East,0
39,Male,Trader,257580.79,414000.0,6,4,2,74.85,112716.09,91,11984.71,0.2679,Yes,South West,1
23,Female,Casual,225376.85,20000.0,12,5,0,98.64,247605.75,40,0.0,0.02,No,South West,0
55,Female,Self-employed,485153.5,194900.0,12,6,0,100.0,554468.21,179,27431.8,0.0335,No,South West,0
61,Male,Salaried,122672.25,347100.0,1,2,1,72.99,90037.54,63,0.0,2.0,No,South West,1
51,Female,Trader,299512.25,318000.0,9,0,0,80.93,228855.69,104,16095.21,0.118,Yes,South West,0
59,Female,Unemployed,200322.05,224900.0,1,3,0,92.16,313213.4,14,1.07,1.1227,Yes,North West,0
59,Male,Salaried,340946.96,541300.0,1,2,0,100.0,141691.13,69,0.0,1.5876,No,South South,1
56,Male,Self-employed,156525.09,147000.0,3,4,0,100.0,32534.94,54,7436.07,0.313,No,South East,0
42,Male,Self-employed,143335.33,87500.0,2,3,2,61.5,129193.62,109,3139.4,0.3052,No,South West,0
22,Female,Self-employed,289688.04,51600.0,9,2,0,92.0,435237.61,118,7650.12,0.02,Yes,South East,0
18,Female,Trader,227159.51,206200.0,9,4,1,87.55,377389.42,58,14534.68,0.1009,No,North Central,0
27,Male,Self-employed,105611.32,26100.0,9,3,1,93.01,161747.05,29,4379.03,0.0275,No,South East,0
38,Female,Unemployed,431645.58,47100.0,6,3,0,88.55,570904.88,37,0.33,0.02,No,South South,0
53,Female,Casual,289770.13,345000.0,12,1,1,76.08,66492.23,55,0.0,0.0992,No,South West,0
39,Male,Salaried,171524.16,116300.0,9,2,0,94.67,184351.78,58,0.0,0.0753,Yes,South South,0
19,Female,Casual,132768.45,93100.0,12,1,0,100.0,149237.12,92,0.32,0.0584,Yes,North West,0
28,Female,Trader,228067.57,72900.0,9,2,0,99.85,197645.85,147,11102.83,0.0355,No,North Central,0
65,Female,Self-employed,276516.98,173400.0,6,1,1,68.02,398066.58,29,15560.35,0.1045,No,North Central,0
65,Female,Self-employed,63867.34,134600.0,6,2,0,99.86,106731.96,151,4079.98,0.3512,No,South West,0
36,Male,Casual,229786.23,363300.0,6,3,0,93.9,380170.53,58,0.0,0.2635,No,North West,1
56,Male,Self-employed,275095.25,284600.0,2,3,1,88.39,23009.39,11,14381.11,0.5173,No,South West,0
52,Female,Salaried,39011.84,107700.0,12,2,1,77.24,4260.91,60,1.14,0.2301,No,North West,1
62,Female,Self-employed,204482.04,129600.0,12,0,0,97.5,28222.38,14,7890.06,0.0528,No,South West,0
60,Male,Salaried,282718.81,140000.0,12,1,1,78.31,159896.13,81,0.0,0.0413,No,South West,1
48,Female,Trader,262572.64,273400.0,3,3,0,90.19,336135.67,45,17054.06,0.3471,Yes,South East,0
36,Female,Salaried,303247.19,77000.0,1,3,0,88.69,302733.34,14,0.0,0.2539,No,South West,0
48,Male,Trader,145479.99,135100.0,2,2,0,92.66,123950.55,100,7127.81,0.4643,Yes,North West,0
33,Male,Self-employed,91562.12,90400.0,12,3,0,84.94,115584.01,27,5727.96,0.0823,No,South West,0
34,Female,Casual,55875.33,51100.0,9,3,2,60.77,26459.93,77,0.0,0.1016,No,North West,1
47,Male,Self-employed,366098.33,383500.0,9,3,1,75.1,617150.49,8,19145.9,0.1164,No,North East,0
45,Female,Unemployed,284277.09,266000.0,12,2,0,100.0,130287.9,18,0.0,0.078,No,North Central,0
45,Male,Casual,384704.17,399700.0,3,0,0,98.64,255479.89,52,0.0,0.3463,No,South East,0
36,Female,Salaried,112349.55,151400.0,6,3,0,100.0,163591.87,12,0.0,0.2246,No,North West,1
37,Female,Trader,303520.92,246400.0,12,1,0,82.26,409904.78,38,10030.86,0.0677,No,South East,0
18,Male,Salaried,67776.41,40900.0,3,2,0,92.2,20458.5,75,0.0,0.2012,Yes,North Central,0
46,Female,Casual,102287.35,86000.0,6,3,1,87.89,15559.09,76,0.0,0.1401,No,North Central,0
45,Female,Trader,195359.62,169700.0,6,5,1,85.24,220612.06,130,8594.88,0.1448,No,South West,0
62,Female,Self-employed,277006.73,20000.0,6,3,0,92.47,331745.79,1,10658.05,0.02,No,South South,0
42,Male,Salaried,536096.91,840200.0,12,4,0,87.47,816359.92,9,2.46,0.1306,No,South West,0
40,Male,Self-employed,153994.24,124800.0,2,3,0,98.86,15318.55,117,7030.49,0.4052,No,South East,0
21,Female,Casual,102536.57,37000.0,6,1,0,95.31,152103.2,13,0.0,0.0601,Yes,South West,1
27,Male,Casual,99167.47,240200.0,12,1,0,91.63,60173.22,46,1.58,0.2018,No,North East,0
34,Male,Salaried,115106.41,92600.0,6,3,0,100.0,74491.51,88,1.38,0.1341,Yes,South South,0
36,Female,Self-employed,762516.59,270300.0,9,1,1,100.0,849222.88,95,44113.19,0.0394,No,North West,1
35,Female,Self-employed,294395.67,103200.0,12,0,0,87.78,432445.98,122,12676.92,0.0292,No,North Central,0
36,Female,Trader,370963.08,576500.0,3,2,0,98.08,271505.59,92,17735.01,0.518,No,North East,0
54,Female,Salaried,154102.23,231400.0,1,3,1,80.27,9410.58,22,0.0,1.5016,No,South West,1
24,Female,Self-employed,179807.21,269100.0,1,2,0,98.55,201253.11,98,4258.33,1.4966,Yes,North West,0
33,Female,Casual,283575.61,367500.0,1,4,1,89.82,273189.98,7,0.0,1.296,Yes,South East,0
25,Female,Self-employed,129565.64,20000.0,6,1,0,100.0,214161.8,92,4201.43,0.0257,Yes,South West,0
32,Female,Trader,148949.41,39000.0,2,2,0,90.51,137213.76,178,7827.88,0.1309,No,South East,0
50,Male,Self-employed,116093.87,42700.0,6,1,0,82.39,126554.23,81,4488.33,0.0613,No,South East,0
20,Female,Self-employed,134570.28,147000.0,9,1,0,93.34,200721.55,123,5874.76,0.1214,No,South South,0
34,Male,Trader,185822.69,169500.0,3,1,0,93.39,92096.76,62,8545.7,0.3041,No,North Central,0
19,Male,Salaried,105514.17,122300.0,6,3,1,59.25,7752.53,30,0.0,0.1932,No,South West,0
63,Male,Salaried,216771.37,113600.0,2,1,0,100.0,278811.21,76,0.0,0.262,No,South East,0
52,Male,Unemployed,216574.58,183800.0,9,2,0,90.32,254874.72,85,1.18,0.0943,No,South East,0
29,Male,Casual,160203.56,134600.0,3,4,1,82.04,240838.14,64,0.16,0.2801,No,South South,0
27,Female,Trader,105120.57,105500.0,2,0,0,90.0,45680.79,33,2970.94,0.5018,No,South West,0
22,Male,Salaried,192709.3,151100.0,12,6,0,92.55,146314.72,13,0.0,0.0653,No,North Central,1
40,Female,Salaried,129640.97,78400.0,9,4,0,100.0,16869.83,4,0.17,0.0672,No,South South,0
54,Male,Salaried,185534.91,152500.0,9,1,0,94.59,227478.34,70,1.79,0.0913,No,South South,0
46,Female,Unemployed,367506.02,78700.0,9,2,1,95.32,134081.75,56,0.0,0.0238,No,North East,1
60,Female,Casual,79722.02,118200.0,6,2,1,84.31,76861.5,70,0.97,0.2471,No,North Central,1
34,Female,Self-employed,739314.18,274400.0,3,1,1,88.24,652589.88,101,33907.79,0.1237,No,North West,0
31,Male,Unemployed,171711.63,47900.0,6,1,0,92.57,124370.94,4,0.73,0.0465,No,South East,0
40,Female,Salaried,235250.85,120600.0,12,3,0,93.58,30655.03,53,0.0,0.0427,No,South South,0
27,Female,Self-employed,110351.34,20000.0,12,2,1,85.07,115868.61,139,4355.84,0.02,No,North Central,0
64,Female,Salaried,378189.11,387800.0,6,2,1,88.26,338105.58,64,0.0,0.1709,Yes,South South,0
26,Female,Self-employed,165885.81,279100.0,6,5,0,95.86,74592.22,141,7986.83,0.2804,No,South South,0
40,Male,Unemployed,139320.91,65200.0,9,3,0,97.9,159164.0,45,0.0,0.052,No,South West,0
43,Male,Casual,123825.35,39400.0,9,2,0,93.02,204744.43,62,0.4,0.0354,Yes,South East,0
20,Female,Salaried,151174.84,164100.0,3,2,0,95.54,239716.37,59,0.11,0.3618,No,South South,0
40,Female,Salaried,236248.12,276400.0,6,1,0,94.61,358158.12,66,0.0,0.195,Yes,South West,0
39,Female,Trader,201398.15,276700.0,2,2,1,79.56,259853.47,111,7353.19,0.6869,No,South East,1
30,Female,Salaried,175396.31,395600.0,6,4,1,86.99,240500.3,6,0.0,0.3759,Yes,South East,0
24,Male,Self-employed,113355.96,193100.0,9,4,0,93.65,139027.53,84,3812.01,0.1893,Yes,South East,0
20,Male,Trader,109179.58,107000.0,3,1,0,89.6,79240.86,14,5824.15,0.3267,No,North East,0
18,Female,Self-employed,133404.86,114500.0,9,1,0,92.11,48110.19,64,6871.26,0.0954,Yes,North East,0
41,Male,Self-employed,242775.24,298100.0,3,3,0,92.0,315412.24,154,11943.79,0.4093,Yes,North West,0
22,Female,Salaried,276836.14,259700.0,2,2,0,97.09,295374.18,54,0.0,0.4691,No,North Central,0
64,Male,Unemployed,302183.84,566900.0,9,4,0,90.09,417777.09,50,0.0,0.2084,No,South West,0
29,Female,Self-employed,179828.46,130400.0,6,1,1,88.88,291943.96,130,6886.22,0.1209,No,South East,0
49,Male,Trader,230966.37,226000.0,12,0,0,92.11,161516.33,16,10425.42,0.0815,Yes,North Central,0
50,Female,Self-employed,161331.93,286000.0,9,3,1,87.34,248674.82,40,6014.06,0.197,Yes,South West,0
41,Male,Trader,58001.17,140000.0,12,2,1,79.33,9499.64,118,3104.89,0.2011,No,South East,0
60,Female,Salaried,156429.34,20000.0,2,3,1,82.87,73773.73,46,1.16,0.0639,No,South East,0
23,Female,Salaried,141033.09,39700.0,9,3,1,87.76,115798.16,91,0.0,0.0313,No,North West,0
29,Female,Trader,91613.39,118100.0,6,2,1,93.88,146576.13,109,2932.14,0.2149,No,South South,0
30,Female,Trader,124480.69,204900.0,9,3,1,86.8,206000.54,8,5062.01,0.1829,No,North West,0
24,Male,Salaried,196520.41,128700.0,6,2,0,100.0,175502.67,72,0.0,0.1091,No,South West,0
32,Male,Self-employed,86172.1,20000.0,1,0,0,94.02,87188.35,71,3765.61,0.2321,No,South East,0
33,Male,Unemployed,113402.82,126300.0,6,0,0,83.44,89771.54,5,1.36,0.1856,No,South South,0
54,Female,Salaried,492302.4,171000.0,9,2,0,93.76,749848.12,28,0.0,0.0386,Yes,South East,0
32,Male,Salaried,63510.02,70000.0,3,3,0,99.56,92625.76,82,0.32,0.3674,Yes,South East,0
60,Male,Self-employed,159794.47,42900.0,9,2,0,97.18,74751.36,86,9720.55,0.0298,No,North Central,0
55,Female,Self-employed,84339.96,20000.0,12,2,0,86.87,13577.77,34,2950.93,0.02,No,South East,0
61,Female,Trader,110431.23,112100.0,1,4,1,80.06,18861.06,28,4847.34,1.0151,No,South East,0
23,Female,Trader,158289.82,54600.0,6,2,1,79.14,243151.5,40,5463.7,0.0575,No,North Central,1
65,Female,Self-employed,94730.15,119900.0,12,3,0,89.35,118488.04,7,5482.21,0.1055,No,South East,0
47,Male,Trader,261389.53,186500.0,2,0,0,93.35,87245.1,10,8884.88,0.3567,No,North Central,0
65,Male,Self-employed,433202.27,295300.0,3,3,0,97.27,523841.72,4,28039.97,0.2272,No,North West,1
35,Male,Trader,311079.23,328400.0,9,3,2,56.15,225656.54,170,7495.06,0.1173,No,South East,0
63,Female,Salaried,350357.96,84600.0,6,1,0,89.56,355241.52,79,0.0,0.0402,No,North West,0
46,Male,Self-employed,73415.03,20000.0,12,2,0,98.98,76170.74,149,4157.4,0.0227,No,South West,0
21,Male,Trader,153693.55,221800.0,9,5,1,72.04,180596.11,13,4300.32,0.1603,Yes,North East,0
37,Female,Self-employed,243905.42,282100.0,6,1,1,77.56,126058.35,19,12354.34,0.1928,No,South West,0
24,Male,Salaried,317104.36,497000.0,6,4,0,100.0,499867.11,29,0.0,0.2612,No,South South,0
63,Female,Self-employed,562637.92,719500.0,1,1,0,90.31,843249.64,129,13264.89,1.2788,No,South East,0
32,Female,Trader,360622.82,672200.0,6,1,0,81.22,25307.67,113,16680.5,0.3107,No,South South,0
28,Female,Salaried,322361.78,602000.0,2,1,0,85.32,381250.85,93,0.0,0.9337,Yes,North West,0
44,Female,Trader,997043.08,327100.0,12,2,1,63.78,938542.42,115,34766.76,0.0273,No,North Central,1
38,Male,Trader,191628.34,303100.0,1,2,2,85.17,169976.9,169,11439.33,1.5817,No,North East,1
22,Female,Trader,149167.36,237300.0,1,3,1,75.61,35158.23,18,7148.15,1.5908,No,South West,0
57,Female,Salaried,201994.3,111200.0,12,0,0,86.71,189476.37,37,0.0,0.0459,No,South West,0
58,Female,Casual,99302.68,114600.0,2,4,0,97.93,125723.12,56,0.44,0.577,No,South South,0
53,Female,Salaried,188089.67,20000.0,6,1,0,100.0,13927.12,83,0.0,0.02,Yes,South West,0
47,Female,Casual,58586.42,89000.0,12,3,1,74.82,43902.26,74,1.07,0.1266,No,South South,1
37,Female,Trader,127583.3,150500.0,12,2,0,100.0,137117.44,6,5882.81,0.0983,No,North East,0
44,Male,Salaried,166999.33,441300.0,3,2,0,91.65,49284.83,13,0.0,0.8808,Yes,South East,0
43,Female,Casual,333692.46,278400.0,3,1,0,85.76,560901.34,16,0.0,0.2781,No,South West,0
25,Male,Self-employed,370615.71,119000.0,6,2,0,100.0,439309.17,145,10071.08,0.0535,Yes,South East,0
21,Female,Self-employed,96216.97,192800.0,6,3,1,74.66,113449.57,134,5156.47,0.334,No,North Central,0
30,Male,Self-employed,693935.2,792600.0,2,3,0,90.04,551803.46,174,21125.42,0.5711,No,North Central,0
39,Male,Trader,198224.38,203400.0,2,3,1,83.36,37619.27,166,6011.12,0.5131,No,South West,0
25,Female,Trader,210394.87,525000.0,12,0,0,94.25,323822.03,54,5054.7,0.2079,No,North West,0
23,Female,Casual,62894.33,20000.0,6,2,0,93.23,8995.05,67,0.0,0.053,No,North East,0
58,Male,Salaried,120291.69,20000.0,12,3,0,92.22,160491.34,93,0.0,0.02,No,North East,0
35,Female,Trader,356146.56,132600.0,3,4,0,89.34,117003.02,136,12869.62,0.1241,Yes,North Central,0
46,Male,Trader,201001.6,24100.0,6,4,2,73.15,248363.95,66,11855.91,0.02,No,South West,1
43,Female,Trader,193066.83,360600.0,6,4,0,97.41,165398.11,94,5323.08,0.3113,No,South West,0
53,Female,Self-employed,208641.77,197000.0,3,2,1,75.33,166650.49,159,7558.48,0.3147,No,North Central,0
53,Female,Self-employed,70447.94,67400.0,6,2,0,97.97,119637.28,105,1644.2,0.1595,No,South South,0
32,Male,Trader,169044.38,268800.0,2,4,0,96.89,286655.2,138,6840.79,0.7951,No,North West,0
58,Female,Self-employed,449605.97,857000.0,12,3,0,96.71,62950.17,26,14565.96,0.1588,No,South East,0
35,Male,Salaried,364788.16,263700.0,9,1,0,92.01,557847.42,44,1.53,0.0803,Yes,North West,0
58,Male,Self-employed,165931.86,144600.0,3,1,0,91.4,9840.45,82,4901.7,0.2905,No,North Central,0
37,Female,Salaried,497373.62,717300.0,6,4,1,83.53,517997.31,80,0.28,0.2404,Yes,South South,0
23,Female,Salaried,79403.53,136400.0,12,3,1,71.49,111442.21,79,0.75,0.1432,Yes,South East,0
54,Female,Salaried,95712.93,20000.0,6,0,0,100.0,55582.14,63,1.91,0.0348,No,South West,0
19,Female,Trader,604445.43,601900.0,6,2,1,64.25,730231.57,114,14903.87,0.166,Yes,South South,0
55,Male,Unemployed,262077.27,157800.0,12,4,0,90.07,274798.07,25,0.0,0.0502,No,South East,0
20,Female,Self-employed,149183.95,210000.0,1,5,1,83.38,120514.69,21,5914.03,1.4077,No,South East,1
27,Female,Salaried,173642.71,107500.0,9,1,0,99.11,252522.2,87,0.0,0.0688,Yes,South West,0
46,Male,Casual,106553.44,45000.0,3,2,1,76.55,125475.61,74,0.0,0.1408,No,South West,0
63,Male,Salaried,215452.84,297100.0,9,1,0,89.45,293537.63,35,0.01,0.1532,No,South South,0
37,Female,Unemployed,204641.43,171300.0,6,2,0,94.35,35954.83,16,0.0,0.1395,No,North East,0
23,Male,Self-employed,182341.61,296000.0,1,3,0,84.49,71487.05,74,7327.68,1.6233,No,North West,0
29,Female,Salaried,84699.98,90000.0,12,4,1,68.58,88075.66,51,0.0,0.0885,No,South West,0
61,Male,Self-employed,213801.57,209800.0,6,1,0,100.0,301591.35,164,5811.51,0.1635,Yes,North West,0
52,Female,Self-employed,127583.93,55500.0,3,2,0,99.72,168716.4,133,6115.71,0.145,No,North Central,0
22,Female,Trader,94828.66,128300.0,9,3,0,94.08,77999.47,7,3320.0,0.1503,No,South South,0
36,Female,Salaried,410074.75,656400.0,6,2,0,99.39,575785.6,39,0.28,0.2668,No,South West,0
30,Male,Casual,737507.11,896600.0,1,2,1,82.65,1115576.04,69,0.0,1.2157,No,South West,1
26,Male,Trader,636293.5,635700.0,9,3,1,75.35,654193.02,17,29646.9,0.111,No,North Central,0
58,Female,Casual,274660.74,426700.0,12,3,0,85.89,81535.98,64,0.0,0.1295,No,South East,0
47,Male,Casual,151460.76,298600.0,3,4,1,81.99,158974.27,84,0.21,0.6572,Yes,North West,0
26,Male,Salaried,171953.78,20000.0,12,1,1,72.42,97617.98,8,0.0,0.02,Yes,South South,0
49,Female,Self-employed,234299.06,171700.0,9,4,0,99.66,150050.71,19,11159.7,0.0814,No,South South,0
37,Male,Casual,136974.64,198400.0,1,3,0,91.86,208813.14,74,0.94,1.4484,No,North Central,0
20,Female,Self-employed,424190.82,102500.0,9,2,0,100.0,710853.35,115,16970.26,0.0268,No,North Central,0
39,Male,Salaried,47929.63,74500.0,6,2,1,69.52,58526.46,59,1.27,0.2591,No,South West,0
26,Female,Self-employed,148522.32,314800.0,12,0,0,86.03,84250.43,95,5676.55,0.1766,No,North West,0
29,Female,Salaried,302975.92,49800.0,9,3,0,95.44,155073.74,12,1.05,0.02,No,North Central,0
60,Female,Casual,103918.1,125500.0,1,2,1,73.95,12424.78,50,1.58,1.2077,No,South South,1
52,Female,Self-employed,153985.75,115000.0,2,1,0,95.03,22877.13,75,8439.69,0.3734,Yes,North Central,0
24,Male,Trader,264760.35,264500.0,6,1,0,93.49,45865.46,6,16391.48,0.1665,Yes,South West,0
58,Female,Unemployed,482910.71,184500.0,6,4,1,76.81,563103.16,30,1.32,0.0637,No,South South,0
45,Female,Self-employed,77625.58,177500.0,12,1,0,92.12,28274.55,126,2839.13,0.1906,Yes,North East,0
59,Female,Trader,73973.61,102000.0,12,1,1,61.9,13682.02,12,2681.11,0.1149,Yes,South South,1
53,Male,Salaried,97323.18,238400.0,12,2,1,90.95,163926.41,14,0.0,0.2041,Yes,South West,0
34,Male,Salaried,66258.15,53100.0,6,2,0,89.51,81374.18,40,2.45,0.1336,Yes,South West,0
43,Female,Salaried,69394.72,63300.0,1,0,0,97.05,72447.49,56,0.0,0.9122,Yes,North Central,1
43,Female,Self-employed,95653.0,169400.0,9,2,0,79.44,91164.34,146,2733.12,0.1968,Yes,North East,0
52,Female,Self-employed,401307.38,263700.0,1,3,1,79.27,653987.33,26,11300.16,0.6571,No,South West,0
29,Male,Self-employed,146952.13,232200.0,1,2,1,81.28,156538.92,16,5298.7,1.5801,No,North Central,1
33,Male,Salaried,183708.57,300400.0,3,2,0,100.0,20140.82,3,0.08,0.5451,No,South West,0
29,Male,Salaried,96728.21,114400.0,12,2,0,97.09,98906.11,41,0.0,0.0986,Yes,North West,0
32,Male,Trader,271715.61,520900.0,9,3,0,97.84,206666.43,46,7936.31,0.213,No,North West,0
25,Female,Salaried,609234.63,553900.0,1,3,0,90.51,1034833.48,84,0.0,0.9092,Yes,North Central,0
19,Male,Casual,101088.61,100500.0,12,2,0,93.85,86004.5,61,0.92,0.0828,No,South West,0
63,Female,Unemployed,552273.44,552700.0,12,1,0,92.55,741141.15,34,0.51,0.0834,No,South South,0
21,Female,Trader,228111.08,260100.0,6,2,0,96.08,319433.66,57,4893.76,0.19,No,South West,0
60,Female,Trader,181983.88,73200.0,2,7,2,76.55,24668.82,111,10629.47,0.2011,Yes,South East,1
18,Female,Trader,233466.21,427700.0,3,4,0,91.47,382850.18,17,8975.96,0.6107,No,South West,0
55,Male,Trader,232014.32,109500.0,3,4,0,94.11,210505.5,95,12953.33,0.1573,No,South West,0
33,Female,Unemployed,601890.01,711600.0,9,1,0,91.17,853927.82,18,0.0,0.1314,No,South West,1
42,Male,Unemployed,252421.5,454500.0,6,3,1,78.65,279574.99,70,1.49,0.3001,Yes,North Central,0
31,Male,Self-employed,255871.79,414300.0,3,4,1,88.7,203178.68,50,13029.92,0.5397,No,North West,0
41,Male,Trader,136863.21,20000.0,3,1,1,86.45,68695.38,121,8514.63,0.0487,Yes,South East,1
39,Male,Casual,310553.75,366500.0,6,1,0,96.16,111853.22,12,0.0,0.1967,No,North Central,0
43,Female,Salaried,96641.31,20000.0,12,1,1,79.01,118386.63,12,1.84,0.02,No,South West,0
36,Female,Self-employed,193216.14,216200.0,2,1,0,87.89,34391.79,34,7963.83,0.5595,No,South South,0
43,Female,Trader,1172731.78,340100.0,9,0,0,98.81,529582.02,83,32264.58,0.0322,No,South West,0
57,Female,Trader,35347.7,125600.0,12,1,0,99.81,32412.13,85,1093.84,0.2961,No,South South,0
38,Male,Self-employed,209453.63,220400.0,9,2,1,84.08,86425.89,78,7931.13,0.1169,No,South South,1
35,Female,Self-employed,214757.99,394500.0,6,3,0,93.83,205558.27,59,7763.41,0.3062,No,South East,0
24,Female,Salaried,155197.57,124700.0,9,2,1,75.73,100242.46,63,0.0,0.0893,No,South West,0
35,Female,Self-employed,157593.56,330400.0,12,2,0,98.43,77890.73,120,4828.83,0.1747,No,North Central,0
24,Female,Casual,191019.06,178500.0,9,1,0,100.0,235174.57,83,0.18,0.1038,No,North Central,0
26,Male,Casual,152803.8,349400.0,1,5,1,84.6,68794.69,81,0.71,2.0,No,South South,1
63,Female,Self-employed,207938.77,467800.0,2,4,2,59.5,78043.83,163,6231.28,1.1249,Yes,North East,0
22,Male,Salaried,131106.49,247200.0,2,1,0,96.58,43259.41,44,0.0,0.9427,No,South South,0
41,Male,Casual,670157.11,675100.0,1,0,0,80.33,257660.26,85,0.0,1.0074,Yes,South South,0
58,Male,Trader,152802.76,72900.0,9,4,0,100.0,10813.34,66,7544.36,0.053,No,North West,0
63,Female,Self-employed,260656.71,319700.0,3,2,1,82.65,320710.65,134,15730.26,0.4088,No,South West,0
25,Male,Self-employed,116522.38,20000.0,9,3,0,95.35,114538.73,98,3215.33,0.02,No,South East,0
25,Female,Salaried,330134.39,260700.0,9,2,0,100.0,42511.94,36,0.0,0.0877,Yes,South East,0
35,Female,Casual,289950.7,125400.0,6,2,1,75.67,245381.4,53,0.39,0.0721,No,South South,1
44,Male,Trader,236388.35,75000.0,1,2,0,94.81,337500.22,65,7883.78,0.3173,Yes,South South,0
64,Male,Self-employed,92313.36,20000.0,3,1,0,87.96,77627.9,78,3670.69,0.0722,No,South West,0
27,Female,Casual,110376.24,175600.0,1,2,1,72.76,187614.77,62,1.31,1.5909,Yes,South East,0
25,Male,Trader,538597.91,630900.0,12,1,0,95.95,117903.1,17,13845.85,0.0976,No,North Central,0
30,Female,Unemployed,109584.83,280700.0,3,1,0,95.63,116478.38,85,0.0,0.8538,No,North West,1
59,Male,Self-employed,273019.51,149400.0,1,3,0,79.13,250769.46,90,16039.86,0.5472,Yes,South East,0
19,Male,Self-employed,97409.18,20000.0,1,2,0,99.1,99010.56,161,6134.37,0.2053,No,South South,0
36,Male,Unemployed,346681.31,290600.0,9,2,1,84.42,313735.48,30,0.0,0.0931,No,North Central,0
23,Male,Unemployed,115214.84,102100.0,9,3,2,67.47,112673.99,15,1.11,0.0985,No,South East,1
25,Male,Unemployed,96243.82,95300.0,12,2,0,95.65,149281.36,74,1.4,0.0825,No,South East,0
62,Male,Casual,113288.11,20000.0,3,2,0,100.0,73773.78,60,0.0,0.0588,Yes,North Central,0
18,Male,Self-employed,125585.29,150100.0,1,2,0,100.0,143038.36,162,7912.51,1.1952,Yes,North East,0
33,Male,Salaried,234157.63,343400.0,9,2,0,95.39,97480.91,87,0.0,0.1629,No,South West,0
61,Female,Self-employed,188303.73,100200.0,3,2,1,84.36,119792.4,137,8167.72,0.1774,No,North Central,1
47,Male,Unemployed,88332.26,20000.0,6,5,1,84.29,82769.15,26,0.0,0.0377,No,North West,1
21,Female,Self-employed,176759.72,139100.0,12,2,0,85.73,215542.76,146,9159.26,0.0656,No,South West,0
40,Male,Trader,85599.63,20000.0,6,2,0,87.82,133293.78,53,2419.66,0.0389,No,South East,0
64,Female,Unemployed,273491.12,410100.0,6,1,0,86.93,331249.9,8,0.18,0.2499,No,North East,0
37,Female,Unemployed,308105.96,515000.0,12,3,1,90.59,365848.27,68,0.0,0.1393,No,North Central,0
43,Male,Unemployed,177219.86,186900.0,3,7,1,78.08,133915.57,68,0.0,0.3515,No,South South,1
43,Female,Self-employed,214762.24,53200.0,1,1,0,79.77,94662.78,38,10610.58,0.2477,No,South West,0
49,Female,Self-employed,562188.68,557600.0,3,1,0,86.94,686750.36,107,19302.94,0.3306,Yes,South West,0
26,Male,Unemployed,162473.5,44400.0,1,2,0,91.32,108315.85,16,0.0,0.2733,No,North West,0
58,Female,Salaried,97435.36,56000.0,6,2,0,97.22,145500.35,37,0.45,0.0958,No,South East,0
65,Female,Salaried,262285.54,130900.0,12,2,0,100.0,386036.87,18,0.0,0.0416,Yes,South South,0
24,Female,Unemployed,86205.32,60000.0,12,3,0,100.0,15468.73,8,0.0,0.058,Yes,North Central,0
57,Female,Trader,156975.07,229200.0,9,1,0,95.25,17801.71,36,6824.0,0.1622,No,North East,0
57,Female,Self-employed,121950.27,102300.0,12,1,0,88.21,98802.81,93,2630.62,0.0699,No,South East,1
53,Female,Salaried,114065.63,60700.0,6,4,2,54.93,47922.69,95,0.0,0.0887,No,South South,1
35,Female,Self-employed,152994.18,20000.0,3,1,0,90.59,68097.6,24,4685.15,0.0436,Yes,North West,0
40,Female,Unemployed,323075.56,265600.0,2,3,0,92.0,235062.39,10,0.28,0.411,No,South West,0
58,Female,Trader,369311.91,670000.0,6,2,1,83.28,494662.8,133,9651.67,0.3024,No,South West,0
25,Male,Self-employed,328649.12,542600.0,3,3,1,90.52,106064.05,60,15075.77,0.5503,No,North West,0
57,Male,Self-employed,223986.77,130600.0,2,1,0,98.7,363061.54,163,5878.11,0.2915,Yes,North Central,0
62,Female,Casual,152237.39,134900.0,12,2,1,82.71,159821.82,8,0.0,0.0738,No,North West,0
50,Female,Casual,38875.75,50200.0,2,3,0,91.21,51041.59,1,0.0,0.6456,Yes,North Central,0
34,Male,Self-employed,228591.48,370900.0,9,1,0,83.34,71066.89,27,14640.02,0.1803,Yes,North Central,1
44,Male,Trader,40910.68,106700.0,1,1,0,88.4,12171.98,23,1792.75,2.0,Yes,South West,1
20,Female,Salaried,51561.13,20000.0,6,1,0,87.25,29491.97,78,0.48,0.0646,Yes,South South,0
62,Female,Self-employed,162044.81,159800.0,9,2,0,100.0,247345.58,42,8342.02,0.1096,No,South South,0
34,Female,Salaried,213776.71,170900.0,3,0,0,100.0,305891.36,68,0.0,0.2665,Yes,South West,0
20,Male,Self-employed,134256.43,67100.0,1,2,0,85.19,65638.28,2,4491.7,0.4998,No,South South,0
56,Male,Self-employed,488359.64,454100.0,6,1,0,96.75,359831.49,164,24035.41,0.155,No,North West,0
49,Male,Self-employed,243063.55,185100.0,6,8,0,84.54,212595.35,82,5769.73,0.1269,No,South East,0
47,Female,Salaried,153061.79,20000.0,3,4,2,70.25,89639.18,79,0.0,0.0436,No,South East,0
20,Female,Salaried,443216.48,329200.0,6,1,0,90.57,717001.34,2,0.0,0.1238,Yes,South West,0
54,Female,Salaried,497840.89,697400.0,1,2,0,93.01,582956.46,69,2.27,1.4008,No,North Central,0
48,Female,Trader,251167.49,463900.0,3,1,0,100.0,191282.98,35,12046.97,0.6157,Yes,South South,0
56,Female,Salaried,108748.66,219200.0,12,2,0,96.61,6840.3,59,0.0,0.168,No,South South,0
57,Male,Salaried,125873.96,76500.0,2,1,0,100.0,18310.43,60,0.0,0.3039,No,North East,0
28,Female,Unemployed,70286.29,62300.0,6,2,0,97.52,67065.99,69,1.83,0.1477,Yes,South South,0
28,Male,Salaried,175105.01,86200.0,9,2,1,78.26,227041.55,95,0.25,0.0547,Yes,South West,1
62,Female,Casual,90960.92,43100.0,12,1,1,70.96,97077.06,10,0.0,0.0395,Yes,South South,1
43,Female,Trader,145337.45,58600.0,1,1,0,91.9,201840.17,62,8004.67,0.4032,No,South South,0
39,Male,Trader,213224.81,157200.0,6,3,0,91.89,282963.97,84,5875.73,0.1229,Yes,North Central,0
31,Male,Self-employed,49577.95,20000.0,9,4,1,74.81,68196.58,132,1082.42,0.0448,No,North West,1
48,Female,Salaried,79164.27,73600.0,3,1,0,89.07,83525.04,64,0.0,0.3099,Yes,North Central,0
54,Male,Casual,129477.31,20000.0,1,1,0,94.47,190755.79,53,0.0,0.1545,No,South West,0
18,Female,Casual,173958.03,118300.0,12,1,0,100.0,105500.41,77,0.0,0.0567,Yes,South West,0
44,Female,Self-employed,130572.4,167700.0,6,3,0,79.3,39688.5,92,6592.99,0.2141,No,South South,0
65,Female,Trader,150975.9,137500.0,1,1,0,85.3,206969.38,146,9823.6,0.9107,No,North Central,0
31,Female,Self-employed,113742.28,139700.0,6,1,0,95.83,61651.18,85,6253.95,0.2047,No,North Central,1
31,Male,Casual,70164.81,20000.0,6,1,0,81.0,30140.65,32,0.0,0.0475,No,North East,0
60,Female,Casual,127150.17,195200.0,1,1,0,83.9,123127.7,73,0.0,1.5352,No,South East,0
20,Male,Salaried,156710.05,171000.0,3,3,0,100.0,153058.09,43,0.78,0.3637,Yes,South West,0
37,Male,Casual,147113.34,53700.0,3,0,0,97.94,25630.11,69,1.87,0.1217,Yes,South West,1
39,Female,Unemployed,193567.1,146500.0,6,3,0,100.0,209082.33,88,0.25,0.1261,Yes,North Central,0
56,Female,Trader,236332.17,363900.0,6,2,0,82.04,100654.71,160,9785.97,0.2566,No,South South,0
24,Female,Salaried,280361.24,189000.0,2,3,0,100.0,75658.73,35,0.0,0.3371,No,North Central,0
38,Male,Casual,119241.26,25700.0,9,3,0,84.82,195769.75,12,0.0,0.0239,No,North East,0
25,Male,Trader,64630.66,185300.0,9,3,0,100.0,34332.34,37,4199.49,0.3186,No,North East,1
55,Male,Self-employed,411370.59,652600.0,6,3,1,67.85,299919.15,60,12288.25,0.2644,No,South East,0
48,Female,Casual,231249.38,141300.0,1,3,1,86.03,66196.08,84,0.64,0.611,No,South East,1
41,Female,Self-employed,96778.64,139200.0,2,2,1,79.13,156008.4,137,2471.2,0.7192,No,South West,0
36,Male,Casual,215608.69,218100.0,12,3,2,66.64,16328.14,38,0.0,0.0843,Yes,South West,1
25,Female,Trader,360377.98,203700.0,3,3,0,84.25,23598.53,99,12283.51,0.1884,Yes,South West,0
62,Male,Self-employed,553865.34,274100.0,3,1,1,79.32,398481.64,100,35196.38,0.165,No,North Central,0
49,Female,Unemployed,211844.72,234200.0,9,1,1,82.05,52874.59,74,0.74,0.1228,No,South South,0
33,Female,Self-employed,358433.36,326900.0,12,2,0,85.94,133017.57,46,16530.92,0.076,No,South South,0
37,Female,Self-employed,81999.69,68400.0,12,5,0,92.55,43014.23,161,4287.22,0.0695,No,North East,0
52,Female,Self-employed,175848.01,177800.0,6,1,0,93.56,144915.38,126,7070.86,0.1685,No,South West,1
52,Male,Salaried,144777.58,119000.0,12,1,1,84.34,219841.72,69,0.13,0.0685,No,South East,0
40,Female,Trader,224893.57,226700.0,2,4,1,69.24,167918.77,63,7738.19,0.504,No,South South,0
32,Male,Self-employed,512977.97,602500.0,12,3,0,89.84,693614.19,121,11385.65,0.0979,No,South West,0
49,Male,Unemployed,211745.47,121400.0,3,0,0,95.23,346223.88,27,0.0,0.1911,No,South East,0
49,Male,Unemployed,97852.17,137400.0,12,4,1,82.62,141162.13,66,0.4,0.117,No,South West,0
46,Male,Trader,79179.84,137300.0,12,4,1,74.72,115420.45,10,3805.56,0.1445,No,South West,0
21,Male,Salaried,524640.83,667500.0,9,2,0,100.0,717957.32,43,1.07,0.1414,Yes,South East,0
40,Male,Trader,251369.15,407600.0,6,1,0,100.0,60103.68,157,13322.52,0.2703,No,South South,0
47,Female,Salaried,240858.52,243100.0,3,1,0,99.27,79946.59,4,0.0,0.3364,No,South South,0
63,Female,Casual,143959.42,230100.0,6,4,1,75.77,72346.47,22,0.0,0.2664,Yes,South East,1
43,Male,Self-employed,214233.6,436800.0,1,5,1,78.41,249236.99,142,5079.15,2.0,Yes,South West,1
34,Female,Unemployed,94768.11,70600.0,9,1,0,100.0,70255.27,74,0.0,0.0828,No,North Central,0
44,Female,Self-employed,231512.94,197500.0,2,2,1,84.92,203555.99,35,14772.05,0.4265,No,South West,0
26,Male,Salaried,83871.95,191300.0,3,3,0,100.0,116665.29,4,0.0,0.7603,Yes,South West,0
22,Female,Unemployed,142511.02,183800.0,3,2,0,94.59,14875.69,1,0.0,0.4299,No,South West,0
50,Male,Self-employed,118519.36,248900.0,12,4,0,98.27,175219.1,52,6027.59,0.175,No,North Central,0
65,Male,Casual,35000.0,20000.0,6,3,2,78.02,34339.56,37,0.53,0.0952,No,South West,1
58,Female,Casual,143675.49,111900.0,6,4,0,100.0,147404.52,63,1.39,0.1298,No,North West,0
46,Male,Self-employed,100352.97,130100.0,3,2,0,78.04,51459.12,71,4147.82,0.4321,No,South East,0
19,Female,Self-employed,156993.35,164300.0,6,4,0,94.86,50555.8,167,6783.47,0.1744,No,South West,0
65,Male,Self-employed,180201.68,146200.0,6,2,2,82.04,179081.15,127,4620.76,0.1352,No,South South,1
39,Male,Casual,567995.0,179600.0,3,3,3,71.01,817742.61,3,1.0,0.1054,Yes,North Central,1
31,Female,Unemployed,219426.58,471000.0,9,3,1,80.2,284583.86,18,0.0,0.2385,No,North West,0
60,Female,Self-employed,223660.68,161000.0,6,5,1,87.48,306302.75,134,4795.44,0.12,Yes,North East,0
53,Female,Trader,248416.27,366500.0,12,3,1,84.17,150723.91,166,9792.18,0.1229,Yes,South West,1
53,Female,Self-employed,317231.69,206000.0,3,4,1,88.12,344982.85,45,8172.87,0.2165,No,South East,0
31,Female,Trader,241830.85,205200.0,6,0,0,96.49,237676.33,20,7098.37,0.1414,No,South East,0
65,Male,Casual,216171.12,222500.0,12,0,0,95.8,42485.41,27,0.68,0.0858,No,South West,1
39,Female,Casual,285792.88,321700.0,12,3,0,92.1,268461.64,21,0.19,0.0938,No,South South,0
43,Male,Self-employed,37175.3,131000.0,6,4,0,100.0,1957.3,10,1182.35,0.5873,No,North West,0
54,Female,Self-employed,699832.05,196400.0,2,3,0,100.0,884281.45,79,44292.74,0.1403,No,South East,0
49,Male,Salaried,505870.77,417300.0,6,4,0,100.0,767288.87,60,0.0,0.1375,No,North East,0
26,Female,Salaried,207285.09,100900.0,6,0,0,99.19,313977.2,78,0.0,0.0811,No,North West,0
32,Female,Self-employed,71844.4,124700.0,3,2,0,95.72,41985.64,176,2945.74,0.5786,No,South South,0
35,Male,Casual,395315.68,320800.0,3,1,0,89.89,418035.02,47,1.46,0.2705,No,North Central,1
63,Female,Self-employed,114656.09,20000.0,6,1,0,88.82,146886.42,32,3370.63,0.0291,No,South South,0
52,Male,Self-employed,254666.16,468600.0,2,3,1,86.81,281836.13,6,12464.61,0.92,Yes,South West,0
35,Female,Trader,78184.25,27500.0,12,2,1,91.35,5680.45,132,3108.17,0.0293,No,South East,0
53,Male,Salaried,765187.83,709000.0,1,2,0,95.72,700755.16,71,0.0,0.9266,No,South South,0
53,Male,Salaried,70493.18,61700.0,12,3,0,95.71,63416.48,10,0.0,0.0729,No,North East,0
36,Male,Unemployed,188255.07,224700.0,6,2,0,95.49,260853.45,88,0.44,0.1989,Yes,South South,0
37,Female,Salaried,45310.34,20000.0,12,5,1,84.48,62376.74,12,0.25,0.0368,No,North East,0
60,Female,Self-employed,175241.02,128300.0,9,0,0,99.3,199256.12,88,7563.34,0.0813,No,South South,0
44,Female,Self-employed,136526.87,241400.0,2,6,0,90.99,41755.94,147,3975.41,0.8841,No,South West,0
25,Female,Salaried,376955.09,523400.0,3,2,1,80.54,366868.1,84,0.6,0.4628,No,South West,1
52,Female,Self-employed,136518.51,166100.0,2,4,0,82.92,206413.49,48,5521.95,0.6083,No,North West,0
46,Male,Salaried,377308.13,377300.0,9,2,0,89.68,120290.06,13,0.0,0.1111,No,North East,0
42,Female,Self-employed,92506.46,256900.0,2,2,0,81.76,135498.95,61,2781.02,1.3886,No,South East,0
52,Male,Casual,149857.05,143900.0,9,0,0,88.0,27976.4,57,0.0,0.1067,No,South East,0
61,Female,Self-employed,151822.79,154200.0,12,5,0,88.65,248894.57,90,8720.12,0.0846,No,North West,0
33,Female,Self-employed,248412.14,425000.0,6,3,1,64.09,407966.33,21,10584.38,0.2851,No,South West,1
38,Female,Self-employed,228697.51,36200.0,9,3,0,100.0,382747.88,10,6342.78,0.02,No,North West,0
27,Female,Unemployed,287839.55,434000.0,12,2,0,90.44,176188.78,5,0.28,0.1256,Yes,South South,0
49,Female,Salaried,214090.05,507300.0,9,0,0,91.74,312217.56,25,0.0,0.2633,No,South South,0
37,Female,Casual,276666.13,178300.0,2,3,1,78.17,170571.25,30,0.0,0.3222,No,North Central,0
34,Female,Self-employed,100418.38,39800.0,3,1,0,97.96,21745.51,147,4895.07,0.1321,No,South East,0
51,Male,Unemployed,231753.89,369100.0,6,5,1,86.83,176465.2,94,0.07,0.2654,No,South West,0
37,Female,Self-employed,511982.63,366300.0,3,2,1,87.23,703199.25,83,18120.98,0.2385,No,South West,0
40,Female,Salaried,60398.34,70200.0,6,9,4,24.47,5455.2,9,2.02,0.1937,No,South South,1
39,Female,Self-employed,247351.9,20000.0,12,3,1,64.82,192365.93,90,13893.75,0.02,No,South South,1
30,Female,Salaried,279461.27,352400.0,6,1,0,93.29,291961.02,56,0.0,0.2102,Yes,North West,0
24,Male,Trader,465321.24,207700.0,3,2,0,98.53,649461.65,110,14819.49,0.1488,No,North East,0
57,Female,Trader,288555.48,198300.0,2,3,1,92.37,133172.06,56,18192.86,0.3436,Yes,South South,0
22,Male,Trader,192128.08,262900.0,12,2,0,98.25,44392.87,60,9668.19,0.114,No,South West,0
33,Female,Salaried,238055.64,75100.0,3,1,0,100.0,91524.52,24,0.0,0.1052,No,South West,0
50,Female,Trader,111629.15,20000.0,3,4,0,88.9,118349.62,138,3279.18,0.0597,Yes,North West,0
24,Male,Self-employed,139878.98,147100.0,6,0,0,88.9,149640.47,40,4295.69,0.1753,No,North West,0
49,Female,Unemployed,75546.62,199300.0,6,3,1,85.1,48646.27,33,0.0,0.4397,No,South South,0
53,Male,Trader,473203.74,270700.0,6,7,0,100.0,427612.85,2,26419.03,0.0953,No,South West,0
49,Female,Trader,241183.75,437600.0,6,0,0,100.0,160496.12,23,14586.07,0.3024,Yes,North West,0
32,Male,Casual,99234.3,105800.0,6,2,0,79.75,19819.13,93,0.0,0.1777,Yes,North West,0
18,Female,Trader,214720.86,363600.0,1,2,0,94.77,42616.37,168,9243.91,1.6934,No,North Central,1
60,Female,Self-employed,382425.12,533200.0,6,4,0,100.0,339824.88,107,17047.49,0.2324,No,South East,0
33,Male,Salaried,343185.76,582100.0,9,1,1,90.52,543582.47,93,0.0,0.1885,Yes,South South,0
56,Female,Trader,98493.62,221600.0,6,2,1,82.55,76033.26,162,2713.11,0.375,No,North West,1
27,Female,Self-employed,35000.0,20000.0,12,2,0,93.4,31884.14,14,1028.24,0.0476,No,South West,0
25,Male,Salaried,232748.35,249700.0,3,4,0,72.75,322179.6,64,0.0,0.3576,No,North Central,0
55,Male,Casual,101138.57,87900.0,6,3,1,98.89,96015.92,73,0.0,0.1449,No,North Central,0
63,Male,Salaried,269743.02,428600.0,9,3,1,89.7,37742.09,18,0.0,0.1765,No,North East,0
59,Male,Trader,333830.24,179500.0,6,2,0,87.83,223851.45,132,14106.18,0.0896,Yes,South West,0
54,Male,Salaried,371228.72,672000.0,1,1,0,91.73,32197.11,61,0.98,1.8102,No,South West,0
29,Male,Self-employed,559497.0,707200.0,6,5,0,95.82,876948.53,47,23595.31,0.2107,Yes,South East,0
61,Male,Casual,402054.98,521900.0,12,1,0,97.33,670075.31,71,0.31,0.1082,No,South West,0
50,Female,Salaried,561248.4,447800.0,6,4,0,84.27,235033.93,8,1.72,0.133,Yes,North East,0
26,Female,Trader,441132.85,786000.0,2,3,1,74.61,418586.05,112,26530.17,0.8909,Yes,South West,0
24,Male,Trader,466845.46,382200.0,1,4,0,97.5,82003.33,119,14701.93,0.8187,No,North Central,0
59,Male,Casual,175281.38,342900.0,6,0,0,89.96,72687.51,10,0.0,0.326,No,South South,0
31,Female,Salaried,77858.62,82600.0,3,2,0,81.55,15147.65,42,0.83,0.3536,No,South East,0
54,Female,Casual,903641.32,1065400.0,12,4,2,65.3,51063.85,58,0.35,0.0983,Yes,South South,0
24,Female,Self-employed,187518.27,122300.0,12,5,0,93.91,211483.97,132,9955.71,0.0544,No,North West,0
31,Female,Self-employed,400061.02,505100.0,12,2,0,82.53,307994.01,11,22628.28,0.1052,Yes,South West,0
31,Male,Self-employed,125873.6,80400.0,6,4,0,100.0,150700.29,31,8046.47,0.1065,No,South East,0
31,Female,Self-employed,336805.78,525400.0,6,0,0,100.0,555723.66,158,7737.36,0.26,No,South East,0
50,Male,Self-employed,36735.03,20700.0,3,1,0,100.0,56133.86,103,2397.67,0.1878,Yes,South South,0
61,Male,Salaried,137850.35,108500.0,2,4,1,83.77,15096.51,41,1.03,0.3935,No,South South,0
61,Male,Self-employed,168846.44,236400.0,6,2,0,85.35,122364.04,41,4630.65,0.2333,No,North Central,0
53,Female,Trader,243143.68,268000.0,3,1,0,88.13,387471.08,170,8313.82,0.3674,Yes,South West,0
27,Male,Self-employed,361323.22,319400.0,1,0,0,100.0,591815.84,111,18175.2,0.884,Yes,South West,0
64,Male,Salaried,88390.45,80000.0,12,2,0,88.44,109952.04,49,0.0,0.0754,No,North East,1
44,Male,Self-employed,276424.07,82200.0,12,2,0,93.77,129247.81,87,12476.6,0.0248,No,South South,0
44,Female,Self-employed,399530.61,168200.0,12,1,1,83.35,303901.23,106,17516.92,0.0351,No,South West,0
51,Female,Trader,826995.6,835400.0,3,2,0,92.9,426394.38,103,21871.41,0.3367,No,South East,0
54,Male,Casual,284936.13,323600.0,12,1,0,93.12,133597.81,22,0.0,0.0946,No,South South,0
63,Female,Self-employed,133523.56,78700.0,6,0,0,92.33,63666.47,57,5773.51,0.0982,Yes,South East,0
45,Female,Trader,78752.48,209300.0,1,4,2,68.25,93480.44,12,2029.29,2.0,No,North West,1
47,Male,Salaried,591072.3,227200.0,6,1,0,91.77,716319.84,74,0.17,0.0641,No,North Central,0
53,Male,Unemployed,290681.77,382300.0,6,7,2,58.41,287751.79,25,0.24,0.2192,No,South East,1
30,Female,Self-employed,177447.13,301400.0,6,1,0,87.39,284262.85,93,7934.77,0.2831,Yes,North East,0
32,Female,Self-employed,62807.53,190800.0,12,2,0,84.19,82001.52,176,3645.61,0.2532,Yes,South South,0
48,Female,Salaried,98266.9,38100.0,6,2,2,59.67,73077.17,21,0.0,0.0646,No,North West,1
21,Male,Salaried,271324.37,87100.0,12,2,1,77.71,382109.1,79,0.34,0.0268,Yes,South West,0
33,Male,Casual,226546.07,411100.0,1,3,0,93.54,101909.97,58,0.0,1.8146,No,South East,0
52,Female,Salaried,50797.21,20000.0,9,1,0,86.53,37363.83,5,0.09,0.0437,No,South South,0
64,Female,Self-employed,271552.37,364000.0,12,2,0,80.75,37210.99,119,15418.42,0.1117,Yes,South West,0
42,Female,Salaried,64940.61,20000.0,6,3,0,100.0,101291.23,37,0.49,0.0513,No,South East,0
37,Female,Unemployed,434007.9,533800.0,12,2,1,79.99,219329.5,66,2.0,0.1025,No,South West,0
39,Male,Casual,206132.3,136000.0,9,3,0,78.43,45283.81,66,0.27,0.0733,No,South West,0
50,Female,Unemployed,133184.17,145400.0,1,1,0,99.2,176475.26,74,0.87,1.0917,No,South South,1
44,Female,Casual,342597.8,432900.0,9,2,1,77.64,551241.86,94,0.95,0.1404,Yes,South South,0
19,Female,Casual,226496.93,198000.0,9,1,0,93.52,324877.54,75,0.0,0.0971,No,South East,0
43,Female,Self-employed,425880.93,161200.0,1,8,0,94.82,248479.93,42,14518.33,0.3785,No,North East,0
37,Male,Salaried,189666.26,20000.0,6,4,0,100.0,321727.53,16,0.0,0.02,No,North Central,0
51,Male,Self-employed,196997.18,20000.0,1,3,2,79.3,99515.45,96,5906.06,0.1015,No,South South,0
60,Male,Self-employed,149537.03,141600.0,3,0,0,83.56,64308.29,8,4783.38,0.3156,No,North Central,0
64,Female,Trader,213553.1,131000.0,12,1,0,84.99,81394.83,70,7849.35,0.0511,No,South West,0
47,Male,Salaried,542737.04,522300.0,12,2,0,83.3,40503.17,87,1.09,0.0802,Yes,North Central,0
35,Female,Salaried,129821.46,80000.0,9,0,0,89.88,130934.92,47,1.05,0.0685,No,South South,0
39,Male,Trader,274274.03,389500.0,6,1,0,96.09,346440.21,132,13773.21,0.2367,No,South West,0
26,Male,Salaried,101561.91,249700.0,6,3,0,87.68,107045.33,4,0.3,0.4098,No,South East,0
62,Female,Salaried,46973.38,20000.0,1,5,1,74.57,43632.18,93,0.0,0.4258,No,South South,1
58,Male,Salaried,205985.35,254500.0,6,2,1,77.53,228312.87,68,0.19,0.2059,Yes,North Central,1
58,Female,Trader,228999.63,194600.0,12,2,0,89.27,340630.61,30,8621.01,0.0708,No,South West,0
33,Male,Salaried,167573.75,144300.0,6,1,0,98.13,93713.55,56,1.17,0.1435,No,South West,0
33,Female,Salaried,68072.04,102600.0,6,3,2,69.89,56868.88,0,0.11,0.2512,No,North Central,1
59,Female,Salaried,219368.41,341600.0,1,1,0,100.0,337704.25,36,0.0,1.5572,No,South West,0
44,Female,Trader,214018.13,136200.0,12,4,2,72.32,106536.06,22,7305.56,0.053,No,South South,1
51,Female,Salaried,101013.02,154700.0,3,1,1,84.38,12926.49,73,0.27,0.5105,No,South South,0
41,Female,Salaried,74678.13,20000.0,6,2,1,79.67,44754.43,77,0.81,0.0446,Yes,North West,0
39,Female,Casual,152765.6,20000.0,6,2,0,95.48,174984.81,19,0.44,0.0218,No,North Central,0
48,Male,Casual,275162.23,262400.0,3,5,0,97.22,42453.61,63,1.3,0.3179,No,South East,0
57,Female,Salaried,235988.35,313500.0,6,4,0,93.69,88280.41,87,0.0,0.2214,Yes,North West,0
34,Female,Salaried,101535.94,85500.0,9,3,0,100.0,77295.25,6,0.0,0.0936,Yes,North East,1
56,Male,Salaried,196754.77,204300.0,6,3,1,95.55,131618.31,24,1.01,0.1731,No,South East,0
29,Male,Trader,320406.02,555100.0,1,1,0,89.77,503667.18,100,9156.79,1.7325,No,North West,0
37,Female,Salaried,83992.22,117200.0,12,2,0,100.0,77612.43,58,0.0,0.1163,No,South South,0
61,Female,Unemployed,187542.94,48300.0,9,5,0,100.0,284271.74,45,0.07,0.0286,No,South West,0
63,Male,Casual,429973.46,666100.0,12,2,0,84.59,305387.36,72,0.76,0.1291,No,South East,1
62,Male,Trader,78590.51,86800.0,2,2,0,78.99,79513.57,44,4529.36,0.5522,No,South West,0
33,Female,Salaried,381476.38,425900.0,12,0,0,95.31,374512.06,3,0.0,0.093,No,South West,0
58,Male,Casual,515650.23,765100.0,9,2,1,80.89,162577.42,77,0.0,0.1649,Yes,South West,0
62,Female,Trader,155792.23,230100.0,6,2,0,76.46,11604.12,27,3843.61,0.2462,No,North Central,0
64,Female,Casual,144027.07,94800.0,1,2,0,94.71,71092.6,16,1.2,0.6582,No,South South,1
19,Male,Salaried,352294.76,315400.0,3,2,1,77.48,47565.77,41,0.0,0.2984,Yes,South West,0
53,Male,Trader,159488.55,142700.0,12,0,0,89.56,204204.67,31,9896.61,0.0746,No,North Central,0
65,Male,Casual,38994.65,20000.0,6,1,0,100.0,56347.45,47,0.02,0.0855,No,South East,0
54,Female,Unemployed,168804.35,234900.0,9,4,2,69.72,103340.67,4,0.27,0.1546,No,South East,1
29,Female,Trader,244378.79,20000.0,9,0,0,91.06,82955.94,24,14949.82,0.02,No,South South,0
54,Female,Self-employed,291200.3,64700.0,9,2,1,77.89,86394.61,64,9350.97,0.0247,Yes,South East,0
23,Female,Self-employed,101549.66,198700.0,6,0,0,84.28,90422.19,72,5552.06,0.3261,No,North Central,0
41,Female,Trader,151046.26,132100.0,12,3,0,87.41,117866.06,27,8982.11,0.0729,Yes,South East,1
48,Female,Unemployed,339660.49,332400.0,3,2,0,74.09,545909.68,25,1.0,0.3262,No,South West,1
39,Male,Trader,173115.28,247600.0,12,2,1,82.92,267889.48,66,6947.68,0.1192,Yes,South East,1
51,Male,Salaried,66638.14,52500.0,6,2,0,100.0,107682.52,83,0.9,0.1313,No,South West,0
29,Female,Salaried,402389.92,197000.0,3,0,0,95.79,453571.15,72,1.9,0.1632,No,South South,0
47,Female,Trader,156614.08,268900.0,6,3,1,81.9,227167.6,70,7185.04,0.2862,Yes,South South,0
48,Male,Casual,365859.38,308100.0,12,1,0,93.18,505586.98,10,0.13,0.0702,Yes,South West,0
48,Female,Salaried,72668.65,212800.0,9,2,2,72.76,39367.7,25,0.64,0.3254,No,North East,1
31,Male,Self-employed,166386.84,270300.0,2,2,2,69.52,177345.3,108,10273.62,0.8123,Yes,North Central,1
32,Female,Unemployed,250707.09,324200.0,2,1,0,100.0,221981.63,49,0.85,0.6466,No,South West,0
30,Male,Self-employed,170087.45,52300.0,9,1,0,99.28,168319.4,60,10809.38,0.0342,No,North East,0
40,Male,Salaried,83429.57,34400.0,3,2,0,84.07,64657.62,60,0.0,0.1374,Yes,North Central,0
46,Male,Self-employed,38150.34,20000.0,3,2,0,98.29,17607.11,57,838.91,0.1747,No,North Central,0
35,Male,Self-employed,484481.47,75400.0,9,1,0,85.89,660133.52,51,26165.71,0.02,No,North East,0
37,Male,Salaried,211490.84,242800.0,3,4,0,89.77,64380.16,72,0.0,0.3827,No,South East,0
31,Female,Trader,384282.34,587100.0,1,1,1,74.51,190433.79,99,18815.35,1.5278,Yes,South East,1
28,Male,Trader,329175.74,356700.0,6,2,0,100.0,459453.07,120,14734.85,0.1806,No,North Central,0
49,Male,Trader,265312.21,86000.0,6,4,1,72.21,406232.45,169,12398.96,0.054,No,North East,0
57,Male,Trader,146070.24,193900.0,6,2,0,96.02,232740.73,46,6294.87,0.2212,No,North West,0
31,Female,Salaried,247473.96,259900.0,1,2,1,67.86,401970.89,61,0.56,1.0502,Yes,North Central,0
59,Female,Salaried,456736.15,230200.0,6,2,0,92.39,131997.99,64,0.0,0.084,No,North West,0
45,Male,Salaried,189979.08,217500.0,6,4,0,90.36,178623.08,31,0.58,0.1908,No,South West,0
26,Male,Salaried,619592.83,360100.0,6,1,0,100.0,214147.31,52,0.0,0.0969,No,South East,0
35,Female,Trader,67920.14,20000.0,1,2,0,88.46,57911.06,83,2388.59,0.2945,Yes,North West,0
18,Female,Salaried,63336.78,20000.0,3,1,0,82.77,80338.61,37,0.0,0.1053,No,South South,0
19,Female,Trader,342135.12,127900.0,9,5,0,90.69,567652.65,26,12854.74,0.0415,No,North West,0
34,Female,Salaried,105717.87,93700.0,2,2,0,89.4,174297.6,10,0.0,0.4432,No,South East,0
39,Female,Salaried,679342.79,441100.0,12,2,0,95.43,681475.65,73,0.0,0.0541,Yes,North Central,0
56,Female,Salaried,429331.24,206100.0,12,3,0,100.0,299263.09,80,0.0,0.04,No,North West,0
24,Female,Self-employed,505161.58,57700.0,6,0,0,91.39,324803.86,123,12056.45,0.02,No,South East,0
58,Male,Trader,319846.26,523800.0,9,0,0,96.3,304519.66,114,16837.42,0.182,No,South West,0
29,Female,Casual,98882.03,20000.0,9,2,1,81.12,24097.34,87,0.06,0.0225,Yes,North East,0
24,Female,Salaried,61214.54,85900.0,2,7,0,97.25,41185.82,75,1.19,0.7016,No,North East,0
51,Female,Trader,475752.8,484300.0,6,3,1,77.5,128653.9,18,13317.6,0.1697,No,South West,1
55,Female,Trader,67913.68,20000.0,12,3,1,76.04,10314.45,157,2482.49,0.0245,No,South South,0
47,Male,Self-employed,504280.44,364200.0,2,4,0,100.0,824652.06,167,13408.61,0.3611,Yes,South West,0
23,Male,Salaried,278162.77,254600.0,6,2,0,88.43,159658.74,62,0.2,0.1525,No,South South,1
23,Female,Salaried,171295.93,281000.0,6,1,0,92.54,142245.33,73,0.57,0.2734,No,South South,0
36,Female,Salaried,239915.76,278700.0,2,3,1,81.21,287532.02,95,0.0,0.5808,No,South East,1
39,Female,Casual,243567.95,420600.0,6,0,0,83.37,217081.44,51,0.0,0.2878,No,South West,0
65,Female,Self-employed,157809.73,224500.0,12,4,1,82.82,242098.58,102,3561.74,0.1185,No,South East,1
31,Female,Self-employed,454707.14,738100.0,2,3,0,89.76,705168.64,31,16803.94,0.8116,No,South East,0
27,Female,Trader,444685.55,742000.0,3,2,1,77.96,226141.8,23,16875.65,0.5562,No,South East,0
63,Female,Self-employed,199165.35,184400.0,3,2,0,98.05,150754.76,50,7024.61,0.3086,No,South South,0
25,Male,Trader,121870.68,231300.0,9,1,0,98.76,46352.13,63,4847.27,0.2109,No,North Central,0
19,Female,Salaried,420660.87,62600.0,6,0,0,85.43,667312.94,78,0.61,0.0248,No,North West,0
38,Female,Self-employed,48341.61,82200.0,6,2,0,96.65,7217.06,6,1437.3,0.2834,Yes,South East,0
37,Female,Salaried,240203.64,243800.0,12,0,0,100.0,331626.68,29,0.0,0.0846,Yes,North East,0
47,Female,Salaried,291104.02,200500.0,12,4,2,53.53,413724.64,11,0.48,0.0574,No,South East,1
60,Female,Self-employed,105059.64,20000.0,3,2,1,87.69,157568.28,136,3604.41,0.0635,Yes,North East,0
62,Female,Trader,338971.97,360000.0,12,1,0,96.65,380485.34,40,16842.22,0.0885,Yes,South East,0
31,Female,Trader,176939.18,153400.0,6,1,0,97.22,159440.16,5,7770.53,0.1445,No,North West,0
65,Female,Trader,126248.45,254700.0,2,2,0,99.82,132039.51,112,4274.42,1.0087,No,North East,0
48,Male,Salaried,336652.76,244600.0,3,1,0,87.59,123096.91,65,1.6,0.2422,No,South South,0
21,Male,Unemployed,88877.76,87000.0,6,3,0,87.18,30180.73,95,0.31,0.1631,No,North West,0
63,Female,Salaried,316692.9,364300.0,12,1,0,100.0,429887.25,78,0.07,0.0959,No,North West,0
24,Female,Casual,49621.88,60700.0,6,1,0,91.65,47106.96,14,0.28,0.2039,No,South West,0
46,Male,Trader,216732.69,425000.0,9,4,2,56.85,344181.99,19,6840.42,0.2179,No,South East,1
55,Male,Trader,185203.54,124700.0,1,1,0,92.74,91038.14,103,7915.49,0.6733,Yes,North West,0
29,Female,Self-employed,126742.14,20000.0,1,3,0,93.13,65416.26,101,3836.79,0.1578,No,South South,0
30,Female,Trader,231878.38,336800.0,12,2,0,95.61,206861.15,36,8222.74,0.121,No,South West,0
40,Female,Trader,170926.95,53100.0,12,2,0,91.2,30800.28,135,11087.57,0.0259,No,South South,0
60,Male,Salaried,357276.15,564500.0,6,3,0,100.0,455607.71,90,0.0,0.2633,Yes,South West,0
28,Female,Casual,259058.78,98500.0,3,1,0,87.63,84274.88,19,0.0,0.1267,No,South East,1
49,Female,Salaried,241581.79,215500.0,1,4,0,80.31,236227.51,44,0.0,0.892,Yes,South South,0
39,Female,Self-employed,217601.77,217100.0,12,3,0,83.63,46323.53,115,7301.01,0.0831,No,South West,0
23,Female,Trader,132429.27,90500.0,1,2,0,88.74,96021.38,26,7170.05,0.6834,No,South West,0
52,Female,Casual,147936.71,88500.0,3,2,0,97.23,143767.66,90,0.0,0.1994,No,North East,0
57,Male,Self-employed,211515.26,189600.0,9,3,0,92.46,195627.9,100,12268.62,0.0996,No,South West,0
45,Female,Salaried,160817.98,20000.0,12,0,0,96.32,266810.81,94,1.72,0.02,No,South East,0
26,Female,Self-employed,370703.0,270900.0,2,1,0,89.19,428508.72,21,21416.86,0.3654,Yes,South South,1
25,Female,Salaried,191272.57,216500.0,9,1,0,96.76,177823.56,73,0.0,0.1258,No,South East,0
38,Male,Self-employed,229828.91,237100.0,6,2,0,82.79,259288.85,122,8780.62,0.1719,Yes,South West,0
42,Female,Self-employed,72328.07,20000.0,9,1,0,94.99,91873.67,180,3989.27,0.0307,No,South East,0
44,Female,Casual,332306.1,299800.0,1,2,1,90.02,540080.26,86,1.86,0.9022,No,South East,1
29,Female,Salaried,123370.75,63500.0,12,1,0,87.4,36153.92,31,0.3,0.0429,Yes,South East,0
42,Male,Salaried,91398.77,122200.0,9,0,0,100.0,112267.88,81,0.9,0.1486,Yes,South East,0
32,Male,Self-employed,524779.28,691200.0,12,4,1,64.96,37349.17,140,25270.46,0.1098,Yes,South South,0
50,Male,Salaried,283272.93,58100.0,6,5,1,86.93,17129.19,53,0.19,0.0342,No,South West,1
56,Male,Salaried,339702.1,586600.0,12,5,1,81.87,417030.52,86,0.0,0.1439,No,South West,0
49,Female,Self-employed,241864.92,289200.0,6,2,0,87.79,233285.09,87,6158.82,0.1993,No,North Central,0
18,Female,Self-employed,169424.74,144300.0,6,2,0,96.07,231999.5,171,10056.05,0.142,No,North East,0
65,Female,Salaried,150086.87,219600.0,1,3,0,87.83,101027.11,96,0.0,1.4632,No,North Central,0
19,Male,Self-employed,298681.7,280700.0,12,1,0,95.9,90175.93,89,14699.32,0.0783,No,South East,0
65,Male,Casual,375813.96,540900.0,6,5,0,92.29,417777.85,38,0.39,0.2399,No,South West,0
19,Female,Self-employed,172196.7,257500.0,6,2,0,93.85,156570.92,177,5393.9,0.2492,No,South South,0
42,Male,Self-employed,692362.54,983000.0,9,3,1,75.12,375514.73,66,28329.96,0.1578,Yes,South South,0
23,Female,Salaried,158332.9,54400.0,9,1,0,89.78,129572.61,22,2.22,0.0382,No,South South,0
22,Female,Salaried,72737.08,145500.0,6,4,1,71.38,69451.58,22,0.0,0.3334,No,South East,0
50,Female,Self-employed,58789.72,66100.0,9,0,0,98.34,22938.52,36,1484.72,0.1249,No,South East,0
52,Male,Trader,60093.57,69400.0,6,1,0,100.0,75761.64,156,2560.47,0.1925,No,North West,0
23,Male,Salaried,137548.86,29600.0,9,1,1,97.87,144739.43,1,0.0,0.0239,No,South West,0
64,Female,Salaried,154801.73,62300.0,6,2,0,100.0,24577.76,53,0.0,0.0671,No,South West,0
33,Male,Self-employed,280520.45,319900.0,9,5,1,84.12,245695.58,144,11528.94,0.1267,No,South South,1
33,Male,Self-employed,176683.79,136700.0,12,2,0,100.0,87497.3,167,6764.17,0.0645,No,South West,0
32,Male,Unemployed,311421.73,352000.0,6,3,0,96.31,472253.32,95,0.79,0.1884,No,North East,0
40,Male,Salaried,185329.85,20000.0,2,5,1,80.63,147055.76,25,0.0,0.054,No,South South,0
26,Female,Salaried,181588.98,20000.0,6,3,1,94.22,52117.27,30,0.0,0.02,No,South South,0
38,Male,Self-employed,123664.49,65900.0,12,2,0,100.0,142046.49,81,3340.59,0.0444,No,South East,1
28,Male,Salaried,453792.18,367500.0,12,1,0,88.68,220514.99,47,2.0,0.0675,No,South East,0
20,Male,Salaried,66519.3,224700.0,3,0,0,100.0,108621.63,32,0.0,1.126,No,South West,0
35,Female,Self-employed,218942.37,20000.0,12,4,0,97.93,23682.08,91,10171.58,0.02,No,South West,0
50,Male,Self-employed,159953.64,103400.0,3,4,1,72.04,42636.96,100,6234.12,0.2155,No,North West,0
54,Male,Salaried,299195.54,149000.0,12,2,0,94.42,505120.53,42,0.0,0.0415,No,North East,0
34,Female,Trader,177579.38,235800.0,12,2,0,93.51,286697.02,178,8350.46,0.1107,No,South West,0
33,Male,Self-employed,181014.16,92900.0,6,2,2,57.33,27280.69,31,7993.9,0.0855,Yes,South South,0
55,Female,Salaried,151356.97,312200.0,12,4,1,72.46,102217.05,18,1.04,0.1719,No,South South,0
50,Female,Casual,445222.21,285800.0,6,2,0,100.0,713258.57,91,0.0,0.107,Yes,North East,0
57,Female,Self-employed,180281.71,281200.0,6,0,0,88.9,89556.95,97,5173.0,0.26,No,South West,0
61,Male,Unemployed,647572.1,736100.0,12,3,0,98.07,950681.26,77,0.0,0.0947,No,North West,0
57,Male,Unemployed,214845.13,374900.0,2,3,0,100.0,195495.44,31,0.06,0.8725,No,South East,1
62,Female,Self-employed,182563.99,22400.0,3,2,1,66.74,252421.13,147,11875.88,0.0409,No,South East,0
37,Male,Salaried,163775.13,46500.0,3,0,0,100.0,187500.57,26,0.0,0.0946,Yes,North East,0
36,Female,Casual,259749.4,163500.0,9,1,1,78.22,357753.89,8,0.0,0.0699,No,South West,0
33,Female,Self-employed,122793.14,162000.0,9,2,1,82.81,75915.14,35,7971.99,0.1466,Yes,North West,0
29,Male,Salaried,197885.66,93100.0,12,1,1,95.34,331379.42,3,0.16,0.0392,No,North West,1
53,Male,Self-employed,180954.55,238300.0,12,3,0,100.0,127145.67,170,9379.38,0.1097,No,South East,0
52,Male,Self-employed,222375.6,186900.0,12,2,1,78.86,25125.82,128,8608.29,0.07,Yes,North West,0
56,Male,Casual,225986.79,441600.0,9,3,0,90.26,297671.08,77,0.0,0.2171,Yes,North West,0
26,Male,Trader,233750.32,20000.0,12,2,0,90.85,95634.17,36,14626.31,0.02,No,South West,0
41,Female,Casual,191453.5,20000.0,3,2,1,77.68,38858.59,25,0.23,0.0348,No,South South,0
28,Female,Trader,499081.86,507200.0,9,0,0,100.0,589127.09,135,18131.75,0.1129,No,South West,0
60,Female,Trader,236897.27,158400.0,1,1,0,97.78,316619.76,41,5149.74,0.6686,Yes,South West,0
30,Male,Self-employed,979309.7,764300.0,2,3,0,95.47,1072132.35,46,42642.34,0.3902,Yes,South East,0
24,Male,Unemployed,185928.14,241700.0,3,1,1,74.78,84546.0,2,0.0,0.4333,Yes,South West,1
45,Male,Unemployed,335710.94,445300.0,2,3,0,99.1,132960.38,76,0.0,0.6632,Yes,South West,0
60,Female,Casual,112283.27,186800.0,12,4,2,44.95,63632.97,76,0.0,0.1386,No,North Central,1
61,Female,Trader,447407.52,210000.0,6,6,1,95.98,530279.98,121,14961.14,0.0782,No,South East,0
22,Male,Self-employed,113883.08,116100.0,12,3,0,92.12,16831.04,31,3536.71,0.085,Yes,North West,0
33,Male,Salaried,242082.25,308100.0,6,0,0,87.33,356067.71,70,0.0,0.2121,No,North West,0
25,Female,Casual,151574.79,126700.0,9,1,1,85.15,248415.7,65,1.22,0.0929,Yes,South South,0
32,Female,Salaried,241474.03,188000.0,3,1,0,100.0,364678.12,58,0.32,0.2595,No,South East,0
43,Female,Salaried,154522.44,138500.0,12,1,0,93.48,115694.6,67,0.0,0.0747,No,South South,0
31,Female,Self-employed,107763.87,120100.0,1,1,0,100.0,99122.01,107,6994.47,1.1145,No,North West,0
21,Female,Trader,150870.5,51900.0,9,5,0,100.0,135516.78,2,3236.17,0.0382,No,South South,0
42,Female,Self-employed,490283.57,810600.0,12,8,2,73.56,507586.52,32,10422.0,0.1378,No,South South,0
20,Male,Salaried,243882.47,162000.0,12,6,1,68.89,356180.95,19,0.0,0.0554,Yes,South West,1
28,Female,Salaried,77882.74,189400.0,12,2,0,94.88,115119.13,5,0.99,0.2027,No,South East,0
18,Female,Salaried,366850.94,216500.0,3,2,0,94.06,206533.99,82,0.0,0.1967,Yes,South West,0
22,Female,Self-employed,100833.7,248400.0,6,2,0,92.26,23504.13,137,2212.2,0.4106,No,South West,0
38,Male,Salaried,291820.94,202700.0,2,0,0,91.41,282238.22,22,0.0,0.3473,Yes,North Central,0
58,Female,Trader,257885.12,463300.0,6,0,0,99.26,29301.52,146,8916.78,0.2994,Yes,South East,0
55,Female,Salaried,268690.1,327200.0,1,1,0,85.29,313807.63,11,1.31,1.2178,No,South South,0
22,Female,Self-employed,600360.2,971800.0,9,6,3,72.08,736251.21,104,12740.07,0.1799,No,North Central,1
19,Male,Self-employed,105039.9,154400.0,12,0,0,93.65,121611.89,82,2600.26,0.1225,No,South West,0
34,Male,Self-employed,267728.51,259100.0,9,6,3,46.59,127582.95,23,13694.13,0.1075,No,North West,1
49,Female,Casual,408172.32,224000.0,12,4,0,91.97,520458.83,21,0.0,0.0457,No,North West,0
53,Female,Salaried,118484.81,92700.0,6,0,0,95.39,63161.88,0,0.0,0.1304,Yes,South West,0
57,Female,Self-employed,110854.33,194900.0,3,2,1,91.61,83169.6,5,3545.99,0.5861,No,North Central,1
34,Male,Trader,149348.87,334400.0,9,2,1,86.67,179750.25,2,6293.78,0.2488,Yes,South West,1
26,Male,Salaried,222301.22,71400.0,3,0,0,100.0,124946.33,44,0.0,0.1071,No,South West,0
19,Female,Casual,71962.65,20000.0,6,4,1,77.83,108933.67,31,0.0,0.0463,Yes,North Central,1
25,Female,Unemployed,257589.74,20000.0,12,2,0,92.51,151452.65,35,1.07,0.02,Yes,South West,0
21,Male,Trader,72060.46,85600.0,6,0,0,100.0,105860.97,83,4448.02,0.198,No,South West,0
59,Male,Unemployed,417223.43,330700.0,3,4,1,83.16,668120.55,5,0.64,0.2642,No,South East,1
30,Female,Self-employed,251364.8,457600.0,1,3,2,73.42,167901.6,150,14640.61,1.8205,Yes,South South,1
57,Female,Self-employed,624216.81,320500.0,9,4,1,80.85,84276.47,175,28740.88,0.057,Yes,South South,0
44,Female,Salaried,278012.56,504900.0,3,2,0,96.06,130355.87,95,0.0,0.6054,No,South West,1
43,Male,Salaried,147652.65,317500.0,9,2,0,86.41,195032.75,25,0.65,0.2389,No,South East,0
39,Male,Salaried,107105.76,116300.0,6,3,0,95.28,22181.42,39,0.97,0.181,No,South East,0
57,Male,Self-employed,210237.12,254700.0,12,1,0,95.15,314201.85,122,9011.79,0.101,Yes,North Central,0
20,Male,Self-employed,176495.25,60000.0,12,1,0,98.14,183135.91,53,4536.96,0.0283,No,North East,0
22,Female,Salaried,389143.13,144400.0,3,2,0,81.75,531202.27,48,0.0,0.1237,No,South West,0
38,Female,Trader,98430.88,47800.0,12,0,0,80.01,128209.55,38,5064.65,0.0405,No,South South,1
36,Female,Salaried,669508.02,858200.0,2,6,1,74.01,865319.7,88,1.49,0.6409,No,South West,1
44,Male,Self-employed,412221.93,119900.0,2,2,1,76.13,37233.9,19,12878.28,0.1454,No,South West,0
53,Male,Salaried,157695.58,214800.0,6,2,0,86.18,200152.96,7,1.82,0.227,No,South East,0
46,Female,Trader,579137.79,416500.0,3,1,0,84.42,676541.16,175,20664.9,0.2397,No,North West,0
30,Female,Self-employed,108193.75,20000.0,12,4,0,97.03,112829.6,31,3058.44,0.02,Yes,South West,0
33,Male,Trader,205735.26,391200.0,12,1,0,91.82,301202.3,77,12379.57,0.1585,Yes,South West,1
54,Male,Salaried,78511.94,20000.0,12,3,1,87.57,72452.76,23,0.02,0.0212,No,South West,0
27,Male,Self-employed,597782.44,122300.0,2,3,0,84.37,592506.15,125,20777.32,0.1023,No,North West,0
42,Female,Unemployed,61692.07,52100.0,9,2,1,81.36,55790.6,44,1.06,0.0938,No,North East,1
43,Male,Salaried,70574.56,20000.0,6,2,0,100.0,90218.21,16,0.78,0.0472,No,South West,0
54,Male,Self-employed,119151.21,200800.0,1,1,0,91.92,188911.28,99,4447.34,1.6853,No,South West,1
52,Male,Salaried,425160.71,561100.0,12,2,1,77.85,441584.9,17,0.0,0.11,No,South South,0
40,Male,Salaried,334824.34,352700.0,12,4,2,66.97,212008.09,29,0.0,0.0878,Yes,South East,1
32,Male,Self-employed,194861.64,242700.0,12,1,0,100.0,174228.29,38,6884.99,0.1038,No,South West,0
35,Male,Salaried,349065.26,89600.0,12,3,0,89.55,562152.5,66,0.24,0.0214,No,North West,0
37,Male,Self-employed,166990.67,71600.0,2,0,0,90.07,58887.94,55,8277.13,0.2144,Yes,South West,0
28,Female,Unemployed,236875.71,471200.0,12,3,2,70.93,366079.55,79,0.39,0.1658,No,North West,1
48,Female,Salaried,526672.44,795100.0,12,5,1,79.71,749076.69,76,1.75,0.1258,No,North East,0
28,Male,Salaried,153339.53,360300.0,9,1,0,96.26,100905.99,53,0.0,0.2611,No,South West,0
49,Male,Casual,109378.53,137000.0,3,0,0,95.66,163863.43,75,1.23,0.4175,Yes,North West,0
54,Female,Self-employed,244373.66,218200.0,6,0,0,93.65,314248.26,26,12635.54,0.1488,No,South South,0
64,Female,Casual,291236.35,474300.0,1,8,1,88.52,470314.83,20,0.11,1.6286,No,South East,0
23,Male,Self-employed,193397.54,341700.0,1,4,1,87.86,171944.5,123,9169.51,1.7668,No,North East,0
54,Male,Trader,345556.0,548400.0,12,2,1,76.75,425935.54,104,20515.89,0.1323,No,South East,0
22,Male,Unemployed,157927.87,243800.0,12,2,0,100.0,99949.77,49,0.0,0.1286,Yes,South West,0
34,Female,Salaried,195558.93,59700.0,12,2,0,93.69,133269.68,88,2.51,0.0254,No,South West,0
26,Male,Casual,229621.09,20000.0,3,1,0,85.0,79751.66,53,1.82,0.029,No,South South,0
25,Male,Trader,216966.19,20000.0,9,1,0,87.53,216855.37,162,10744.51,0.02,No,North East,0
26,Female,Casual,513671.22,334600.0,6,2,0,91.13,28891.3,79,0.0,0.1086,No,South West,0
20,Female,Salaried,228873.26,24100.0,6,3,1,88.14,358360.67,13,1.26,0.02,No,North Central,0
57,Male,Self-employed,147735.05,241900.0,6,0,0,86.76,88192.35,17,6064.06,0.2729,No,South West,0
20,Female,Salaried,253698.09,404800.0,12,0,0,81.4,273207.57,27,0.5,0.133,Yes,North East,0
37,Male,Unemployed,346786.7,474200.0,12,4,1,76.75,574749.6,19,0.0,0.114,No,South West,0
51,Male,Salaried,297736.8,416800.0,12,2,0,90.66,220508.39,6,1.52,0.1167,No,North Central,0
65,Male,Salaried,287200.84,123000.0,1,3,1,84.15,48229.19,89,0.29,0.4283,No,South West,1
58,Female,Casual,67980.73,20000.0,6,4,1,78.19,45500.16,18,0.65,0.049,No,North East,0
24,Male,Self-employed,35617.02,20000.0,6,2,0,98.99,59399.88,156,2142.19,0.0936,No,South West,0
65,Female,Trader,412352.6,244800.0,9,2,1,80.01,672315.02,130,11370.39,0.066,No,South West,0
49,Male,Self-employed,239418.77,306400.0,12,4,0,85.48,281500.36,174,9840.77,0.1066,No,South West,0
26,Female,Trader,177493.06,113900.0,2,2,0,100.0,207963.2,173,8805.96,0.3209,No,North Central,0
39,Male,Salaried,282664.4,355300.0,1,1,1,81.48,239490.29,18,0.1,1.257,No,North West,0
62,Male,Self-employed,629992.75,637500.0,12,0,0,98.53,556271.18,33,22320.08,0.0843,No,South West,0
36,Female,Self-employed,451128.45,546000.0,6,1,0,91.42,434262.81,171,14158.6,0.2017,No,North East,0
26,Female,Self-employed,336433.4,591900.0,6,0,0,98.6,236892.05,146,8655.03,0.2932,Yes,North West,0
60,Male,Salaried,101148.04,47500.0,12,1,1,82.46,141407.38,65,0.0,0.0391,Yes,South West,0
63,Female,Salaried,110061.89,157400.0,9,0,0,94.9,170462.43,92,0.0,0.1589,No,South South,0
64,Female,Trader,38160.23,20000.0,9,4,1,86.42,56227.16,117,1963.72,0.0582,No,South South,0
63,Female,Salaried,271711.44,476700.0,3,3,0,92.31,140356.66,21,0.0,0.5848,Yes,North West,0
59,Male,Self-employed,370022.76,108000.0,9,1,0,82.07,141315.91,69,18452.86,0.0324,No,South West,0
39,Male,Self-employed,390166.11,145200.0,6,3,0,96.02,647627.29,61,23072.39,0.062,Yes,South West,0
27,Female,Self-employed,279216.27,366800.0,9,0,0,100.0,86286.94,112,12303.59,0.146,Yes,South West,0
47,Male,Trader,162847.37,237000.0,6,0,0,93.69,108448.39,166,10223.81,0.2426,No,South East,0
28,Female,Self-employed,124733.13,256500.0,1,2,1,74.43,16588.78,152,5202.69,2.0,Yes,North Central,1
40,Female,Casual,105263.82,20000.0,6,2,0,95.83,41728.11,6,1.99,0.0317,Yes,South West,0
49,Female,Trader,161859.83,319900.0,6,4,1,89.3,122204.96,155,4559.25,0.3294,No,South East,0
63,Female,Casual,95332.41,54800.0,6,2,1,81.66,14393.29,22,0.0,0.0958,No,South East,0
31,Female,Trader,563589.98,904600.0,1,0,0,83.54,562047.84,157,30884.35,1.6051,No,South South,1
30,Male,Salaried,77201.23,227200.0,12,2,1,84.74,58694.88,28,1.94,0.2452,Yes,South East,0
53,Female,Unemployed,158360.21,140400.0,6,0,0,96.55,120502.13,71,0.0,0.1478,No,South South,0
18,Male,Casual,51132.22,20000.0,6,4,1,82.38,66901.99,14,0.0,0.0652,Yes,South South,0
45,Female,Self-employed,218266.66,246600.0,9,2,0,90.54,153289.52,140,14098.43,0.1255,Yes,North East,0
53,Female,Salaried,179721.32,224200.0,9,3,0,96.34,29274.03,32,0.0,0.1386,No,South West,0
44,Female,Salaried,142742.62,24700.0,6,0,0,92.38,168090.16,48,0.0,0.0288,No,North West,0
36,Male,Trader,98164.8,134000.0,2,1,0,90.94,117830.87,121,3869.36,0.6825,No,South East,1
57,Male,Self-employed,180288.27,57600.0,3,3,0,92.0,161864.4,33,7543.28,0.1065,No,North West,0
35,Female,Trader,126350.18,154200.0,2,2,2,69.85,7462.43,31,4363.3,0.6102,No,North East,1
52,Female,Self-employed,164678.11,92600.0,3,2,1,87.61,266040.94,56,5544.33,0.1874,No,North West,0
40,Female,Self-employed,642448.3,1172100.0,6,2,0,90.4,354420.47,57,23609.7,0.3041,Yes,South East,0
19,Male,Salaried,201315.24,216100.0,6,2,0,95.39,111733.9,52,0.0,0.1789,Yes,North West,0
43,Female,Salaried,254505.01,183100.0,2,4,0,96.67,90352.98,94,0.0,0.3597,No,North West,0
20,Male,Salaried,133093.88,30000.0,9,0,0,97.9,146499.12,3,0.0,0.025,Yes,South East,0
62,Female,Casual,108101.84,122200.0,1,2,0,97.37,111589.11,80,0.0,1.1304,No,South West,0
46,Female,Self-employed,177333.89,123300.0,12,1,0,100.0,268837.83,112,9881.73,0.0579,No,South West,0
35,Male,Unemployed,916451.14,1493400.0,6,2,1,89.33,991482.19,81,0.0,0.2716,Yes,North West,1
41,Female,Trader,149325.55,193800.0,6,1,0,100.0,74384.57,72,9296.95,0.2163,No,North East,0
47,Female,Trader,227668.68,36000.0,3,3,1,90.36,306206.51,85,12993.59,0.0527,No,South West,0
30,Male,Self-employed,105056.45,263500.0,6,1,0,100.0,55487.5,149,6691.1,0.418,Yes,North East,0
31,Female,Casual,35000.0,32100.0,6,3,0,85.42,53501.86,39,0.0,0.1529,Yes,North Central,0
38,Female,Unemployed,107723.36,39300.0,12,6,1,83.33,24271.25,71,0.0,0.0304,No,South East,0
30,Female,Trader,845914.29,893300.0,1,2,0,99.96,634585.52,110,40076.64,1.056,No,South South,0
54,Female,Salaried,265061.15,21800.0,6,1,0,93.69,441804.09,93,0.0,0.02,No,South South,1
22,Male,Trader,522987.51,177800.0,12,4,1,62.39,678256.55,112,18350.43,0.0283,No,North Central,0
57,Female,Salaried,143586.47,256900.0,6,2,0,77.7,88789.07,78,0.02,0.2982,No,South West,0
34,Male,Salaried,38900.87,20000.0,6,1,0,92.04,49779.85,57,0.2,0.0857,No,North West,0
44,Male,Trader,87557.52,270700.0,12,0,0,90.23,6561.53,66,4846.91,0.2576,No,South East,0
25,Male,Casual,232996.39,247000.0,6,2,1,65.65,18499.67,62,0.03,0.1767,No,South West,0
36,Male,Salaried,210062.66,70900.0,1,1,1,78.95,150850.34,21,0.0,0.3375,Yes,South East,1
54,Male,Salaried,178784.54,289800.0,12,3,1,71.38,291658.43,18,0.42,0.1351,Yes,South East,0
30,Male,Casual,127522.78,211200.0,1,1,0,82.34,125672.54,94,0.18,1.6562,Yes,North East,0
24,Female,Salaried,331547.82,63800.0,12,1,0,100.0,71786.89,27,0.0,0.02,Yes,South South,0
43,Female,Salaried,129941.13,20000.0,2,3,1,85.0,130339.65,20,0.56,0.077,Yes,North West,0
25,Male,Trader,219870.3,323600.0,1,1,1,82.55,338321.61,55,14326.24,1.4718,No,North West,1
33,Female,Casual,204367.56,61100.0,6,2,1,74.8,203855.24,13,0.0,0.0498,Yes,South East,1
39,Male,Self-employed,141660.06,147500.0,12,3,1,79.39,73261.13,17,8492.83,0.0868,Yes,North West,0
45,Female,Self-employed,101505.65,138200.0,1,3,1,80.49,168065.37,64,5841.64,1.3615,Yes,South West,1
48,Male,Self-employed,136345.53,204200.0,3,7,0,90.19,218541.62,97,5599.22,0.4992,No,South West,0
50,Female,Salaried,608386.89,127500.0,3,1,0,91.74,503581.87,43,1.76,0.0699,Yes,South South,0
58,Male,Trader,370942.83,372400.0,1,2,0,85.73,531112.08,8,17119.95,1.0039,No,South East,0
21,Female,Casual,349397.25,54600.0,1,1,0,87.89,194433.56,4,0.0,0.1563,No,North Central,0
35,Female,Self-employed,107959.42,57300.0,12,2,1,65.9,44696.14,132,4389.44,0.0442,Yes,South South,0
18,Male,Salaried,70700.94,48200.0,9,0,0,80.14,56216.04,57,1.6,0.0757,No,South South,0
18,Male,Salaried,367116.08,271800.0,3,5,0,83.25,557398.81,60,0.0,0.2468,No,North East,0
28,Male,Salaried,324101.12,314400.0,3,0,0,89.73,425564.15,35,0.0,0.3234,No,South South,0
46,Male,Self-employed,196796.2,253000.0,1,1,0,91.84,333196.99,4,4813.82,1.2856,No,South South,0
60,Female,Salaried,141472.58,136100.0,6,2,1,87.69,191025.73,42,0.0,0.1603,Yes,South West,0
55,Male,Casual,69504.59,71100.0,3,4,2,67.77,93607.15,48,0.3,0.341,No,South East,1
49,Female,Salaried,316324.04,400200.0,12,1,1,87.84,457407.31,58,2.12,0.1054,Yes,South South,0
55,Male,Trader,389142.14,310900.0,3,3,1,77.34,47773.06,68,24724.08,0.2663,Yes,South South,0
26,Female,Self-employed,115763.21,70200.0,6,1,0,98.59,142090.31,158,6909.09,0.1011,No,North West,0
58,Female,Casual,109647.11,207000.0,9,3,1,68.11,19661.4,57,0.95,0.2098,No,North East,1
60,Male,Unemployed,403286.45,613700.0,3,0,0,98.23,352077.45,10,0.0,0.5072,No,North East,0
22,Male,Self-employed,118598.63,117500.0,12,2,0,93.72,99441.65,31,6953.43,0.0826,Yes,South West,0
40,Female,Salaried,572118.41,1089300.0,9,1,0,100.0,740113.0,22,0.0,0.2116,No,North Central,0
57,Male,Trader,167682.65,116900.0,1,0,0,75.24,268537.0,158,9993.78,0.6972,No,South South,1
40,Male,Salaried,140006.9,83300.0,12,1,1,88.27,46804.83,81,1.45,0.0496,No,North Central,1
58,Female,Salaried,185355.77,107300.0,6,3,0,82.62,294451.68,28,0.0,0.0965,No,North Central,0
62,Male,Salaried,140000.53,154600.0,1,1,0,100.0,170955.58,13,0.0,1.1043,Yes,South East,0
40,Female,Casual,374276.53,354700.0,9,4,0,88.1,396845.21,39,0.0,0.1053,Yes,South West,0
20,Female,Salaried,320132.01,224400.0,9,5,0,96.91,406483.66,94,0.0,0.0779,No,North West,1
34,Male,Self-employed,365119.95,161000.0,1,1,0,93.4,150208.84,70,19670.74,0.441,No,North East,0
28,Female,Self-employed,202936.82,196100.0,6,3,1,90.74,30817.56,58,6221.49,0.1611,No,South West,1
40,Female,Trader,133797.36,208100.0,12,3,0,95.06,54005.55,178,7254.42,0.1296,No,North Central,0
46,Male,Self-employed,178942.63,336700.0,9,3,0,100.0,113223.95,60,8157.68,0.2091,No,South West,0
40,Female,Casual,136490.35,31600.0,6,1,0,88.96,103475.32,83,0.0,0.0386,No,South West,0
27,Male,Trader,466960.46,758600.0,6,4,2,53.75,116237.0,135,24561.3,0.2708,No,South West,1
32,Male,Self-employed,345307.31,675300.0,6,0,0,89.43,448043.17,105,19353.53,0.3259,No,South West,0
50,Female,Self-employed,169604.09,271600.0,9,2,0,98.43,162918.77,87,6472.09,0.1779,No,South West,0
19,Female,Casual,98568.14,160200.0,1,1,0,98.72,112444.41,12,0.65,1.6253,No,South West,1
28,Female,Trader,490047.66,458100.0,6,4,0,84.99,93377.83,51,11339.05,0.1558,No,North Central,0
60,Male,Self-employed,196723.96,268000.0,6,2,0,88.06,172255.71,126,10866.59,0.2271,No,North West,0
22,Female,Self-employed,165396.89,141600.0,9,2,0,96.02,246982.69,175,9077.0,0.0951,No,South South,0
37,Male,Salaried,492862.94,656100.0,9,4,0,100.0,724309.58,30,0.0,0.1479,No,South West,0
27,Female,Salaried,129216.61,36500.0,6,2,0,89.08,155962.12,36,0.0,0.0471,No,South West,0
23,Male,Salaried,146299.28,20000.0,6,2,0,84.01,153583.95,63,0.7,0.0228,No,South East,0
38,Female,Salaried,154928.47,114900.0,6,3,0,100.0,244086.09,87,0.0,0.1236,Yes,South South,0
43,Female,Salaried,76492.06,94900.0,12,3,1,65.81,17341.34,10,0.1,0.1034,No,South South,1
26,Female,Casual,221004.89,185000.0,12,2,1,85.41,25852.31,20,0.0,0.0698,Yes,South South,0
21,Male,Casual,109665.27,195600.0,12,1,1,63.2,137049.59,95,0.72,0.1486,Yes,South West,0
24,Male,Casual,124211.74,51600.0,12,1,0,93.16,78733.81,3,0.0,0.0346,No,South West,1
49,Female,Trader,113871.86,20000.0,12,3,0,91.53,30660.7,27,3743.35,0.02,No,South West,0
59,Female,Trader,122898.8,112900.0,3,1,0,88.52,196058.69,64,3280.94,0.3062,No,North East,0
26,Female,Salaried,104340.8,92300.0,6,4,0,100.0,8682.67,88,0.0,0.1474,No,South West,0
33,Female,Trader,211377.59,74300.0,6,3,1,82.35,285986.54,123,10705.4,0.0586,No,South West,1
34,Male,Self-employed,162685.9,324000.0,6,2,0,92.82,116279.17,90,10276.56,0.3319,No,North Central,0
35,Male,Self-employed,185705.51,245900.0,12,2,0,92.2,125812.92,120,4452.19,0.1103,Yes,South West,0
29,Male,Unemployed,831240.45,388500.0,3,2,0,88.62,607481.63,11,0.0,0.1558,No,South West,0
20,Female,Casual,162689.27,121900.0,2,1,0,100.0,101980.85,2,0.2,0.3746,No,South West,0
43,Female,Salaried,266712.9,421900.0,3,2,1,82.92,60971.15,23,0.0,0.5273,No,North East,0
35,Male,Trader,287190.02,247300.0,2,2,0,100.0,350595.0,64,16954.55,0.4306,No,South South,0
34,Female,Salaried,172793.98,271000.0,6,2,0,88.22,156065.21,33,1.13,0.2614,No,South West,0
30,Male,Salaried,215061.98,211900.0,2,1,0,94.13,151653.09,16,0.0,0.4926,No,North West,0
62,Female,Salaried,182438.05,295000.0,1,0,0,90.65,169646.33,20,0.51,1.617,No,North East,0
47,Female,Salaried,205330.28,39800.0,6,3,0,88.38,172649.58,46,0.0,0.0323,No,South West,1
38,Male,Trader,122943.01,229600.0,6,0,0,92.68,55975.58,167,3332.49,0.3113,No,South East,1
27,Female,Self-employed,130545.2,232500.0,6,3,1,88.74,39978.9,68,5023.37,0.2968,No,South South,1
56,Male,Salaried,181990.83,20000.0,1,0,0,100.0,249248.07,81,0.0,0.1099,No,North West,0
60,Female,Unemployed,49959.84,26900.0,12,5,1,80.32,61405.94,55,0.0,0.0449,No,South West,1
19,Female,Self-employed,475993.48,285500.0,2,0,0,84.43,174876.44,157,26788.81,0.2999,No,South West,0
62,Female,Self-employed,733270.42,530300.0,9,0,0,96.25,184275.17,90,37727.96,0.0804,Yes,South South,0
51,Female,Self-employed,201076.32,375900.0,12,2,1,81.89,192480.28,119,4302.5,0.1558,No,North Central,1
22,Female,Self-employed,277414.23,20000.0,12,3,0,87.24,312527.77,39,17341.76,0.02,Yes,South South,0
54,Female,Self-employed,363450.95,294900.0,6,2,0,98.47,369234.66,165,16138.92,0.1352,Yes,South East,0
23,Male,Trader,76090.36,20000.0,3,3,1,72.99,38234.26,126,3812.77,0.0876,Yes,North Central,0
20,Male,Casual,329092.06,312700.0,12,1,1,84.49,413866.58,44,0.48,0.0792,No,North West,0
23,Female,Self-employed,136424.45,144300.0,9,1,1,81.56,54496.42,143,3316.46,0.1175,No,North Central,0
40,Female,Self-employed,797855.58,920400.0,12,5,1,82.54,714620.32,35,48239.76,0.0961,No,South West,0
47,Female,Salaried,159267.97,135500.0,6,4,1,74.96,57937.21,38,0.0,0.1418,Yes,South East,1
37,Male,Casual,324821.34,58800.0,12,1,0,100.0,203947.9,13,0.0,0.02,No,South West,0
23,Male,Self-employed,160290.6,336700.0,12,1,1,79.79,139946.11,101,3997.67,0.175,No,South East,0
27,Female,Salaried,750550.65,689400.0,9,2,0,93.81,746451.53,71,0.84,0.1021,Yes,South South,0
58,Male,Unemployed,129015.07,269500.0,12,2,1,67.36,29486.18,86,0.0,0.1741,Yes,North East,0
64,Female,Trader,383854.88,459800.0,6,0,0,88.04,245136.16,119,20392.3,0.1996,No,North West,0
54,Female,Salaried,270506.86,517100.0,3,4,1,82.03,253521.52,14,0.0,0.6372,No,South East,1
22,Female,Salaried,234102.33,268400.0,9,2,1,84.07,319815.12,24,0.08,0.1274,Yes,South East,1
57,Male,Self-employed,208890.81,261900.0,9,4,1,79.07,99528.43,135,8971.01,0.1393,No,South East,1
51,Female,Unemployed,116675.75,101600.0,6,1,0,91.32,157988.03,88,1.11,0.1451,No,North Central,0
43,Female,Self-employed,35000.0,54000.0,3,1,1,94.76,57459.8,53,1886.2,0.5143,Yes,North Central,0
24,Female,Salaried,361879.66,389200.0,9,2,0,91.14,404514.05,87,0.0,0.1195,No,North West,0
65,Male,Self-employed,131001.85,191500.0,3,1,0,95.14,166160.87,107,4668.53,0.4873,Yes,South West,0
39,Female,Self-employed,384982.14,538500.0,9,0,0,100.0,528594.3,13,20487.42,0.1554,No,South West,0
20,Female,Salaried,226231.86,248500.0,12,1,0,89.94,334691.98,19,0.0,0.0915,No,North West,0
28,Female,Casual,392730.55,252600.0,2,1,0,84.22,82947.47,35,0.93,0.3216,No,South South,0
37,Male,Salaried,303137.65,132800.0,12,1,0,90.89,172991.52,79,0.15,0.0365,No,South East,1
20,Female,Casual,36266.88,89900.0,3,2,0,100.0,32112.01,31,0.0,0.8263,No,South West,0
33,Male,Casual,268443.11,338400.0,6,4,1,84.76,161787.92,84,2.5,0.2101,No,South West,1
40,Female,Salaried,143964.65,275600.0,12,2,0,98.52,59643.22,21,0.0,0.1595,Yes,South West,0
63,Female,Trader,383835.52,397400.0,1,0,0,84.6,598410.24,96,24193.05,1.0353,No,North Central,0
22,Male,Trader,264341.47,416300.0,1,0,0,82.49,348963.38,125,12806.89,1.5749,Yes,South South,1
45,Male,Trader,266370.11,213400.0,12,1,0,97.85,111450.18,160,11730.85,0.0668,Yes,South West,0
61,Female,Self-employed,150806.72,96600.0,2,2,1,86.26,67522.83,143,8146.16,0.3203,Yes,South East,0
56,Male,Salaried,99460.72,20000.0,6,0,0,87.39,108764.11,76,0.0,0.0335,No,North West,0
62,Female,Salaried,135853.94,105100.0,6,4,0,85.78,111343.33,91,0.2,0.1289,No,North Central,0
26,Female,Trader,55869.96,84500.0,1,2,0,92.64,31162.52,99,1229.53,1.5124,No,South East,0
56,Male,Salaried,122637.57,20000.0,3,2,0,93.48,175083.94,11,0.7,0.0544,No,South West,0
64,Male,Salaried,69494.9,99300.0,12,2,0,85.26,110543.81,61,0.0,0.1191,Yes,North East,0
33,Female,Self-employed,70698.57,74700.0,6,0,0,93.31,45822.49,174,3074.71,0.1761,No,North Central,0
41,Male,Salaried,194157.19,230800.0,6,1,0,83.65,216606.61,44,0.16,0.1981,Yes,South South,0
43,Female,Casual,254700.58,143400.0,9,3,0,89.35,153673.68,61,1.02,0.0626,No,South West,0
41,Female,Casual,176318.34,318100.0,3,1,0,84.6,286566.42,20,0.08,0.6014,No,North Central,0
31,Male,Casual,130157.21,181800.0,6,1,0,93.04,93437.47,29,0.91,0.2328,Yes,South East,0
64,Male,Salaried,97236.05,141900.0,12,3,1,71.75,38146.42,10,0.34,0.1216,No,South East,0
63,Male,Self-employed,146464.26,241300.0,9,2,0,100.0,103689.26,57,5472.77,0.1831,No,South West,0
36,Male,Casual,105479.0,91500.0,6,1,0,95.94,60684.5,57,0.22,0.1446,No,North East,0
56,Male,Self-employed,172796.89,330500.0,6,1,1,70.32,153825.74,92,7806.76,0.3188,No,South South,1
37,Female,Trader,66951.01,57700.0,12,3,0,100.0,13655.77,17,3987.5,0.0718,Yes,South West,0
56,Male,Trader,283954.29,85300.0,6,2,1,83.6,303776.25,118,18469.48,0.0501,No,South West,0
46,Male,Self-employed,124510.07,90200.0,6,2,0,99.1,165209.66,151,5666.35,0.1207,No,North West,0
40,Male,Salaried,229872.28,261600.0,6,1,0,84.75,111269.57,76,0.0,0.1897,No,North East,0
24,Female,Trader,320425.93,305500.0,3,2,0,98.01,148527.39,104,19136.22,0.3178,Yes,South West,0
49,Female,Salaried,222755.09,408900.0,12,2,0,100.0,133974.86,70,0.0,0.153,No,South West,1
33,Female,Casual,302593.18,321200.0,9,3,1,84.33,271374.96,63,0.0,0.1179,Yes,North Central,0
28,Female,Self-employed,46976.21,20000.0,6,5,0,89.66,10333.6,58,2779.87,0.071,No,North West,0
27,Female,Salaried,130660.19,137800.0,6,4,1,90.63,125658.73,52,0.0,0.1758,No,North Central,0
65,Male,Trader,368690.18,318500.0,12,2,0,89.02,420263.19,99,20467.6,0.072,No,South South,0
22,Male,Self-employed,250624.56,337300.0,6,4,0,97.19,417404.51,165,12452.35,0.2243,Yes,South West,0
56,Female,Salaried,598518.82,501900.0,9,0,0,100.0,983053.38,79,0.0,0.0932,No,North Central,0
59,Female,Unemployed,545010.01,232400.0,12,3,1,73.11,313066.45,88,0.0,0.0355,Yes,South South,0
19,Male,Trader,218697.99,315400.0,12,1,0,97.4,251452.67,163,8025.1,0.1202,No,South South,0
46,Female,Trader,152806.25,228600.0,6,1,0,100.0,192393.18,138,7927.75,0.2493,No,South East,0
45,Male,Casual,96541.38,167100.0,9,0,0,100.0,137395.97,19,0.0,0.1923,No,South South,0
35,Female,Self-employed,132116.13,256900.0,3,1,0,98.81,25299.32,97,5406.82,0.6482,Yes,North West,0
50,Female,Self-employed,138047.3,262200.0,12,3,0,80.07,36419.68,109,4413.77,0.1583,Yes,South West,0
37,Female,Salaried,122406.18,236100.0,1,1,0,87.08,66377.01,70,0.0,1.9288,No,North Central,0
39,Male,Salaried,99090.87,20000.0,6,7,0,99.89,48695.99,47,1.37,0.0336,No,North East,0
38,Female,Self-employed,233686.77,279300.0,6,3,1,75.1,313350.71,142,12185.22,0.1992,No,South South,0
56,Male,Self-employed,542274.67,1023900.0,12,2,0,90.36,756491.52,170,30508.16,0.1573,No,North West,0
48,Female,Trader,330158.8,277600.0,3,4,1,90.76,271271.88,179,18205.48,0.2803,Yes,South South,0
36,Female,Self-employed,145967.47,47600.0,1,0,0,98.45,121849.77,6,9051.23,0.3261,No,North East,0
62,Male,Trader,347955.85,284800.0,12,0,0,88.07,315211.26,108,8878.51,0.0682,No,North Central,0
56,Female,Casual,225490.93,395900.0,6,3,1,84.55,23156.81,35,0.0,0.2926,No,South West,1
62,Female,Unemployed,175300.04,173200.0,3,2,0,87.09,123724.37,25,1.12,0.3293,No,South South,0
53,Female,Self-employed,168330.12,196500.0,2,0,0,82.68,33831.66,105,6944.33,0.5837,No,South East,0
36,Male,Casual,158063.33,208400.0,12,8,1,84.05,42640.53,7,1.16,0.1099,No,South West,0
55,Female,Casual,274829.2,520500.0,9,2,0,85.11,324403.83,8,0.0,0.2104,No,North East,0
33,Female,Salaried,197106.15,232400.0,9,3,0,84.99,186884.94,32,0.94,0.131,Yes,North Central,0
31,Male,Self-employed,112110.17,218700.0,12,3,1,69.53,86134.82,44,4049.86,0.1626,No,North West,1
39,Male,Salaried,108636.01,156900.0,12,1,0,94.91,141479.1,50,0.5,0.1204,No,South South,0
64,Male,Trader,219597.09,148300.0,6,2,0,99.25,221528.61,137,7118.44,0.1126,No,North West,0
45,Male,Self-employed,237835.71,368800.0,2,1,0,91.68,114968.24,134,6968.98,0.7753,No,South South,0
36,Male,Self-employed,146851.32,42000.0,9,1,0,85.3,168041.1,22,7597.53,0.0318,No,South East,0
40,Female,Trader,86241.65,20000.0,9,3,0,85.84,45184.48,91,3268.06,0.0258,No,South West,0
31,Female,Self-employed,405890.81,81400.0,1,3,0,82.84,94595.91,128,22926.23,0.2005,No,North West,0
49,Male,Self-employed,353558.81,210500.0,12,1,1,85.19,575012.11,129,21649.99,0.0496,Yes,North East,0
34,Male,Casual,49459.89,20000.0,6,1,1,72.1,70494.17,33,0.0,0.0674,No,South East,0
44,Male,Unemployed,429957.24,587300.0,6,3,0,95.29,409823.28,74,0.98,0.2277,Yes,South West,0
35,Male,Trader,157137.71,224200.0,6,3,0,81.05,32684.54,41,5518.28,0.2378,No,North Central,0
33,Female,Salaried,203659.29,159400.0,12,2,0,100.0,153139.65,7,0.0,0.0652,No,South East,0
64,Female,Salaried,377209.92,587400.0,2,0,0,93.6,377230.2,51,0.8,0.7786,Yes,North West,0
34,Male,Salaried,526950.74,826300.0,6,2,0,82.7,315369.07,39,0.0,0.2613,Yes,South West,1
21,Female,Self-employed,345440.11,223100.0,6,0,0,89.45,127163.32,66,16756.14,0.1076,No,South East,0
36,Male,Salaried,210529.69,81700.0,12,2,0,94.96,186747.98,37,0.12,0.0323,No,South East,0
43,Male,Casual,73610.7,87700.0,6,1,0,87.48,111394.41,19,2.38,0.1986,No,South West,0
22,Female,Trader,48226.38,156200.0,6,2,0,96.22,27679.51,115,2679.92,0.5398,No,South East,0
32,Male,Self-employed,318543.86,459600.0,12,1,0,100.0,474340.38,105,15225.71,0.1202,No,North West,1
25,Male,Salaried,430641.77,494500.0,9,1,0,100.0,291443.3,45,0.43,0.1276,Yes,North Central,0
42,Male,Self-employed,105999.85,20000.0,2,3,1,77.9,54486.16,174,3808.86,0.0943,No,North West,0
52,Female,Self-employed,151048.33,222000.0,2,1,0,100.0,222995.27,178,7085.75,0.7349,Yes,South East,1
64,Male,Trader,125302.9,67300.0,9,2,0,95.03,25662.64,94,7557.81,0.0597,No,North East,0
36,Female,Salaried,123152.3,125500.0,6,0,0,92.78,161477.77,72,0.69,0.1698,No,South West,0
59,Male,Casual,362013.54,215800.0,1,3,1,78.91,302275.23,29,0.0,0.5961,No,South East,0
28,Female,Salaried,207451.88,217500.0,6,1,0,94.27,37531.58,67,0.0,0.1747,No,South East,0
55,Male,Salaried,155087.73,90000.0,12,2,0,96.7,180268.95,51,0.28,0.0484,Yes,South South,0
45,Male,Unemployed,1012669.17,1757500.0,9,1,0,87.39,669047.42,39,2.15,0.1928,Yes,North West,0
54,Male,Salaried,70851.3,88800.0,6,2,0,100.0,92029.15,15,0.54,0.2089,No,North East,0
54,Male,Salaried,257005.9,476800.0,3,3,0,100.0,230995.85,84,0.0,0.6184,No,South East,0
43,Female,Trader,91023.8,106500.0,6,2,1,97.06,125453.54,73,4731.88,0.195,No,South East,0
30,Male,Self-employed,162491.04,53500.0,12,1,0,81.64,14481.48,123,4555.77,0.0274,No,South East,0
43,Female,Salaried,198258.51,398800.0,9,3,0,93.9,168610.37,46,0.0,0.2235,Yes,North West,0
57,Male,Salaried,311669.73,443600.0,3,2,0,88.05,272730.02,49,0.0,0.4744,No,South South,0
64,Female,Salaried,151894.87,63900.0,9,3,0,98.2,221936.94,57,0.3,0.0467,No,South South,1
62,Male,Self-employed,141803.26,109900.0,1,0,0,100.0,207904.56,161,7768.01,0.775,Yes,South West,0
26,Female,Salaried,150137.5,259600.0,6,3,1,79.13,126377.48,95,0.0,0.2882,No,North East,0
46,Male,Trader,89209.51,201000.0,3,2,0,91.54,45051.75,31,3387.34,0.751,Yes,South West,0
23,Male,Casual,271498.94,223900.0,12,3,0,90.33,210787.28,94,0.0,0.0687,Yes,North Central,0
50,Female,Salaried,216117.92,236000.0,9,1,0,92.37,269404.05,51,0.0,0.1213,No,North West,0
65,Female,Self-employed,238845.4,185800.0,6,4,1,83.09,42285.38,120,9428.58,0.1297,Yes,South East,0
20,Male,Salaried,172044.63,106500.0,6,1,0,96.32,286047.78,9,0.0,0.1032,No,South South,0
49,Male,Self-employed,158790.57,243600.0,12,2,0,100.0,175033.31,104,9278.71,0.1278,No,North Central,0
63,Female,Salaried,386486.55,212700.0,3,3,1,77.85,291379.1,3,0.3,0.1834,No,South East,0
58,Female,Casual,349714.83,272500.0,1,1,0,100.0,360305.08,76,0.68,0.7792,No,South East,0
36,Female,Self-employed,451500.84,481200.0,12,1,0,87.58,688201.63,3,10286.63,0.0888,No,North Central,0
22,Male,Self-employed,229325.68,456000.0,12,2,0,84.95,163699.31,76,9068.69,0.1657,Yes,South West,0
62,Male,Trader,433628.65,296500.0,3,1,0,100.0,183685.4,87,25061.16,0.2279,No,South South,0
62,Female,Casual,137345.98,70100.0,3,2,1,81.22,158246.87,95,0.0,0.1701,No,North East,0
45,Male,Self-employed,157969.69,136300.0,9,1,1,76.05,22221.26,143,4988.09,0.0959,No,North Central,0
64,Male,Salaried,391416.55,217900.0,2,2,0,87.48,262250.92,96,0.0,0.2783,No,North Central,0
18,Male,Unemployed,311431.95,174700.0,9,2,0,90.6,122669.3,37,1.78,0.0623,Yes,South East,0
47,Female,Self-employed,149032.45,143800.0,9,2,0,95.46,192363.33,54,5683.81,0.1072,Yes,South East,0
19,Female,Trader,91184.87,20000.0,9,0,0,95.04,133788.98,93,3439.22,0.0244,Yes,North West,0
62,Female,Trader,157650.43,148400.0,6,1,0,83.82,217341.85,113,5199.98,0.1569,No,South South,0
50,Female,Self-employed,115329.4,40700.0,12,4,0,85.05,25255.31,44,3512.38,0.0294,Yes,North Central,0
61,Female,Salaried,552185.54,395400.0,12,4,0,94.91,157297.45,90,0.0,0.0597,No,North East,0
45,Female,Salaried,295002.33,303900.0,9,1,0,98.05,467475.07,36,0.0,0.1145,No,North West,0
21,Female,Self-employed,109410.53,65600.0,6,3,1,76.68,117525.46,67,2979.67,0.0999,No,North East,0
19,Male,Self-employed,91260.01,80400.0,12,0,0,84.02,45835.4,73,5881.91,0.0734,No,South East,0
34,Female,Trader,108532.89,211900.0,6,1,0,94.2,112607.02,90,5430.35,0.3254,Yes,North West,0
53,Male,Trader,125175.96,171900.0,2,2,0,78.54,156922.03,143,6197.72,0.6866,No,North Central,0
25,Female,Casual,161515.58,103100.0,3,3,1,80.03,187501.22,31,0.0,0.2128,No,North West,1
58,Male,Unemployed,371449.18,356400.0,6,2,0,98.16,243602.21,48,0.0,0.1599,No,South South,0
29,Female,Trader,96035.78,147200.0,2,0,0,92.27,102783.27,38,4103.76,0.7664,No,South South,0
41,Male,Salaried,797240.24,381000.0,9,2,1,74.97,155646.45,24,0.87,0.0531,Yes,North West,1
27,Male,Self-employed,97496.03,20000.0,1,0,0,100.0,151944.78,134,3109.62,0.2051,No,South East,0
40,Female,Trader,72029.5,44200.0,6,0,0,94.04,98775.65,173,3945.0,0.1023,No,South South,0
39,Male,Trader,539344.76,107700.0,12,0,0,95.46,811193.57,7,16981.86,0.02,Yes,South West,0
18,Female,Salaried,424865.65,550100.0,2,2,0,100.0,203835.81,82,0.0,0.6474,No,South South,0
45,Male,Trader,159881.05,58700.0,6,2,0,92.73,70637.04,100,4275.66,0.0612,Yes,South West,0
55,Female,Self-employed,230631.88,253700.0,12,1,0,92.07,225037.19,84,9963.72,0.0917,No,North East,0
62,Female,Self-employed,234446.35,286600.0,1,1,1,85.33,156873.74,78,11992.57,1.2225,No,South East,1
33,Female,Casual,196727.58,216100.0,6,4,0,88.27,74113.15,90,0.0,0.1831,No,North East,0
60,Male,Self-employed,77497.46,121600.0,1,6,1,85.46,105844.98,21,4997.79,1.5691,No,South West,0
60,Female,Self-employed,35862.0,20000.0,9,3,0,86.09,6865.58,91,1476.54,0.062,Yes,South East,0
65,Male,Self-employed,103947.38,29700.0,6,0,0,88.9,9738.88,138,3935.87,0.0476,No,South East,0
35,Female,Self-employed,586080.54,687200.0,12,0,0,96.04,830707.62,71,31693.62,0.0977,No,North West,1
58,Female,Salaried,601228.84,130200.0,9,1,1,90.77,246412.67,1,1.09,0.0241,Yes,South South,0
45,Female,Trader,151830.2,236600.0,6,2,0,95.03,227198.76,24,6514.39,0.2597,No,South East,0
20,Male,Self-employed,96571.16,189800.0,12,2,0,84.2,93702.45,110,5763.47,0.1638,Yes,South West,0
30,Male,Trader,215667.02,114800.0,2,4,1,81.35,225419.42,160,7090.37,0.2662,No,North West,0
50,Female,Salaried,239438.03,62700.0,12,3,0,88.44,20162.43,89,0.23,0.0218,Yes,South East,0
25,Male,Unemployed,265980.91,460700.0,9,2,0,98.43,207076.88,89,0.8,0.1925,No,South South,0
38,Female,Trader,35000.0,34300.0,9,1,0,96.01,54529.68,126,2203.03,0.1089,No,South South,0
55,Female,Self-employed,1401780.33,429700.0,9,1,0,83.49,1793478.96,169,82288.96,0.0341,Yes,South South,0
25,Male,Self-employed,375803.12,436600.0,2,1,0,96.52,178392.0,116,20685.7,0.5809,No,South South,0
41,Female,Self-employed,158276.81,20000.0,12,2,0,85.36,18543.49,5,4376.89,0.02,No,South West,0
28,Female,Trader,112837.24,135300.0,9,2,1,90.33,32088.24,27,4900.54,0.1332,No,North East,0
43,Male,Trader,341964.03,20000.0,9,0,0,82.99,465240.3,35,10469.12,0.02,No,North Central,0
29,Female,Trader,248380.87,250800.0,12,2,1,78.3,214887.85,19,15338.66,0.0841,No,South West,1
64,Male,Casual,191110.68,143500.0,6,2,0,87.38,163070.18,20,0.0,0.1251,No,South South,0
21,Male,Self-employed,242469.12,72700.0,12,0,0,100.0,355556.25,49,12960.12,0.025,No,South West,0
64,Male,Trader,167283.35,398300.0,2,0,0,83.16,134084.04,172,8409.34,1.1905,No,North West,0
56,Male,Self-employed,233730.17,161100.0,1,1,0,100.0,183708.9,31,7463.52,0.6893,Yes,South West,0
59,Male,Trader,288614.74,306200.0,3,1,0,91.47,44825.27,11,7039.88,0.3536,No,North Central,0
58,Female,Self-employed,225002.79,326100.0,3,2,0,90.05,304097.11,148,13102.19,0.4831,No,North West,0
27,Male,Trader,217468.95,300400.0,6,2,1,86.73,170519.86,46,6892.25,0.2302,No,North Central,1
62,Female,Salaried,445107.55,463800.0,3,3,0,93.76,713322.7,25,0.0,0.3473,No,South East,0
46,Male,Salaried,63741.59,20000.0,9,1,0,88.05,26879.92,21,0.0,0.0349,No,South West,0
64,Female,Self-employed,107161.11,20000.0,12,1,0,88.65,38861.77,135,3916.94,0.02,Yes,North Central,0
60,Male,Unemployed,183134.58,258200.0,9,3,1,80.02,10133.16,53,1.25,0.1567,No,South East,0
45,Male,Self-employed,112004.93,111000.0,6,2,0,89.15,133053.42,22,3638.35,0.1652,Yes,South South,0
35,Female,Self-employed,139147.66,298900.0,12,3,1,89.79,130589.66,77,3732.38,0.179,No,North East,0
23,Male,Self-employed,415710.46,431000.0,9,2,0,94.6,214992.17,21,23065.49,0.1152,No,North Central,0
22,Female,Self-employed,163387.67,129700.0,12,3,0,97.24,97360.39,105,10272.64,0.0662,No,South South,0
36,Female,Casual,54815.32,104800.0,3,2,0,91.07,30145.85,28,0.0,0.6373,Yes,South West,0
56,Male,Unemployed,136699.45,83200.0,9,1,1,86.26,93327.5,32,0.0,0.0676,No,North Central,0
42,Female,Casual,186929.29,55400.0,1,3,1,72.49,103896.28,96,0.09,0.2964,No,North West,1
41,Female,Casual,184704.09,231900.0,3,2,0,87.55,142202.88,4,0.0,0.4185,Yes,North Central,0
29,Female,Salaried,258367.03,71400.0,1,2,0,90.43,373569.49,43,1.43,0.2764,Yes,South West,0
45,Female,Salaried,245012.55,110700.0,9,4,1,95.0,226867.58,94,0.0,0.0502,No,North Central,0
48,Male,Trader,164468.64,47500.0,1,4,1,77.41,218983.37,67,3935.47,0.2888,Yes,South East,0
65,Male,Trader,82887.23,153800.0,6,1,0,90.28,82433.54,122,5023.25,0.3093,No,South East,0
53,Male,Salaried,135127.17,87200.0,9,2,0,95.53,68449.27,7,0.0,0.0717,Yes,North Central,0
47,Female,Trader,120079.27,236100.0,3,5,0,93.09,198040.61,158,4868.9,0.6554,No,North West,0
61,Male,Salaried,149551.29,43400.0,6,2,0,86.39,52866.09,22,0.0,0.0484,No,South South,0
38,Male,Salaried,282087.24,453600.0,12,3,0,85.73,456173.94,7,2.77,0.134,No,South West,0
62,Male,Self-employed,234070.8,215600.0,12,1,0,99.24,373243.95,88,9259.82,0.0768,No,South East,0
35,Female,Casual,307526.29,359900.0,12,1,0,85.68,108927.82,56,0.6,0.0975,No,South East,1
24,Female,Trader,140232.64,250600.0,9,2,0,100.0,44507.84,162,5063.47,0.1986,Yes,North West,0
38,Male,Self-employed,479810.56,198500.0,3,2,0,90.73,255630.96,134,15660.37,0.1379,No,North Central,0
24,Male,Casual,278746.25,254100.0,1,3,0,77.74,293248.62,59,0.0,0.9116,Yes,South South,1
23,Female,Casual,193622.31,158200.0,6,3,1,86.84,146954.15,61,0.0,0.1362,No,South West,1
60,Male,Self-employed,266435.48,20000.0,12,2,0,99.61,387555.25,9,12110.59,0.02,Yes,South East,0
56,Female,Casual,116014.2,172900.0,3,2,0,98.07,193496.32,36,0.63,0.4968,Yes,South East,0
28,Female,Salaried,45707.69,45300.0,3,4,0,90.74,35719.19,55,0.0,0.3304,No,South West,0
58,Male,Self-employed,121340.93,63100.0,9,1,0,91.51,8942.99,167,6086.99,0.0578,No,North West,0
21,Male,Salaried,292599.23,113500.0,6,1,0,90.82,486342.22,56,1.22,0.0647,No,North West,0
31,Female,Self-employed,189634.26,60100.0,6,1,0,88.95,141188.17,61,7888.94,0.0528,No,North West,1
51,Male,Self-employed,164681.69,116600.0,12,3,0,95.96,144701.21,108,9589.19,0.059,Yes,North Central,0
32,Male,Salaried,103737.2,75000.0,6,1,0,92.56,112469.34,0,0.0,0.1205,Yes,South West,0
53,Female,Self-employed,50484.69,20000.0,12,3,0,90.75,66083.81,24,2767.09,0.033,Yes,North West,0
59,Male,Trader,454458.46,623300.0,6,2,1,75.1,383369.96,16,15926.14,0.2286,Yes,South West,0
21,Male,Trader,157248.17,134500.0,6,4,1,78.7,17922.48,176,3546.01,0.1426,Yes,South West,0
19,Male,Salaried,136149.99,114200.0,1,0,0,100.0,146602.48,55,0.43,0.8388,Yes,South West,0
63,Male,Salaried,116324.86,194700.0,6,4,0,94.83,92028.23,35,0.62,0.279,Yes,North East,0
42,Male,Self-employed,406830.43,52700.0,2,4,0,84.51,383942.37,85,19160.07,0.0648,Yes,North Central,0
42,Female,Casual,319205.43,192800.0,1,3,1,76.4,160520.59,60,0.0,0.604,No,South South,0
40,Female,Casual,95990.69,222200.0,3,2,0,97.37,5523.56,95,0.0,0.7716,Yes,North East,0
38,Male,Self-employed,383718.72,504000.0,6,3,1,83.46,102343.59,176,13039.33,0.2189,No,North East,0
51,Male,Trader,163802.44,326800.0,3,3,1,88.64,165254.81,107,4210.96,0.665,No,South West,0
45,Female,Self-employed,121037.99,253500.0,2,3,0,94.94,134995.95,166,7038.16,1.0472,No,South West,0
25,Female,Unemployed,148726.46,238200.0,6,4,0,100.0,37955.0,27,0.87,0.2669,No,South South,0
48,Male,Salaried,108181.85,20000.0,2,2,0,85.67,83431.29,69,0.0,0.0924,No,North West,0
50,Female,Self-employed,76278.17,101200.0,1,1,0,100.0,82962.78,11,4645.62,1.3267,Yes,South East,0
23,Female,Trader,298103.87,265400.0,12,0,0,97.87,224496.53,64,7391.26,0.0742,No,South East,0
36,Male,Self-employed,155944.27,131800.0,6,0,0,100.0,187570.55,162,7010.14,0.1409,No,South East,0
55,Male,Salaried,268847.16,381800.0,12,0,0,83.86,427828.83,80,0.45,0.1183,No,North West,0
47,Male,Salaried,216945.36,378100.0,2,2,0,100.0,127642.24,63,0.46,0.8714,No,North East,0
24,Male,Self-employed,257111.17,21300.0,6,4,2,80.71,349296.82,36,6524.64,0.02,No,North Central,1
19,Female,Trader,47611.08,20000.0,1,2,0,92.9,21022.74,108,2617.45,0.4201,No,South South,0
45,Male,Trader,102469.24,161700.0,6,2,0,88.05,102825.38,152,5735.16,0.263,No,South East,0
40,Female,Salaried,260614.93,361000.0,12,1,0,100.0,389054.85,78,0.0,0.1154,No,South East,0
64,Female,Casual,78595.69,198000.0,12,5,0,88.23,117784.06,8,0.0,0.2099,No,South South,1
43,Male,Self-employed,229395.86,368800.0,6,1,0,100.0,169248.32,8,14190.52,0.268,No,South West,0
62,Male,Unemployed,72893.46,52000.0,3,4,0,100.0,102936.87,31,0.0,0.2378,No,North Central,0
28,Male,Salaried,181934.26,150600.0,9,1,0,92.88,150674.74,62,0.0,0.092,No,South West,0
39,Female,Casual,512576.83,331300.0,9,2,1,78.03,572960.39,76,0.51,0.0718,No,North West,0
24,Male,Casual,297807.39,126200.0,6,1,0,100.0,276224.92,96,0.15,0.0706,No,South West,0
45,Male,Casual,54053.55,21500.0,6,1,0,91.85,52673.17,81,1.58,0.0663,Yes,North Central,0
27,Male,Casual,312435.57,528100.0,6,2,0,90.1,50510.43,18,0.72,0.2817,No,South East,0
41,Male,Self-employed,588402.77,540900.0,6,1,0,75.11,853022.26,176,22548.98,0.1532,No,North West,0
34,Female,Trader,1108781.85,1416900.0,6,5,0,100.0,619228.92,161,69172.61,0.213,Yes,North West,0
26,Male,Self-employed,245122.01,155700.0,1,3,0,91.39,55780.13,78,14791.35,0.6352,No,South South,0
22,Male,Self-employed,74149.54,67500.0,6,4,0,99.48,47907.84,167,1867.05,0.1517,No,South West,0
42,Male,Unemployed,238769.23,171700.0,6,4,1,82.52,43770.88,70,0.0,0.1199,Yes,North Central,0
63,Male,Self-employed,507947.8,543500.0,6,2,0,100.0,48078.7,11,23120.11,0.1783,No,North East,0
27,Male,Self-employed,159389.28,93200.0,3,4,2,68.52,106400.88,100,3608.08,0.1949,No,South South,1
37,Female,Casual,354595.48,212500.0,9,2,1,71.55,308832.07,41,0.0,0.0666,No,South West,1
28,Female,Self-employed,104294.11,70900.0,6,5,2,59.44,160261.02,126,2921.6,0.1133,Yes,South East,1
56,Male,Salaried,229289.74,332700.0,2,0,0,98.07,158072.82,10,1.04,0.7255,No,North East,0
37,Male,Self-employed,35684.99,20000.0,6,1,1,91.6,49355.08,70,874.06,0.0934,No,South East,0
64,Male,Trader,97051.22,220100.0,1,2,0,94.79,104677.4,82,5340.76,2.0,No,North West,0
29,Female,Casual,179285.31,313800.0,6,4,0,95.5,146411.83,59,1.46,0.2917,No,South East,0
21,Female,Salaried,142134.67,86300.0,6,1,0,96.44,18244.32,54,0.48,0.1012,Yes,South West,1
45,Male,Trader,77289.3,128900.0,6,5,2,58.36,112542.07,95,3367.32,0.278,No,North Central,1
49,Male,Self-employed,130083.99,21800.0,6,3,1,77.75,139040.81,92,5232.36,0.0279,No,North Central,0
65,Female,Trader,223013.57,105300.0,3,3,0,92.7,91041.44,164,10154.27,0.1574,No,South South,0
59,Male,Trader,170188.89,86400.0,6,4,0,100.0,86331.67,20,3655.99,0.0846,Yes,South South,0
60,Female,Unemployed,187272.78,310400.0,1,1,1,96.06,239388.47,6,0.0,1.6575,No,North East,0
48,Female,Self-employed,289668.33,541300.0,12,1,0,87.63,405228.19,28,16743.23,0.1557,Yes,North Central,0
35,Female,Self-employed,144012.64,20000.0,6,1,1,90.05,179799.73,83,3423.92,0.0231,No,South West,0
38,Female,Trader,435468.51,681800.0,9,3,0,95.53,171244.22,116,26737.05,0.174,No,South South,0
24,Female,Self-employed,94625.85,151000.0,3,2,1,73.37,16192.56,74,3723.69,0.5319,No,North West,1
38,Male,Self-employed,630276.44,565200.0,12,2,0,87.28,486329.94,145,19924.82,0.0747,No,North West,0
35,Male,Salaried,371085.3,761500.0,6,2,1,80.74,348846.25,22,0.0,0.342,No,South East,0
19,Male,Salaried,142816.17,218700.0,6,1,0,89.91,134465.02,13,0.0,0.2552,No,North East,0
27,Female,Unemployed,149142.12,175300.0,9,1,0,96.61,143084.88,64,0.0,0.1306,No,South West,0
43,Female,Salaried,205888.55,301800.0,3,0,0,86.98,251296.5,35,0.88,0.4886,Yes,North East,0
35,Female,Trader,265626.97,244100.0,12,3,0,86.27,262172.78,175,7342.58,0.0766,No,South East,0
65,Male,Trader,366652.02,281700.0,2,2,0,100.0,161641.59,41,20775.88,0.3842,No,South West,0
40,Female,Salaried,75306.96,97000.0,12,1,0,95.37,8684.46,23,0.0,0.1073,No,South South,0
64,Male,Salaried,239198.69,104100.0,12,2,1,77.57,201406.57,16,0.62,0.0363,No,South South,0
49,Male,Self-employed,45477.72,20000.0,6,2,0,90.46,16486.76,15,2220.97,0.0733,Yes,South West,0
19,Male,Self-employed,160406.55,20000.0,12,3,1,88.39,116276.67,60,4379.36,0.02,No,South East,0
27,Female,Self-employed,463126.38,442800.0,1,1,0,92.72,197883.53,111,18498.79,0.9561,No,South South,0
51,Male,Trader,71629.79,22000.0,9,3,1,85.54,60678.89,81,2013.41,0.0341,No,South East,0
44,Female,Salaried,63653.37,240300.0,6,1,0,90.83,27725.81,60,1.91,0.6292,Yes,North East,0
32,Female,Salaried,207778.72,96100.0,6,3,1,72.33,113532.13,26,0.0,0.0771,No,North West,1
43,Male,Salaried,443539.03,422800.0,6,3,0,88.91,161426.38,24,0.0,0.1589,No,North East,0
61,Male,Self-employed,222396.96,130000.0,6,2,1,87.52,229532.86,22,4815.63,0.0974,No,North West,0
36,Male,Self-employed,52193.36,75600.0,9,1,0,87.08,61522.73,92,1608.72,0.1609,No,South East,0
20,Female,Unemployed,60275.36,49200.0,3,2,0,100.0,56587.52,66,0.46,0.2721,No,South West,0
32,Male,Salaried,191807.46,388800.0,6,0,0,84.47,325315.75,93,1.12,0.3378,No,North East,1
62,Male,Self-employed,83633.93,202000.0,3,2,1,80.63,62971.69,162,4092.09,0.8051,No,South East,1
54,Female,Self-employed,196724.24,177100.0,9,2,0,100.0,69555.12,17,8703.5,0.1,Yes,South West,0
58,Male,Trader,204456.18,416100.0,2,5,1,80.2,288522.39,117,7406.59,1.0176,No,North West,1
61,Female,Trader,130923.67,193200.0,6,4,1,82.14,104616.62,84,7913.24,0.2459,Yes,North West,0
23,Male,Salaried,585547.4,823100.0,12,4,1,89.16,396434.28,93,0.96,0.1171,Yes,South East,1
31,Male,Trader,264214.3,339300.0,12,5,0,87.5,247869.76,124,6657.85,0.107,Yes,South East,0
20,Male,Self-employed,395634.55,410600.0,6,3,0,91.98,108064.75,116,10183.87,0.173,Yes,North East,0
18,Male,Trader,327449.88,274800.0,3,3,1,71.59,509408.99,44,18398.14,0.2797,No,South West,0
58,Female,Salaried,163270.61,155200.0,6,1,0,100.0,229728.76,91,0.07,0.1584,Yes,North West,0
62,Male,Trader,158628.68,268000.0,6,1,0,97.92,250889.58,41,9687.65,0.2816,No,North West,0
25,Male,Trader,148339.54,132800.0,1,2,1,84.89,123709.81,45,3667.99,0.8952,No,South South,1
52,Female,Trader,280247.55,193400.0,12,3,0,94.91,167347.91,167,12625.01,0.0575,No,South South,0
43,Female,Salaried,117945.13,20000.0,3,3,0,94.57,33203.41,60,0.0,0.0565,Yes,South South,0
21,Male,Trader,552375.61,796000.0,6,0,0,94.76,633648.11,46,34682.03,0.2402,No,North West,0
61,Male,Trader,110845.99,20000.0,6,0,0,96.13,48576.61,62,4683.3,0.0301,No,North Central,0
59,Female,Self-employed,206926.91,81900.0,12,3,0,94.91,114010.89,88,6867.8,0.033,No,South West,0
45,Male,Self-employed,155097.56,194700.0,12,2,1,74.27,11495.12,75,3500.31,0.1046,No,South East,1
51,Male,Salaried,134281.88,93500.0,3,3,2,47.59,219836.57,77,0.24,0.2321,No,South West,1
37,Female,Self-employed,738766.8,349600.0,9,2,1,97.52,1064872.81,21,20692.47,0.0526,No,North East,1
56,Female,Trader,135310.42,135700.0,12,3,0,89.46,166579.29,152,3309.98,0.0836,No,South West,0
39,Male,Self-employed,147656.42,118700.0,9,0,0,92.77,191759.06,95,4106.27,0.0893,No,South West,0
65,Male,Trader,116894.29,259100.0,2,2,0,100.0,166227.6,46,5175.4,1.1083,No,South East,0
21,Male,Trader,184866.37,143900.0,6,2,1,88.03,76664.01,109,5926.93,0.1297,No,South South,0
26,Female,Trader,168528.98,20000.0,12,3,1,74.94,138447.34,17,6717.06,0.02,No,North West,0
64,Male,Trader,86959.48,157600.0,3,1,0,85.85,67207.05,91,3852.3,0.6041,No,North Central,0
31,Male,Trader,136608.13,368200.0,6,4,0,100.0,16604.03,133,3186.13,0.4492,No,North Central,0
32,Male,Self-employed,267535.72,174500.0,9,5,0,98.18,284161.89,137,12244.69,0.0725,No,South West,0
55,Female,Salaried,350898.95,333300.0,9,5,1,80.43,92762.83,5,0.0,0.1055,No,South East,0
27,Male,Casual,182830.09,178000.0,2,3,0,93.71,181487.85,24,1.58,0.4868,No,South West,0
42,Female,Unemployed,187036.44,188800.0,3,4,0,94.27,240411.35,83,0.27,0.3365,No,North East,0
31,Female,Self-employed,142353.02,179700.0,6,2,1,85.6,30870.72,108,7485.02,0.2104,No,North Central,0
27,Male,Unemployed,129848.68,117400.0,3,1,0,96.95,43719.19,4,0.57,0.3014,No,North West,1
64,Male,Unemployed,99011.34,136100.0,6,2,0,91.28,147209.36,28,0.0,0.2291,No,South South,0
27,Male,Self-employed,65440.07,144000.0,6,4,1,85.26,81684.43,27,4003.0,0.3667,No,South East,0
22,Male,Trader,114019.16,37000.0,1,5,2,66.48,153046.21,170,6498.1,0.3245,No,South East,0
50,Female,Trader,323950.66,445600.0,6,2,0,100.0,99055.41,153,19447.34,0.2293,No,South West,0
59,Female,Salaried,136603.95,166200.0,12,3,3,64.64,161275.01,47,0.78,0.1014,No,South West,1
24,Female,Salaried,143745.55,300300.0,6,2,1,88.17,39802.21,7,0.67,0.3482,Yes,North Central,0
51,Female,Self-employed,141938.16,20000.0,3,2,0,90.82,104692.11,45,8857.62,0.047,No,North East,0
43,Male,Casual,404243.26,413400.0,3,1,0,93.13,47797.62,26,0.0,0.3409,No,South West,0
57,Male,Self-employed,98446.0,20000.0,6,4,0,88.04,58096.32,17,3700.31,0.0339,No,South East,0
24,Male,Casual,215517.37,37000.0,6,1,0,95.41,354913.03,14,0.84,0.0286,Yes,South West,0
64,Female,Trader,172165.09,361300.0,12,1,0,88.39,206236.99,31,7164.09,0.1749,No,South South,0
47,Female,Trader,188125.5,110500.0,9,0,0,97.29,21005.98,130,4663.88,0.0653,No,South South,0
58,Female,Self-employed,210984.49,87100.0,6,4,1,92.54,277667.56,27,13545.7,0.0688,No,South South,0
35,Male,Self-employed,186814.11,198000.0,6,2,0,94.0,129237.06,7,6502.94,0.1766,No,South West,0
63,Female,Salaried,301394.81,616500.0,6,1,0,90.21,159851.85,19,0.92,0.3409,No,South West,1
48,Male,Salaried,176609.24,20000.0,3,4,0,97.46,64728.36,88,0.0,0.0377,Yes,North West,0
24,Male,Salaried,559364.61,943800.0,6,0,0,100.0,416562.98,7,2.01,0.2812,No,North East,0
62,Male,Salaried,185280.11,195400.0,3,4,0,88.77,88344.61,84,0.0,0.3515,No,South West,0
56,Female,Salaried,59483.76,24700.0,6,4,0,94.81,93202.69,35,0.0,0.0692,No,South South,0
32,Female,Trader,272559.95,567400.0,6,3,0,96.2,328923.96,180,6008.0,0.347,Yes,North East,0
44,Male,Self-employed,232251.25,104400.0,12,3,1,74.39,361342.07,73,10883.64,0.0375,No,South East,0
36,Male,Salaried,183848.33,321500.0,3,1,0,97.59,19822.08,87,0.85,0.5829,No,South East,0
44,Female,Casual,152053.97,232000.0,12,4,1,67.47,18293.75,71,1.25,0.1271,No,South West,1
64,Male,Self-employed,45533.78,75000.0,6,3,0,96.41,49449.67,21,1627.31,0.2745,No,North East,0
61,Female,Unemployed,50780.29,20000.0,9,4,2,85.26,54121.89,68,1.21,0.0438,No,North East,0
28,Female,Trader,525234.25,333900.0,9,4,1,86.17,648713.16,69,25872.88,0.0706,No,North East,0
64,Female,Salaried,123024.09,21800.0,12,1,0,94.27,121109.49,7,0.4,0.02,Yes,North Central,0
39,Female,Casual,337177.71,243900.0,9,1,0,85.49,36442.88,88,0.16,0.0804,Yes,North Central,0
51,Female,Casual,63496.53,109700.0,1,1,0,91.6,75282.88,17,1.09,1.7277,No,South West,1
54,Female,Trader,91149.31,134500.0,6,2,0,96.16,129296.21,64,5894.53,0.2459,No,South West,1
41,Male,Self-employed,279799.55,366300.0,12,1,0,94.65,337953.64,84,11402.7,0.1091,No,South West,0
39,Female,Self-employed,168398.16,308500.0,6,4,0,85.36,236491.26,164,9194.52,0.3053,No,South East,0
39,Male,Self-employed,255300.3,413100.0,12,1,1,82.81,199521.42,129,7901.47,0.1348,No,South South,0
59,Male,Trader,178412.04,159600.0,12,1,0,88.0,39583.99,176,11364.52,0.0745,Yes,North West,0
36,Female,Self-employed,157270.94,275900.0,6,3,0,89.98,240801.99,152,9245.15,0.2924,No,North East,0
31,Female,Salaried,115691.64,198200.0,12,1,0,100.0,151716.17,5,0.0,0.1428,No,South East,0
35,Male,Salaried,82835.37,109900.0,6,5,0,92.33,77574.96,88,0.0,0.2211,No,South West,0
27,Male,Salaried,447963.92,628400.0,1,2,0,89.48,127069.85,24,0.32,1.4028,No,North Central,0
36,Male,Salaried,498551.94,359600.0,9,2,0,87.11,164784.85,94,0.0,0.0801,No,South East,0
23,Female,Self-employed,91633.78,118300.0,12,0,0,88.99,33799.64,132,2387.06,0.1076,No,South East,0
22,Female,Casual,87821.42,97700.0,6,3,0,90.22,26688.46,14,1.11,0.1854,No,North West,0
52,Female,Salaried,143581.71,120100.0,2,6,1,87.64,201552.45,38,0.34,0.4182,No,South South,1
21,Male,Self-employed,224581.71,120700.0,9,3,0,93.78,176495.0,129,13051.15,0.0597,No,North Central,0
45,Male,Salaried,159936.2,189700.0,9,2,0,100.0,84801.7,73,0.98,0.1318,No,South South,0
55,Female,Self-employed,249047.81,233900.0,9,5,1,75.1,150396.58,74,11005.86,0.1044,No,South West,0
52,Male,Trader,174329.12,96800.0,6,2,0,100.0,85889.93,175,7011.64,0.0925,No,South West,0
39,Female,Self-employed,167075.63,138000.0,6,2,0,92.95,154557.49,93,4123.23,0.1377,No,North East,1
27,Male,Unemployed,863900.87,1334200.0,6,4,1,78.44,680004.64,83,1.64,0.2574,No,North West,0
62,Female,Unemployed,127941.71,112200.0,3,1,0,92.34,196198.48,22,0.0,0.2923,No,South South,1
58,Male,Casual,522655.39,798300.0,12,1,1,97.9,175969.0,93,0.0,0.1273,No,South South,0
47,Male,Casual,461009.13,663100.0,2,2,1,72.85,674598.82,87,0.04,0.7192,No,South West,0
22,Male,Self-employed,249789.27,20000.0,6,2,0,100.0,141462.69,145,9961.37,0.02,Yes,North Central,0
19,Female,Self-employed,51468.56,106100.0,12,0,0,100.0,85536.96,130,1493.99,0.1718,No,North West,0
33,Male,Self-employed,183670.65,40700.0,6,6,0,86.26,218466.12,117,9424.26,0.0369,No,South East,0
25,Male,Casual,128818.61,46700.0,9,6,0,87.27,203487.06,53,0.0,0.0403,No,North West,0
59,Female,Salaried,182366.03,268200.0,3,1,0,95.34,280408.44,71,0.0,0.4902,No,South West,0
27,Female,Salaried,90199.91,200300.0,6,4,0,94.73,77113.1,72,0.13,0.3701,Yes,North West,0
31,Male,Salaried,294277.89,203400.0,9,4,0,91.21,222855.78,86,0.0,0.0768,No,North Central,0
64,Female,Trader,341448.59,275600.0,12,1,0,90.25,115323.8,15,21763.36,0.0673,No,North West,1
57,Female,Trader,385088.3,284600.0,9,2,0,100.0,239353.3,170,13002.99,0.0821,Yes,South South,0
28,Female,Salaried,140406.35,176000.0,3,0,0,95.08,77131.29,39,0.0,0.4178,No,South South,0
36,Female,Self-employed,90407.8,111400.0,2,3,0,97.29,56573.41,31,5009.73,0.6161,No,South East,1
42,Female,Self-employed,226229.45,276300.0,12,1,0,94.82,77809.18,58,10256.8,0.1018,Yes,North West,0
49,Male,Casual,563634.03,438400.0,6,4,1,81.08,224515.28,35,0.0,0.1296,No,South West,1
62,Female,Salaried,188304.46,156600.0,3,4,1,97.18,260834.11,38,0.0,0.2772,No,South South,0
59,Male,Salaried,241519.44,268700.0,6,0,0,98.01,328413.87,62,0.67,0.1854,No,South South,0
64,Female,Trader,154509.66,68800.0,2,2,0,100.0,227356.38,2,7624.08,0.2226,Yes,South West,1
19,Female,Trader,129761.9,229300.0,2,4,1,88.55,44990.87,96,5759.19,0.8835,No,North West,0
29,Female,Casual,276120.18,290700.0,12,3,1,75.76,447707.25,40,0.0,0.0877,No,South West,1
45,Male,Trader,168008.31,157000.0,6,2,1,89.74,77713.02,134,10150.61,0.1557,No,South South,0
20,Male,Unemployed,233982.6,349200.0,3,4,0,93.46,86647.86,14,0.0,0.4975,No,South West,1
35,Female,Self-employed,250344.08,110200.0,12,1,1,87.34,67164.58,16,11037.43,0.0367,No,South West,1
25,Female,Self-employed,225617.89,288100.0,12,3,0,89.27,62067.82,79,12934.7,0.1064,No,South South,0
62,Female,Unemployed,258672.51,218800.0,12,2,0,82.91,129061.44,17,0.88,0.0705,Yes,South West,0
21,Female,Salaried,103389.47,132500.0,9,6,0,94.71,172466.38,87,0.0,0.1424,No,South South,0
25,Male,Casual,99368.76,139900.0,12,2,0,100.0,123084.97,54,0.0,0.1173,No,South West,1
27,Female,Salaried,175081.71,20000.0,3,4,2,71.4,162969.89,71,0.97,0.0381,No,South South,0
25,Male,Self-employed,177841.37,498900.0,12,0,0,98.06,110828.93,38,5679.17,0.2338,Yes,North West,0
45,Male,Salaried,128181.47,155600.0,6,0,0,89.28,131289.53,42,0.0,0.2023,Yes,South East,0
35,Female,Trader,210525.55,156600.0,1,1,0,100.0,173788.28,110,11101.81,0.7439,No,South West,0
61,Male,Casual,324828.77,262700.0,1,2,0,91.44,495535.36,45,1.07,0.8087,No,South East,0
30,Female,Salaried,389490.54,316700.0,3,2,0,95.88,192864.98,82,0.42,0.271,No,North East,0
43,Male,Salaried,450756.4,535300.0,9,6,0,91.67,163504.5,58,0.07,0.132,No,South South,0
49,Female,Self-employed,76579.99,116100.0,12,0,0,88.75,38634.07,119,3374.29,0.1263,No,South West,0
48,Male,Salaried,84521.66,89600.0,2,5,3,44.36,108612.94,91,0.12,0.53,No,South West,1
56,Male,Self-employed,149110.46,20000.0,12,1,0,84.9,143920.96,67,9370.61,0.02,No,South West,1
27,Female,Unemployed,189642.95,255100.0,9,3,1,83.56,235700.33,92,0.0,0.1495,No,South East,0
42,Male,Salaried,154159.09,156100.0,1,4,0,97.14,132893.69,4,1.55,1.0126,No,North West,0
56,Female,Self-employed,125680.29,180800.0,9,1,0,100.0,90618.77,81,5349.14,0.1598,No,North West,0
59,Female,Self-employed,147685.5,20000.0,1,3,1,76.97,69386.99,137,7716.99,0.1354,No,South West,1
47,Male,Self-employed,246438.1,217700.0,3,1,0,89.54,340122.57,3,8637.3,0.2945,Yes,North Central,0
49,Female,Salaried,75845.79,20000.0,6,3,0,84.73,48104.67,74,0.54,0.0439,Yes,South West,0
59,Male,Trader,825623.63,791100.0,12,4,0,99.99,97441.45,91,22133.25,0.0798,Yes,North Central,0
47,Male,Trader,182473.08,20000.0,2,1,0,98.0,98950.7,138,11371.88,0.0548,Yes,North West,0
63,Male,Casual,356383.59,694100.0,6,2,1,80.26,109884.94,16,0.81,0.3246,No,South South,1
24,Female,Self-employed,123464.5,116100.0,6,3,0,96.41,119947.86,125,3994.45,0.1567,No,North Central,0
34,Female,Trader,261460.73,163300.0,9,2,0,91.39,228650.29,137,10435.94,0.0694,No,South South,0
23,Male,Casual,192100.0,34600.0,12,6,1,86.75,161591.22,92,0.0,0.02,No,North West,0
22,Female,Casual,314153.68,290700.0,6,4,1,75.88,145974.14,35,2.12,0.1542,No,South West,0
40,Male,Unemployed,158196.25,159800.0,12,2,0,90.68,34551.78,58,0.91,0.0842,Yes,South South,0
28,Female,Salaried,493475.48,64200.0,9,1,1,71.57,122769.92,5,0.48,0.02,Yes,North East,0
37,Female,Unemployed,68246.12,160200.0,3,4,1,80.17,43431.63,82,1.83,0.7825,No,South West,0
39,Male,Casual,333635.75,243800.0,6,3,0,88.57,362099.52,67,0.0,0.1218,No,South East,0
47,Male,Casual,194440.21,121900.0,3,4,1,74.63,15214.04,51,0.39,0.209,No,South South,1
63,Male,Trader,92855.5,212900.0,9,1,0,85.6,5778.18,140,2290.39,0.2548,No,North East,0
58,Male,Unemployed,640212.19,811200.0,3,2,0,87.29,170193.41,42,0.0,0.4224,No,North West,0
36,Female,Self-employed,598610.04,718700.0,3,1,1,70.54,530748.77,92,24811.84,0.4002,No,South South,0
33,Female,Trader,46755.92,20000.0,12,2,0,96.51,28024.11,57,2385.19,0.0356,Yes,North West,0
54,Female,Trader,201919.02,155900.0,12,0,0,87.96,157798.15,19,8223.58,0.0643,Yes,South South,0
23,Male,Trader,284757.38,434700.0,6,1,0,100.0,158157.21,28,18482.01,0.2544,No,South West,0
43,Female,Trader,239862.29,350400.0,9,1,1,82.85,283747.44,144,10243.5,0.1623,No,North West,1
38,Male,Salaried,482051.57,387100.0,12,1,0,94.49,265423.38,88,0.0,0.0669,Yes,South West,0
26,Female,Self-employed,421120.12,397400.0,1,4,0,97.99,163996.48,72,13871.23,0.9437,No,South West,0
47,Male,Self-employed,213861.5,445900.0,6,3,0,100.0,280102.5,164,10336.94,0.3475,No,South West,0
33,Male,Trader,790823.02,314700.0,3,2,1,80.87,1298871.81,51,45136.13,0.1326,No,North Central,0
26,Male,Trader,330930.07,494700.0,12,5,0,92.58,323200.47,64,21149.26,0.1246,No,North West,0
49,Female,Casual,143242.28,167500.0,2,1,0,100.0,20754.12,76,0.0,0.5847,No,South West,0
26,Male,Casual,125704.12,20000.0,12,1,0,100.0,172528.01,52,0.0,0.02,No,South South,0
50,Female,Trader,403884.45,459200.0,3,2,1,73.56,305893.67,35,26015.27,0.379,Yes,North West,0
25,Female,Salaried,107504.92,49200.0,6,2,1,100.0,128249.34,37,1.05,0.0763,No,North Central,0
38,Female,Trader,137913.54,252600.0,12,2,1,67.88,139617.12,10,7026.43,0.1526,No,North Central,1
56,Female,Casual,154043.51,327000.0,1,1,0,78.0,134955.28,87,0.0,2.0,Yes,South East,1
28,Male,Trader,226814.29,265300.0,12,3,1,94.85,149061.46,130,5041.8,0.0975,No,South East,1
54,Female,Casual,158730.68,68800.0,3,2,0,99.1,62295.46,23,0.06,0.1445,No,South East,0
52,Female,Unemployed,76472.08,129300.0,6,0,0,95.3,52440.31,65,0.28,0.2818,No,South South,0
61,Male,Self-employed,383104.84,488100.0,9,3,1,83.66,121084.95,58,19657.83,0.1416,No,North Central,1
26,Male,Trader,138393.04,77700.0,2,3,0,89.25,160365.41,174,5662.76,0.2807,No,South East,0
52,Male,Self-employed,669087.45,857700.0,6,1,0,81.83,130723.03,139,42539.48,0.2136,No,North Central,0
62,Male,Self-employed,219324.06,186500.0,6,1,0,90.85,269873.31,30,11036.68,0.1417,Yes,North East,0
54,Female,Salaried,410198.72,219100.0,6,3,1,72.49,560870.72,42,0.53,0.089,No,South South,1
27,Male,Salaried,271243.47,357800.0,9,0,0,87.08,288567.2,61,0.34,0.1466,Yes,North West,0
57,Female,Salaried,423157.07,673700.0,6,2,1,71.87,596406.93,69,0.0,0.2653,No,South East,1
23,Female,Trader,260780.02,361600.0,3,0,0,89.88,161075.67,116,16572.41,0.4622,No,South East,0
46,Female,Salaried,209729.08,244300.0,3,1,0,90.7,183444.74,82,0.5,0.3883,No,South South,0
41,Male,Self-employed,366338.95,307700.0,12,4,1,84.68,322183.43,100,11383.13,0.07,No,North Central,0
43,Female,Self-employed,905818.29,1448500.0,6,3,0,97.9,997666.3,121,20905.09,0.2665,No,North Central,0
42,Male,Self-employed,151046.67,240400.0,3,2,0,96.1,124734.86,99,3967.65,0.5305,Yes,North Central,0
19,Female,Casual,301768.27,320200.0,1,0,0,76.21,44774.28,59,0.0,1.0611,No,North West,0
42,Female,Self-employed,179387.39,230800.0,9,6,0,86.88,161393.21,17,11017.17,0.143,Yes,South South,0
62,Female,Salaried,250108.6,472000.0,6,3,0,86.97,23839.27,59,0.74,0.3145,No,South East,0
38,Female,Unemployed,185000.76,142900.0,3,2,1,89.72,142466.93,51,0.0,0.2575,No,South East,0
31,Female,Casual,44275.17,61800.0,12,4,1,78.99,4575.3,93,0.0,0.1163,No,North West,0
65,Male,Trader,158038.0,253800.0,12,1,0,80.72,133469.74,130,4105.53,0.1338,No,South South,0
22,Male,Trader,344697.65,288400.0,12,0,0,98.82,228542.44,112,9898.63,0.0697,Yes,North West,0
41,Female,Salaried,109461.46,54900.0,6,5,2,72.14,97496.0,13,0.0,0.0836,No,North East,1
42,Male,Trader,327527.51,335800.0,6,1,0,100.0,303008.15,72,10859.99,0.1709,No,North Central,0
40,Female,Salaried,202816.74,59500.0,2,5,1,71.47,275763.08,91,0.02,0.1467,No,South South,1
62,Female,Self-employed,158933.84,20000.0,6,0,0,92.47,255076.39,150,6292.35,0.021,No,North East,0
38,Female,Salaried,324322.0,411000.0,9,5,1,71.59,148515.97,90,0.0,0.1408,Yes,South West,0
64,Female,Trader,280234.67,107200.0,3,1,0,86.75,435835.93,113,6170.2,0.1275,No,South East,0
21,Female,Salaried,236586.16,256100.0,6,1,0,88.24,158551.31,41,0.52,0.1804,No,South West,0
53,Male,Salaried,348379.35,20000.0,6,1,1,72.23,111725.69,45,0.0,0.02,Yes,North Central,1
46,Female,Salaried,205402.35,318900.0,9,4,1,80.27,214253.0,57,0.0,0.1725,No,South West,1
29,Male,Trader,61801.27,105600.0,1,1,0,94.44,43047.89,39,3645.91,1.7087,No,South West,0
28,Female,Self-employed,140777.17,20000.0,12,2,0,93.78,81478.29,102,3088.66,0.02,Yes,North Central,0
52,Male,Self-employed,55706.41,119400.0,6,4,0,100.0,60113.14,124,3246.63,0.3572,No,South West,0
48,Male,Self-employed,275956.71,219100.0,6,3,1,82.8,330567.5,48,8295.89,0.1323,No,North Central,1
47,Female,Trader,322301.28,292000.0,12,1,1,89.03,253836.83,80,6819.97,0.0755,No,South East,0
20,Female,Salaried,331976.21,297500.0,2,4,1,85.66,168607.66,80,1.55,0.4481,No,North Central,0
46,Male,Unemployed,247365.85,458300.0,12,1,0,96.16,333264.93,30,0.0,0.1544,No,South East,0
65,Male,Self-employed,337683.2,155600.0,12,1,1,86.6,377452.88,32,12400.27,0.0384,No,North West,1
18,Male,Salaried,64596.79,121700.0,12,1,0,86.0,70364.02,27,0.0,0.157,No,South West,0
40,Female,Salaried,167844.57,145800.0,6,3,0,89.42,262933.01,79,0.0,0.1448,No,South West,0
41,Male,Salaried,71755.28,245500.0,2,1,0,94.51,121586.88,34,1.57,1.7107,Yes,South South,0
61,Female,Self-employed,142599.87,259700.0,1,4,2,73.68,18047.62,119,8686.41,1.8212,Yes,South East,1
31,Female,Salaried,514667.2,486300.0,12,1,0,84.05,241859.92,7,1.45,0.0787,No,South South,0
40,Male,Casual,366339.69,229600.0,2,3,1,82.53,508314.75,47,0.0,0.3134,No,North Central,1
52,Female,Self-employed,276840.73,40800.0,3,3,1,94.82,59800.67,123,10856.56,0.0491,No,South East,0
20,Male,Salaried,159956.79,50700.0,12,1,0,100.0,15449.25,86,0.0,0.0264,No,South South,0
56,Male,Self-employed,94360.28,124900.0,6,1,0,89.15,56078.33,125,4575.12,0.2206,No,South West,0
57,Female,Salaried,203267.91,400600.0,3,4,0,99.95,274343.61,66,0.5,0.6569,Yes,South East,0
52,Male,Salaried,370515.82,82400.0,9,1,0,91.18,269554.07,94,0.0,0.0247,Yes,South South,0
49,Female,Self-employed,234950.14,505600.0,3,2,0,94.49,94671.11,115,11875.67,0.7173,No,South East,0
53,Female,Salaried,64216.35,20000.0,6,2,0,100.0,21252.71,24,0.0,0.0519,Yes,North East,0
55,Female,Salaried,192665.19,327400.0,2,2,1,88.81,184733.76,43,0.19,0.8497,No,South West,1
61,Male,Unemployed,51898.69,77600.0,6,5,1,78.58,32705.12,8,0.0,0.2492,Yes,North East,0
38,Female,Trader,303589.46,20000.0,2,3,1,74.6,330452.01,114,13847.63,0.0329,Yes,North Central,0
39,Female,Unemployed,114720.85,163000.0,9,3,1,87.78,155795.65,58,0.44,0.1579,No,South West,0
48,Male,Salaried,81282.27,219300.0,6,3,1,83.65,4597.86,13,0.99,0.4497,No,South West,0
27,Male,Casual,306314.33,428900.0,3,2,0,73.0,179282.36,76,0.0,0.4667,No,South West,0
59,Male,Self-employed,258928.63,410400.0,12,0,0,97.08,246335.81,19,15022.33,0.1321,Yes,South South,0
54,Male,Salaried,209351.82,290100.0,12,4,0,88.39,243969.14,36,0.0,0.1155,No,South West,0
48,Female,Casual,748122.71,1086400.0,6,1,0,92.01,412789.16,57,0.19,0.242,No,South South,0
32,Male,Salaried,271974.07,70600.0,12,0,0,98.15,226222.35,25,0.07,0.0216,Yes,South West,0
34,Male,Self-employed,118360.48,170500.0,3,2,1,71.71,26509.3,169,4660.76,0.4802,Yes,North West,1
38,Male,Casual,252254.72,274400.0,6,3,0,99.35,53100.89,57,0.1,0.1813,No,South South,0
49,Male,Trader,149456.68,199300.0,12,2,1,73.04,219799.72,140,5292.37,0.1111,No,North East,0
55,Female,Self-employed,410079.11,412700.0,6,1,0,88.8,385255.67,133,12886.86,0.1677,No,South East,0
50,Female,Self-employed,216067.75,142600.0,3,0,0,96.23,175833.93,14,6348.66,0.22,Yes,North East,0
62,Male,Salaried,230420.75,323200.0,12,2,0,85.39,177802.13,56,1.52,0.1169,Yes,South West,1
64,Female,Unemployed,70486.23,20000.0,2,0,0,85.41,114388.63,50,1.66,0.1419,No,South West,0
51,Female,Salaried,187323.19,77100.0,2,3,0,96.34,139940.09,69,0.83,0.2058,No,North West,1
35,Female,Salaried,173535.82,328200.0,9,4,1,87.12,83277.43,84,1.29,0.2101,No,North West,0
46,Male,Salaried,92500.88,223900.0,1,2,0,92.76,19231.34,46,2.34,2.0,No,North East,1
38,Male,Casual,155863.54,45200.0,1,3,0,98.34,214458.48,54,0.29,0.29,No,North East,0
48,Male,Trader,238936.05,50500.0,6,0,0,100.0,384431.21,144,14037.97,0.0352,No,South West,0
56,Male,Self-employed,179491.82,295600.0,6,3,0,83.57,284179.18,61,4106.48,0.2745,Yes,South West,0
35,Male,Unemployed,71886.76,141400.0,6,6,0,78.32,23690.72,47,0.0,0.3278,No,North West,0
42,Male,Salaried,150711.27,137600.0,9,0,0,100.0,167702.28,27,1.51,0.1014,No,North East,0
20,Female,Casual,132786.26,107100.0,6,1,0,85.72,123192.74,62,0.2,0.1344,Yes,South West,0
53,Male,Salaried,204126.65,115100.0,9,1,1,86.57,147626.25,96,0.97,0.0627,Yes,South East,0
41,Female,Self-employed,190290.72,60600.0,1,3,0,98.25,265126.88,72,8931.32,0.3185,No,South East,0
40,Female,Salaried,137745.58,75400.0,3,0,0,93.76,211206.4,67,0.0,0.1825,No,North West,0
43,Female,Unemployed,134293.22,24600.0,12,1,0,95.94,36840.27,96,1.36,0.02,No,North Central,0
28,Male,Casual,188039.4,289200.0,6,0,0,100.0,11019.94,11,0.0,0.2563,Yes,South South,0
46,Male,Trader,336598.81,180300.0,3,3,1,75.85,125315.77,67,8665.7,0.1786,Yes,South West,0
53,Male,Salaried,215739.83,442900.0,12,5,1,89.65,298965.02,12,0.83,0.1711,Yes,South East,1
34,Male,Salaried,453934.05,452100.0,6,0,0,84.83,708934.55,90,0.57,0.166,No,North Central,0
24,Male,Self-employed,375978.13,89800.0,6,3,0,96.46,440921.32,31,22274.24,0.0398,Yes,North East,0
36,Female,Self-employed,476182.16,601200.0,3,5,1,82.26,37624.68,179,26905.51,0.4208,No,South South,0
27,Male,Salaried,438151.54,325000.0,9,2,1,76.28,440077.45,63,0.0,0.0824,No,South West,0
35,Male,Trader,497141.17,316300.0,3,3,1,83.3,369486.04,126,21647.29,0.2121,No,South South,0
48,Male,Trader,85064.86,80900.0,6,0,0,94.3,113906.04,173,3982.14,0.1585,No,South South,0
23,Female,Casual,274179.76,131500.0,9,3,0,96.33,354196.67,25,0.0,0.0533,No,South West,0
53,Female,Self-employed,397368.96,220900.0,9,3,2,58.89,150186.34,22,17392.98,0.0618,No,South West,0
28,Male,Self-employed,446895.42,248200.0,1,1,0,87.01,255781.79,26,23756.95,0.5554,No,North West,0
60,Female,Self-employed,109069.97,80000.0,1,0,0,86.84,44329.43,3,2499.12,0.7335,Yes,North West,1
53,Female,Salaried,275959.52,368900.0,12,1,0,89.71,254353.58,53,0.92,0.1114,No,South East,0
31,Female,Trader,189017.36,433500.0,12,2,0,85.03,34977.0,85,9123.38,0.1911,No,South South,0
45,Female,Trader,597973.24,752000.0,2,3,1,98.84,616014.57,90,20927.31,0.6288,No,South West,0
23,Female,Salaried,73055.34,126700.0,6,1,0,91.84,61351.75,52,1.27,0.2891,No,South South,0
22,Male,Self-employed,109171.35,181100.0,9,1,0,93.94,106445.86,95,7096.48,0.1843,No,South West,0
63,Male,Casual,55481.24,76900.0,12,3,0,85.97,79524.95,88,1.58,0.1155,Yes,North East,0
56,Male,Self-employed,197740.87,253600.0,12,0,0,100.0,168954.03,82,9071.33,0.1069,Yes,South East,0
25,Female,Self-employed,784034.5,271200.0,9,1,0,92.22,1057378.51,93,29056.44,0.0384,No,North Central,0
31,Female,Trader,174886.08,102200.0,2,4,1,78.85,278694.61,46,7984.51,0.2922,Yes,North Central,0
27,Female,Self-employed,192217.69,289300.0,9,1,0,90.52,38480.7,136,7666.99,0.1672,No,South South,0
36,Female,Salaried,257395.05,286000.0,12,1,0,92.52,45548.53,82,0.0,0.0926,Yes,North West,0
31,Female,Casual,166895.53,184600.0,6,1,0,91.87,59148.29,51,1.59,0.1843,Yes,North East,0
33,Male,Unemployed,228348.68,20000.0,6,1,0,84.58,285387.06,96,1.73,0.02,Yes,South East,1
43,Male,Salaried,232268.59,308500.0,2,0,0,100.0,255518.56,9,0.27,0.6641,No,South West,1
27,Male,Salaried,103891.29,72700.0,3,2,0,86.2,108523.62,34,0.0,0.2333,Yes,North West,0
60,Female,Trader,169326.11,55800.0,12,0,0,99.67,196572.57,91,10910.53,0.0275,No,South East,0
52,Female,Trader,291550.51,575600.0,1,3,0,84.69,235010.63,176,14081.37,1.9743,No,North East,1
54,Female,Self-employed,329155.84,218800.0,9,0,0,95.21,174245.67,170,11359.63,0.0739,No,South East,0
26,Female,Self-employed,418628.1,603600.0,1,3,0,86.83,148868.04,172,25069.28,1.4419,No,South West,0
51,Female,Trader,223853.16,393100.0,3,2,0,88.91,358199.4,54,14118.8,0.5854,No,South South,0
58,Female,Self-employed,226833.79,515200.0,6,3,1,88.39,104194.36,180,7739.4,0.3785,No,South South,1
26,Male,Salaried,293118.51,115100.0,1,2,0,100.0,179648.03,53,0.0,0.3927,No,South West,0
54,Male,Salaried,122285.22,20000.0,9,1,0,100.0,151648.49,80,0.15,0.02,Yes,North West,0
35,Female,Self-employed,119068.68,273100.0,3,1,1,84.64,153462.41,57,4798.34,0.7645,Yes,South East,0
55,Female,Unemployed,165975.18,305000.0,9,3,1,83.77,152901.75,0,0.78,0.2042,No,North Central,1
40,Female,Self-employed,78586.14,20000.0,12,0,0,87.26,71072.38,142,4801.88,0.0212,Yes,North Central,0
56,Female,Self-employed,234496.9,127100.0,6,2,0,81.47,385764.17,134,14454.19,0.0903,No,South South,0
25,Male,Casual,355974.88,163000.0,1,1,0,98.34,289444.63,33,1.28,0.4579,No,South South,0
36,Male,Self-employed,113457.52,181100.0,12,5,1,77.35,173927.7,125,5995.87,0.133,No,North West,0
31,Male,Self-employed,238842.38,65600.0,3,4,2,66.85,400768.08,118,6407.81,0.0916,No,North Central,1
29,Male,Salaried,119584.31,154900.0,2,1,0,91.21,18461.98,79,0.0,0.6477,No,North Central,0
32,Female,Trader,92961.25,20000.0,12,0,0,88.97,105321.4,69,3601.0,0.02,No,South West,0
36,Female,Trader,684762.13,529900.0,3,1,0,98.74,1122730.67,34,42017.12,0.2579,No,South West,0
24,Female,Casual,93831.94,98700.0,6,5,1,91.15,73428.88,11,1.42,0.1753,No,South South,0
51,Female,Self-employed,78366.72,97100.0,3,3,0,85.6,53038.6,9,3742.66,0.413,No,South West,0
44,Male,Self-employed,206959.24,103300.0,9,4,0,80.88,138222.98,134,10180.73,0.0555,No,North East,0
57,Female,Salaried,214325.48,185600.0,9,3,1,79.69,280084.12,75,0.0,0.0962,Yes,South East,1
51,Female,Unemployed,277732.31,310500.0,6,4,0,88.98,320841.48,24,0.0,0.1863,No,South South,0
25,Female,Salaried,661000.82,150900.0,6,2,0,100.0,512065.95,16,0.16,0.038,No,South East,0
21,Female,Trader,108616.41,109400.0,3,3,1,82.23,110252.07,112,3853.4,0.3357,No,North Central,0
38,Male,Trader,123590.4,98500.0,1,2,2,83.75,128322.55,118,5108.9,0.797,No,South West,0
41,Female,Salaried,512182.2,20000.0,12,3,0,100.0,272260.54,33,0.0,0.02,No,South South,0
29,Female,Self-employed,331420.28,457400.0,12,2,0,94.73,19957.26,29,7507.08,0.115,Yes,South East,0
55,Female,Salaried,302780.98,139700.0,9,0,0,95.03,17023.05,49,0.23,0.0513,No,North West,0
45,Male,Self-employed,122675.44,181500.0,9,6,1,82.21,97042.42,43,7570.31,0.1644,No,South East,1
53,Male,Unemployed,374197.67,527600.0,6,5,0,87.63,442507.65,45,0.0,0.235,Yes,North Central,0
23,Male,Self-employed,303392.0,465300.0,6,1,0,97.05,476781.31,152,18305.1,0.2556,No,South South,0
57,Female,Unemployed,203599.75,320800.0,9,4,3,68.22,292117.17,64,0.0,0.1751,Yes,South West,1
27,Female,Salaried,123070.06,93700.0,1,1,0,89.58,76410.92,35,1.83,0.7614,Yes,South South,0
39,Male,Self-employed,192926.44,200400.0,6,3,0,92.31,181352.91,47,6593.08,0.1731,Yes,North West,0
39,Female,Casual,525564.71,374100.0,3,3,2,77.22,415731.54,48,1.04,0.2373,Yes,South East,1
57,Female,Casual,88400.52,45800.0,6,1,0,100.0,34598.96,63,0.29,0.0863,No,North Central,0
31,Male,Self-employed,107027.68,145900.0,9,6,0,88.8,42013.6,38,3729.66,0.1515,Yes,North East,0
29,Female,Trader,119687.63,104700.0,6,1,0,95.71,172309.26,180,3263.46,0.1458,No,South South,0
34,Female,Casual,137816.5,58400.0,9,0,0,93.78,35215.73,94,0.0,0.0471,Yes,South East,0
35,Male,Trader,178168.19,127700.0,12,1,0,92.08,29509.47,110,6140.29,0.0597,Yes,South West,0
26,Female,Trader,335636.26,324500.0,12,2,0,80.99,169708.15,17,17743.68,0.0806,No,South West,1
26,Female,Salaried,242954.95,150300.0,12,1,0,88.79,208195.26,53,0.0,0.0516,No,South West,0
29,Female,Salaried,187261.03,193200.0,12,6,0,85.41,23919.19,92,0.0,0.086,No,South East,1
40,Male,Trader,215508.99,124200.0,6,1,0,93.06,131897.51,174,6734.15,0.0961,No,North Central,0
34,Female,Self-employed,270034.84,422900.0,9,3,0,90.83,383234.25,101,16606.09,0.174,No,North West,0
36,Female,Salaried,60331.12,120700.0,9,1,1,73.49,39856.86,85,0.0,0.2223,No,South West,0
52,Male,Self-employed,361219.78,225600.0,12,1,0,92.14,372132.01,83,20028.28,0.052,No,North West,0
29,Male,Self-employed,105192.12,169700.0,6,2,0,100.0,172163.83,48,5463.77,0.2689,Yes,South East,0
61,Male,Self-employed,134919.07,20000.0,6,1,1,74.82,163377.54,20,2977.64,0.0247,Yes,South South,0
54,Female,Self-employed,224581.76,143900.0,12,2,0,91.29,263386.67,92,12399.83,0.0534,No,South West,0
26,Female,Self-employed,171390.24,73600.0,9,4,2,64.08,283338.75,110,5201.93,0.0477,No,North East,1
33,Male,Salaried,247018.11,221500.0,2,1,0,88.9,50418.86,7,0.0,0.4483,Yes,South East,0
26,Male,Casual,197382.8,254900.0,6,2,0,82.96,314844.82,90,0.0,0.2152,No,South West,0
31,Female,Trader,149140.81,138400.0,6,1,1,97.24,44936.86,78,5989.04,0.1547,No,South West,0
35,Male,Salaried,486214.39,701000.0,9,2,1,68.82,52770.55,12,0.0,0.1602,No,North West,1
24,Female,Self-employed,285202.5,249400.0,12,1,0,82.0,233257.22,77,16795.66,0.0729,No,North West,0
18,Male,Self-employed,219057.25,202000.0,6,1,0,99.24,330730.53,62,11221.73,0.1537,No,South South,0
39,Male,Trader,282335.12,219500.0,12,3,0,79.66,160082.22,165,14017.46,0.0648,No,North Central,1
51,Female,Trader,113805.71,169200.0,6,2,1,86.93,22740.18,52,6135.91,0.2478,No,South West,0
32,Male,Trader,739932.14,888700.0,1,1,0,100.0,60255.08,126,26025.74,1.2011,No,South South,0
59,Male,Trader,88765.02,160100.0,6,1,0,88.39,61775.21,140,4047.77,0.3006,Yes,North Central,0
35,Female,Salaried,193739.89,243000.0,6,0,0,94.29,324454.45,17,0.24,0.209,Yes,North West,0
61,Female,Self-employed,149422.78,181800.0,12,4,1,83.86,174667.73,80,6884.11,0.1014,No,North East,1
29,Male,Salaried,145778.38,97700.0,9,2,1,72.74,129599.59,47,0.38,0.0745,No,North West,1
43,Female,Self-employed,133979.92,147800.0,6,1,0,89.69,52082.75,84,3199.11,0.1839,Yes,South West,0
54,Female,Self-employed,108999.72,44600.0,6,4,1,83.18,176371.22,99,4502.16,0.0682,No,South West,0
20,Female,Trader,389700.81,157500.0,12,0,0,90.73,46603.2,96,18216.14,0.0337,Yes,North West,0
62,Male,Salaried,82261.24,142400.0,2,0,0,98.03,8825.31,76,0.0,0.8655,No,South East,0
35,Female,Trader,341133.33,585900.0,3,3,1,76.51,185045.91,61,9967.39,0.5725,No,South West,1
41,Male,Self-employed,274377.91,427300.0,9,0,0,97.16,219605.48,151,12704.54,0.173,Yes,South South,0
48,Female,Self-employed,140523.9,126200.0,9,1,1,83.25,213280.53,21,4056.99,0.0998,No,South South,0
48,Female,Trader,254462.02,461700.0,6,1,0,98.48,311625.62,63,11144.02,0.3024,Yes,North West,0
19,Male,Salaried,162442.24,20000.0,1,3,0,100.0,114151.11,83,1.31,0.1231,No,South West,0
59,Female,Self-employed,87997.0,235300.0,6,2,1,70.65,98820.6,94,2550.56,0.4457,No,North Central,1
47,Female,Self-employed,88603.82,74400.0,2,1,0,96.65,110380.5,31,4981.42,0.4198,Yes,South East,0
65,Female,Trader,275611.93,298400.0,1,3,1,78.57,98866.9,28,15707.42,1.0827,No,South South,1
40,Male,Salaried,266474.24,267000.0,6,3,0,90.93,162139.79,82,0.0,0.167,Yes,South South,0
47,Female,Unemployed,210663.96,337600.0,2,4,2,67.63,94407.25,66,0.0,0.8013,No,South West,1
39,Female,Unemployed,139556.72,69700.0,6,3,0,94.86,198105.21,89,0.0,0.0832,No,South South,0
60,Female,Casual,159043.28,20000.0,9,2,0,92.36,240869.35,36,1.3,0.02,No,North West,0
57,Female,Self-employed,145670.51,20000.0,1,3,1,82.9,222342.94,124,6623.88,0.1373,No,South West,0
61,Female,Trader,57826.27,140800.0,6,3,0,95.25,59397.53,159,3708.97,0.4058,No,North East,0
42,Male,Salaried,187311.21,292100.0,6,1,0,88.69,119169.66,77,0.0,0.2599,No,South West,1
55,Female,Casual,252788.33,373300.0,1,3,1,92.17,224514.44,22,0.0,1.4767,No,South East,0
35,Female,Self-employed,188086.61,279400.0,9,1,0,100.0,282250.89,136,6902.38,0.1651,Yes,South West,0
40,Male,Salaried,568444.57,1069600.0,1,3,0,94.09,667402.68,0,0.0,1.8816,No,South West,0
54,Male,Self-employed,93690.0,20000.0,12,2,1,77.68,133452.87,26,4881.38,0.02,No,South West,1
21,Female,Casual,117124.73,96000.0,9,1,1,78.59,22840.79,81,0.0,0.0911,No,North Central,0
52,Female,Casual,196255.86,212800.0,3,1,0,100.0,181504.78,41,1.4,0.3614,No,North Central,0
18,Female,Self-employed,210904.47,209400.0,12,0,0,92.71,293731.45,87,11196.41,0.0827,No,South East,1
45,Male,Self-employed,52309.15,65500.0,6,1,0,95.02,48438.13,47,1937.5,0.2087,No,South West,0
40,Female,Trader,266323.18,173100.0,3,4,0,96.96,147526.31,138,10164.88,0.2167,No,South West,0
40,Female,Casual,211529.15,319500.0,6,2,2,42.75,133376.62,81,0.7,0.2517,Yes,South South,0
41,Female,Trader,45392.71,72700.0,9,1,0,87.59,7207.87,117,1904.09,0.178,Yes,North East,0
41,Female,Self-employed,166850.1,180100.0,9,3,0,100.0,250861.0,163,10415.93,0.1199,Yes,South East,0
37,Female,Trader,106421.21,152800.0,9,5,2,53.28,127609.83,16,5254.94,0.1595,Yes,South West,1
39,Female,Casual,134061.24,204000.0,12,3,1,75.43,206275.11,29,0.0,0.1268,No,South West,0
45,Male,Salaried,75428.96,57900.0,12,3,1,81.28,24029.91,92,0.0,0.064,No,North Central,1
54,Male,Self-employed,235916.87,132300.0,3,4,1,76.83,102766.21,142,11382.88,0.1869,No,South South,1
44,Male,Salaried,565726.93,319000.0,12,2,0,88.74,535594.33,27,0.0,0.047,No,South West,0
48,Male,Self-employed,213838.74,231600.0,2,5,0,85.91,43431.71,139,8267.15,0.5415,No,South West,0
58,Female,Trader,44227.96,129900.0,12,6,1,80.21,47614.07,109,2137.07,0.2448,No,North East,1
65,Male,Salaried,216717.42,239000.0,3,2,0,96.5,126640.5,7,0.0,0.3676,Yes,South East,0
23,Male,Self-employed,158608.93,169300.0,3,1,0,96.8,51989.04,142,7534.45,0.3558,No,North Central,0
52,Male,Salaried,87996.65,103600.0,6,3,1,73.7,53818.41,30,0.44,0.1962,No,North West,1
28,Male,Casual,226515.27,20000.0,3,2,1,87.24,363678.7,49,0.0,0.0294,No,North Central,1
27,Female,Casual,318876.51,454200.0,12,2,1,85.5,336996.69,37,1.95,0.1187,No,South West,0
56,Female,Self-employed,116563.49,155300.0,2,1,0,100.0,125389.3,46,2776.8,0.6662,No,South East,0
21,Female,Trader,61838.77,20000.0,6,0,0,96.02,80724.11,20,2505.82,0.0539,Yes,South South,0
58,Female,Salaried,48684.95,20000.0,12,4,0,92.17,69183.22,68,1.25,0.0342,Yes,South West,0
54,Female,Casual,116776.46,48600.0,9,0,0,92.34,117808.36,27,1.51,0.0462,No,South South,0
65,Female,Trader,162695.38,86700.0,6,0,0,96.47,130171.03,77,9151.75,0.0888,No,South South,0
50,Female,Salaried,128708.9,116400.0,12,1,0,100.0,27175.72,25,0.0,0.0754,No,North Central,0
59,Male,Unemployed,115448.38,20000.0,1,3,0,94.88,153281.64,21,1.12,0.1732,No,North Central,0
23,Male,Salaried,260366.84,456100.0,3,2,0,95.46,117338.84,69,0.0,0.5839,No,North Central,0
60,Male,Trader,243178.02,385200.0,2,3,1,87.31,76566.9,130,11361.92,0.792,Yes,South West,0
25,Female,Salaried,204934.94,295300.0,3,1,0,81.57,326303.96,5,0.0,0.4803,No,South West,0
33,Male,Trader,306027.18,356900.0,3,5,0,83.99,351099.75,150,8568.87,0.3887,Yes,North West,0
24,Male,Salaried,117490.45,291900.0,9,3,2,73.69,120652.49,55,0.0,0.2761,No,North East,1
37,Male,Salaried,88366.54,184000.0,3,4,0,87.31,105152.06,59,0.0,0.6941,Yes,North West,0
53,Male,Self-employed,128180.57,144000.0,9,2,0,92.15,81203.28,50,6360.16,0.1248,No,North East,1
30,Female,Unemployed,122561.15,182600.0,9,3,1,76.73,185011.87,51,0.0,0.1655,No,South West,1
57,Female,Salaried,47447.26,134400.0,6,7,1,98.41,41387.98,8,0.11,0.4721,No,North West,0
47,Male,Trader,126259.24,115700.0,6,1,1,83.21,119578.63,121,7560.61,0.1527,No,South South,0
48,Male,Self-employed,369115.54,95100.0,2,0,0,79.2,224195.59,83,19359.92,0.1288,Yes,South West,0
63,Female,Casual,302932.98,423400.0,9,3,0,95.43,504401.05,24,1.65,0.1553,No,South South,0
38,Female,Self-employed,253237.14,304100.0,6,3,1,92.03,218177.29,92,6579.96,0.2001,No,North West,0
34,Female,Self-employed,196077.22,42800.0,12,1,0,97.73,21290.42,176,10703.96,0.02,No,South South,0
65,Female,Unemployed,461619.47,621600.0,6,0,0,97.25,706884.24,36,0.26,0.2244,No,South South,0
44,Male,Self-employed,90364.16,106600.0,9,5,0,88.84,66573.52,46,4623.71,0.1311,No,South West,1
47,Male,Self-employed,96141.32,45400.0,6,3,0,91.06,97952.28,92,6001.09,0.0787,Yes,North East,0
32,Female,Casual,373810.42,360900.0,6,1,0,88.06,182603.31,87,0.86,0.1609,No,North Central,0
28,Female,Self-employed,183258.92,390700.0,6,1,1,78.74,18948.53,69,5152.64,0.3553,Yes,South West,0
26,Female,Self-employed,116360.25,86100.0,9,3,0,92.54,23877.47,80,7551.25,0.0822,No,South West,0
28,Female,Self-employed,257677.26,485300.0,6,2,0,100.0,134470.07,74,15467.76,0.3139,Yes,South West,0
27,Male,Casual,135362.09,65100.0,12,1,0,100.0,192830.39,63,0.0,0.0401,Yes,North Central,0
53,Male,Unemployed,104435.04,83900.0,1,4,0,95.03,176081.47,35,0.0,0.8034,Yes,North East,1
20,Male,Trader,102563.1,20000.0,12,3,0,97.78,23928.38,85,2403.6,0.02,Yes,South West,0
48,Female,Trader,221841.67,347600.0,12,4,1,64.61,246990.68,58,9137.54,0.1306,Yes,South South,0
63,Male,Self-employed,205765.45,380500.0,3,2,0,90.92,328164.12,139,6114.33,0.6164,No,North Central,0
54,Male,Salaried,482433.1,277600.0,2,1,0,100.0,270844.15,8,0.0,0.2877,No,South East,0
37,Female,Salaried,149067.44,311400.0,6,4,0,94.66,235505.62,21,0.0,0.3482,Yes,North Central,0
20,Male,Salaried,147423.55,361900.0,1,3,0,93.27,120840.85,3,0.55,2.0,Yes,North West,1
58,Male,Salaried,458847.84,191900.0,3,2,0,100.0,285031.28,32,0.44,0.1394,No,North Central,0
18,Male,Trader,341595.49,343600.0,6,4,0,100.0,476750.93,2,8218.71,0.1676,Yes,South East,1
50,Female,Salaried,197777.12,391400.0,9,2,0,99.4,43075.54,38,0.29,0.2199,No,North East,0
50,Female,Salaried,65254.73,156100.0,3,2,0,93.55,55810.69,91,0.16,0.7974,No,South West,0
27,Female,Self-employed,106192.26,209500.0,12,2,1,82.99,41047.66,14,6004.62,0.1644,No,North Central,1
53,Female,Salaried,90721.58,78800.0,3,7,1,93.92,73601.76,82,0.59,0.2895,No,South East,0
26,Female,Salaried,184315.78,347100.0,2,1,0,100.0,169488.28,90,0.23,0.9416,No,South West,0
28,Male,Salaried,129351.71,159100.0,2,3,0,90.24,139723.3,9,0.08,0.615,Yes,South East,0
56,Female,Salaried,510221.54,165600.0,12,4,0,82.63,144893.88,74,1.17,0.027,No,South South,0
64,Female,Self-employed,64814.07,55900.0,12,4,1,81.58,89277.47,47,2635.52,0.0719,No,South South,0
30,Male,Trader,84612.84,88500.0,1,2,0,99.35,132482.12,58,4372.88,1.0459,No,South West,0
62,Female,Casual,211022.67,364300.0,9,0,0,100.0,318729.55,35,0.0,0.1918,No,North West,0
61,Female,Trader,252620.99,116400.0,1,4,0,93.26,251903.63,91,12411.6,0.4608,No,South East,0
54,Male,Trader,35000.0,20000.0,1,2,1,75.28,40690.89,28,971.5,0.5714,Yes,North East,0
24,Female,Casual,58261.43,20000.0,1,2,0,100.0,90062.7,0,0.7,0.3433,No,South West,0
32,Female,Self-employed,151655.95,185900.0,12,5,3,35.12,34383.64,84,7175.4,0.1022,Yes,South West,1
50,Male,Trader,434582.24,469700.0,6,3,0,92.34,528578.06,92,22458.17,0.1801,No,North Central,0
65,Female,Self-employed,614003.99,670200.0,6,2,0,94.04,606624.1,78,19249.18,0.1819,No,North West,0
57,Female,Self-employed,137487.57,202700.0,1,3,0,93.5,169771.75,45,4795.48,1.4743,Yes,South West,1
38,Female,Self-employed,161101.78,20000.0,12,3,0,100.0,60197.08,43,8839.71,0.02,Yes,South West,0
29,Male,Salaried,104479.84,113900.0,12,3,0,97.75,56504.75,62,0.71,0.0908,No,South West,0
64,Female,Casual,271657.21,376800.0,3,1,0,90.22,424474.33,10,2.32,0.4623,No,South West,0
31,Male,Salaried,486142.15,786100.0,9,6,3,49.7,99169.22,51,0.0,0.1797,No,South South,0
34,Female,Trader,407226.82,220700.0,9,3,0,100.0,642250.5,38,10962.22,0.0602,No,North East,0
64,Male,Casual,176638.71,273600.0,12,2,0,83.89,218877.51,24,1.04,0.1291,No,North East,0
44,Female,Self-employed,104366.76,184200.0,6,3,0,80.85,49476.16,156,5843.76,0.2942,Yes,North Central,0
30,Female,Salaried,180961.61,322100.0,3,3,0,85.31,216322.69,56,0.0,0.5933,Yes,North Central,0
18,Male,Self-employed,441628.14,118200.0,6,1,0,96.13,677600.73,21,9487.43,0.0446,Yes,South West,0
38,Male,Self-employed,138742.64,227400.0,9,4,2,71.99,53097.81,97,7240.18,0.1821,No,South South,1
65,Female,Unemployed,55308.58,81400.0,6,5,0,93.19,65866.01,91,1.78,0.2453,Yes,South South,0
38,Female,Trader,142444.27,136300.0,1,4,0,90.05,232999.4,40,7702.88,0.9569,Yes,South South,0
51,Female,Trader,150143.29,136200.0,12,1,0,88.86,70022.91,55,8818.07,0.0756,No,South East,1
30,Female,Self-employed,55097.98,113900.0,12,0,0,81.87,85990.77,31,3414.75,0.1723,No,South South,0
55,Male,Trader,209302.61,129600.0,6,2,0,100.0,55049.79,152,5295.22,0.1032,No,North East,0
55,Female,Trader,250099.76,200300.0,6,3,1,79.52,312687.83,63,5422.06,0.1335,No,South West,1
47,Female,Salaried,602981.82,335200.0,6,2,0,95.56,77871.17,63,0.0,0.0927,No,South South,0
55,Female,Salaried,75710.12,29500.0,6,4,1,84.13,69864.42,87,0.0,0.0649,Yes,North West,0
45,Female,Salaried,289395.94,32900.0,2,3,1,93.35,40578.46,29,0.61,0.0568,Yes,North West,0
36,Female,Self-employed,337444.26,525300.0,6,3,1,78.32,560766.03,65,9617.02,0.2595,No,South South,0
53,Female,Casual,252323.11,120400.0,6,3,0,87.61,362003.12,29,0.0,0.0795,No,North West,0
58,Female,Trader,93553.72,169800.0,12,3,0,93.85,137691.14,136,4689.18,0.1513,Yes,South West,0
58,Male,Self-employed,90085.08,184000.0,1,0,0,93.08,142045.08,34,3477.99,2.0,No,South West,0
28,Female,Unemployed,191738.94,49600.0,3,5,1,73.41,237465.03,36,0.0,0.0862,No,South West,0
50,Male,Salaried,190866.14,52500.0,6,2,0,85.16,100942.44,28,1.49,0.0458,Yes,North Central,0
18,Female,Salaried,125126.45,20000.0,12,1,0,96.72,212695.7,27,0.41,0.02,Yes,South West,0
45,Female,Casual,416764.33,84200.0,6,2,0,100.0,261501.57,9,1.04,0.0337,No,South South,0
45,Female,Casual,138721.5,61000.0,3,1,0,100.0,206172.81,47,0.0,0.1466,No,South West,0
35,Female,Trader,52565.05,76700.0,6,2,0,88.71,67752.7,14,1247.23,0.2432,Yes,South South,0
65,Male,Salaried,155604.9,190000.0,3,8,2,71.2,170893.48,24,1.07,0.407,Yes,South South,1
60,Male,Unemployed,245951.54,146200.0,6,4,0,86.3,285029.26,74,0.73,0.0991,Yes,North East,0
19,Male,Trader,224804.6,114000.0,9,3,0,95.04,11305.6,156,7764.22,0.0563,No,South West,0
28,Male,Trader,223676.66,295300.0,6,4,0,100.0,222784.97,13,14342.31,0.22,No,North Central,0
27,Female,Salaried,475349.21,45600.0,6,3,1,85.9,98143.1,88,0.55,0.02,No,North Central,0
61,Female,Self-employed,87212.09,31300.0,1,0,0,100.0,148120.85,93,3338.01,0.3589,No,South East,0
42,Male,Casual,136666.88,152300.0,9,4,1,68.97,54365.11,40,0.0,0.1238,No,North West,1
52,Female,Casual,491391.9,178300.0,12,2,0,92.72,712819.17,16,0.0,0.0302,Yes,North Central,0
56,Female,Self-employed,50107.94,46700.0,6,3,1,75.24,67910.18,173,2181.35,0.1553,Yes,North East,0
54,Male,Self-employed,173826.11,171100.0,12,1,0,100.0,201067.83,155,9206.44,0.082,Yes,South East,0
22,Male,Trader,400116.43,238700.0,6,0,0,92.38,400295.11,134,25473.41,0.0994,No,South South,0
24,Male,Self-employed,396258.75,449800.0,9,1,1,82.55,299671.64,167,17873.39,0.1261,No,South West,0
36,Female,Self-employed,276450.7,251600.0,3,0,0,92.19,361742.22,109,14767.42,0.3034,No,South West,0
34,Male,Salaried,281038.7,56900.0,12,3,2,77.58,194181.3,26,1.1,0.02,No,North East,1
53,Female,Salaried,91495.69,279500.0,3,1,0,88.74,118552.95,57,0.0,1.0183,No,North West,0
25,Female,Trader,439449.13,501800.0,2,0,0,86.16,154659.64,67,18204.54,0.5709,Yes,South West,0
35,Female,Salaried,82509.77,97400.0,1,1,0,90.51,115605.72,81,0.0,1.1805,Yes,South West,0
29,Male,Salaried,85771.64,34100.0,6,4,1,74.83,113269.7,85,0.0,0.0663,Yes,South West,1
27,Male,Casual,231614.66,139600.0,9,2,0,92.58,302805.96,66,0.0,0.067,Yes,South East,0
26,Male,Trader,130646.79,136000.0,9,1,0,99.47,94610.18,32,7951.07,0.1157,Yes,South West,1
27,Female,Salaried,205883.34,82700.0,2,2,0,84.64,248794.54,28,0.0,0.2008,No,South South,0
45,Female,Self-employed,238163.03,126500.0,9,2,0,91.1,212187.09,162,12601.15,0.059,No,North East,0
37,Female,Trader,571765.06,419000.0,2,0,0,100.0,282542.06,90,20754.09,0.3664,No,North Central,1
38,Male,Self-employed,238621.31,68000.0,9,6,1,72.06,196747.9,164,10607.52,0.0317,No,North West,1
41,Female,Self-employed,120410.84,221300.0,3,3,0,86.18,85543.63,54,5134.95,0.6126,Yes,South South,0
53,Female,Self-employed,279408.26,440100.0,6,4,0,96.12,88566.14,150,6751.55,0.2625,Yes,North Central,0
59,Male,Salaried,104827.55,119900.0,6,2,0,82.77,7852.65,53,1.99,0.1906,No,South East,0
43,Female,Trader,325873.07,263900.0,6,0,0,93.08,368191.49,151,10474.22,0.135,No,North West,0
48,Male,Salaried,187722.54,213200.0,9,3,1,95.72,238928.48,55,0.0,0.1262,No,North West,0
53,Female,Self-employed,233529.95,222400.0,12,3,0,89.62,131011.34,20,14848.29,0.0794,No,South South,0
51,Male,Salaried,56573.0,46800.0,6,1,0,87.73,95888.86,65,0.0,0.1379,No,North Central,0
24,Female,Salaried,41677.95,45700.0,6,1,0,82.6,17186.92,78,0.0,0.1828,No,South East,0
65,Female,Salaried,67831.8,20000.0,3,3,0,87.83,71560.93,45,1.1,0.0983,Yes,South East,0
25,Female,Casual,559871.84,457800.0,9,2,0,92.32,781876.04,74,0.0,0.0909,No,South West,0
37,Female,Salaried,85341.1,102500.0,6,2,0,100.0,105670.88,55,0.0,0.2002,No,South South,0
49,Male,Salaried,289732.54,360800.0,9,2,0,92.69,204036.3,67,0.77,0.1384,No,South West,0
37,Female,Salaried,118595.29,307100.0,6,1,0,93.03,173627.94,67,0.03,0.4316,No,North West,0
29,Female,Trader,153997.64,267400.0,6,1,0,93.66,196889.64,94,6392.32,0.2894,No,North Central,0
62,Male,Self-employed,174843.04,57300.0,12,3,1,76.47,82543.95,48,10439.04,0.0273,No,North West,0
21,Female,Unemployed,523958.68,809000.0,1,3,0,77.48,664227.58,68,0.0,1.544,No,South West,1
29,Male,Trader,263192.43,279000.0,9,4,0,100.0,156691.08,178,8029.33,0.1178,No,North West,0
65,Male,Self-employed,231187.34,226900.0,6,0,0,98.22,111986.9,158,14789.37,0.1636,Yes,North Central,1
53,Female,Trader,418137.71,201300.0,2,3,2,67.06,282638.03,94,20015.61,0.2407,No,North West,0
22,Male,Salaried,119268.7,75700.0,1,3,0,95.64,84562.39,78,0.0,0.6347,Yes,South East,0
54,Female,Unemployed,360459.56,472000.0,9,1,0,100.0,26238.52,38,0.0,0.1455,No,North Central,0
64,Female,Unemployed,323372.06,510000.0,2,5,0,83.2,156549.13,85,0.0,0.7886,No,South West,0
22,Female,Salaried,320984.05,386400.0,12,3,1,77.22,378201.21,86,0.0,0.1003,No,South West,0
37,Male,Trader,162746.86,123700.0,3,1,0,97.61,108399.08,9,10500.96,0.2534,No,South South,0
40,Male,Salaried,135463.49,119800.0,6,3,1,88.25,148193.19,87,0.54,0.1474,Yes,South West,0
24,Female,Self-employed,102265.41,113500.0,9,0,0,96.91,115625.88,32,5807.05,0.1233,No,South West,0
27,Male,Trader,106515.27,20000.0,3,1,0,96.92,177366.73,88,2435.44,0.0626,No,South West,0
26,Female,Unemployed,99176.22,291400.0,1,2,0,95.58,74835.74,63,1.6,2.0,No,North West,1
26,Male,Self-employed,228470.68,177100.0,6,2,0,83.65,234556.36,100,13347.35,0.1292,No,South East,0
37,Male,Trader,155172.63,20000.0,6,3,0,89.84,191495.46,138,5377.84,0.0215,No,South South,0
40,Male,Trader,238261.06,284000.0,6,1,0,90.47,277722.51,163,12480.22,0.1987,No,North East,0
29,Male,Salaried,247170.94,44800.0,6,4,1,88.85,228858.35,7,1.12,0.0302,No,South West,0
31,Male,Trader,90388.35,64600.0,9,1,0,97.6,122975.48,169,4566.76,0.0794,Yes,South West,0
27,Female,Trader,88642.13,37600.0,12,0,0,100.0,100225.62,71,4199.06,0.0353,Yes,North East,0
56,Male,Trader,155139.95,87400.0,6,4,1,86.02,178984.29,88,3849.35,0.0939,No,South East,1
28,Male,Unemployed,108758.34,59800.0,12,6,2,56.7,56746.12,34,1.56,0.0458,No,South West,1
61,Male,Salaried,101563.98,150300.0,1,2,0,100.0,137994.51,65,0.0,1.4799,No,South West,1
43,Female,Salaried,541938.98,468400.0,6,2,1,71.66,531140.4,13,0.65,0.1441,No,South West,0
56,Male,Salaried,66438.47,152400.0,6,3,1,74.31,95918.49,91,1.48,0.3823,Yes,South West,0
48,Female,Salaried,670449.73,1171400.0,6,1,0,87.37,207316.27,1,2.09,0.2912,No,South East,0
30,Female,Self-employed,217180.0,325600.0,1,1,0,86.15,150445.7,29,6476.09,1.4992,No,North Central,1
46,Male,Casual,341726.85,546600.0,2,2,1,70.47,412066.7,70,0.0,0.7998,No,South West,0
31,Female,Self-employed,316515.81,556700.0,3,3,1,77.75,489873.66,72,19816.42,0.5863,No,South South,1
23,Male,Trader,268803.42,351900.0,3,1,0,95.33,397579.84,123,10628.62,0.4364,No,South East,0
30,Female,Self-employed,530143.39,375400.0,6,5,1,77.56,560797.77,4,17838.12,0.118,No,North Central,0
31,Male,Self-employed,89066.74,35700.0,6,1,0,95.82,112894.39,55,5033.79,0.0668,Yes,South South,0
24,Male,Casual,162602.88,408000.0,3,0,0,95.55,118348.42,52,2.63,0.8364,No,South East,0
19,Female,Trader,103400.14,75500.0,9,2,0,77.64,34502.84,47,2857.76,0.0811,No,North East,0
63,Male,Self-employed,59770.08,20000.0,6,0,0,95.08,51031.31,9,2157.33,0.0558,No,South West,0
42,Female,Casual,117114.27,101500.0,1,2,0,88.75,190348.55,30,0.42,0.8667,No,South South,0
37,Male,Self-employed,607962.32,813900.0,3,2,0,82.5,405528.5,99,13003.21,0.4462,Yes,South East,0
62,Male,Salaried,160806.78,165600.0,6,4,0,95.59,148285.6,66,0.0,0.1716,No,South East,0
28,Female,Self-employed,653434.35,746400.0,6,0,0,94.45,1049429.56,179,17377.93,0.1904,No,South East,0
37,Male,Trader,698366.83,161700.0,12,3,0,95.03,151594.64,175,39939.2,0.02,No,South West,0
58,Female,Self-employed,1261165.52,1140900.0,3,1,0,98.85,171156.9,59,41105.91,0.3015,No,North Central,0
48,Male,Casual,621121.87,255300.0,6,0,0,89.23,666531.43,59,0.22,0.0685,No,South West,0
37,Male,Self-employed,833590.74,324300.0,6,2,1,77.24,520626.89,145,38818.7,0.0648,Yes,North West,0
30,Female,Self-employed,222364.02,317300.0,12,1,0,93.71,254883.7,161,13841.14,0.1189,Yes,South South,0
19,Male,Casual,208798.61,70400.0,9,2,0,90.76,146575.57,70,0.37,0.0375,No,North East,0
22,Female,Self-employed,218023.41,428100.0,2,2,0,100.0,194590.69,159,9248.83,0.9818,No,South West,0
25,Female,Self-employed,180007.28,149500.0,12,2,0,92.88,295834.89,24,10932.56,0.0692,No,North East,0
55,Male,Salaried,198390.61,376500.0,6,2,1,80.12,162920.7,50,0.0,0.3163,No,South West,0
48,Female,Self-employed,293499.38,173600.0,12,2,0,87.59,343036.06,41,18681.0,0.0493,Yes,South West,0
38,Male,Self-employed,132976.88,153400.0,3,3,0,86.42,225336.51,133,4231.12,0.3845,No,North West,0
55,Female,Salaried,73515.85,116200.0,6,5,0,81.98,51983.43,26,1.47,0.2634,No,South South,0
25,Male,Trader,227991.66,256400.0,6,1,0,91.27,14828.88,149,12921.34,0.1874,No,South West,0
28,Male,Salaried,114735.99,129800.0,1,2,0,92.09,138937.26,20,0.99,1.1313,No,South South,0
36,Female,Salaried,122722.91,140100.0,9,2,0,100.0,136125.05,57,0.0,0.1268,Yes,North East,0
62,Female,Self-employed,164049.34,236800.0,2,2,0,91.73,104201.4,150,4270.2,0.7217,No,North Central,1
47,Female,Salaried,141325.22,50200.0,2,4,1,80.56,177647.29,25,0.0,0.1776,Yes,South East,0
58,Male,Trader,370363.32,531000.0,3,2,0,95.08,485817.68,52,10162.05,0.4779,Yes,South West,0
29,Female,Trader,161511.26,164800.0,12,2,0,92.64,69432.88,34,4373.05,0.085,Yes,North West,0
58,Female,Self-employed,382699.13,660000.0,12,1,0,100.0,141368.23,32,14643.33,0.1437,Yes,South South,0
21,Male,Salaried,205792.3,85500.0,6,3,1,87.48,241669.15,79,0.5,0.0692,No,South West,0
28,Female,Self-employed,169934.49,20000.0,6,2,1,82.84,128076.19,99,7940.6,0.02,No,South East,0
43,Female,Salaried,199497.19,265200.0,3,3,0,86.51,51236.54,22,0.0,0.4431,No,South South,0
20,Female,Self-employed,77742.14,49500.0,6,3,0,92.28,18231.84,7,4801.36,0.1061,Yes,South East,0
59,Female,Trader,224237.78,272200.0,12,2,1,83.47,13670.81,44,7547.73,0.1012,No,North Central,0
59,Male,Trader,312601.71,542600.0,12,2,0,83.85,56989.47,88,6965.8,0.1446,No,North Central,0
43,Male,Self-employed,342752.85,328300.0,9,3,1,81.08,397680.92,59,12681.84,0.1064,No,North West,0
32,Male,Unemployed,74742.11,20000.0,3,1,0,82.8,119359.58,61,2.45,0.0892,No,South West,0
22,Male,Salaried,67062.14,20000.0,9,4,0,96.21,91379.25,15,0.59,0.0331,No,North East,0
47,Female,Casual,126979.39,150000.0,12,2,0,85.54,107176.74,84,0.56,0.0984,No,North East,0
43,Female,Casual,442742.08,208100.0,12,0,0,91.02,529628.49,23,0.0,0.0392,No,South West,0
54,Male,Self-employed,207803.07,122000.0,6,0,0,92.21,212825.98,92,11019.53,0.0978,Yes,North West,0
46,Male,Salaried,108788.43,104200.0,2,0,0,84.28,47073.33,92,0.0,0.4789,No,South East,0
24,Male,Salaried,70003.57,103800.0,12,1,0,93.61,49632.16,39,0.0,0.1236,No,North Central,0
23,Female,Unemployed,115395.32,231200.0,6,2,1,70.34,96843.58,73,0.0,0.3339,No,North East,1
55,Male,Salaried,110437.37,46900.0,1,0,0,100.0,55043.6,84,0.0,0.4247,Yes,South West,0
25,Male,Casual,330665.86,212900.0,1,0,0,100.0,529498.55,52,0.8,0.6439,Yes,North West,0
63,Male,Self-employed,347620.24,333100.0,6,2,0,100.0,176988.5,100,8837.95,0.1597,No,South East,0
23,Male,Self-employed,90969.17,118200.0,12,0,0,94.39,108800.8,138,4463.29,0.1083,Yes,North West,0
52,Female,Trader,293687.06,324000.0,12,3,1,83.69,173730.91,91,7760.68,0.0919,No,North West,1
64,Female,Salaried,274773.97,74200.0,12,0,0,92.13,230701.07,10,0.53,0.0225,No,South South,0
39,Female,Self-employed,83610.1,111500.0,6,2,1,88.59,101566.98,99,4811.09,0.2223,Yes,South West,0
20,Female,Unemployed,170455.57,285700.0,12,2,0,100.0,222696.53,85,0.0,0.1397,Yes,North Central,0
60,Male,Salaried,224637.92,106800.0,2,3,0,86.52,98059.48,4,0.87,0.2377,No,South South,0
26,Female,Unemployed,200148.56,227400.0,1,3,2,72.33,191009.79,51,0.0,1.1362,No,South South,1
43,Female,Unemployed,59210.87,45900.0,1,1,1,66.57,65325.17,62,0.0,0.7752,No,South East,0
65,Female,Salaried,196021.72,86300.0,9,2,1,73.46,21127.18,49,0.0,0.0489,No,South East,0
53,Male,Self-employed,272197.81,427400.0,12,3,1,84.32,353939.57,72,9763.91,0.1308,Yes,North Central,0
20,Male,Salaried,502548.96,340700.0,12,1,0,95.6,543604.26,2,0.16,0.0565,No,North Central,0
57,Female,Trader,116540.93,34500.0,12,2,0,98.11,128895.93,27,6569.04,0.0247,No,North West,0
25,Male,Unemployed,126268.72,248100.0,6,3,0,100.0,48681.66,96,0.0,0.3275,Yes,North Central,0
53,Female,Casual,157148.85,241800.0,9,4,2,53.45,135592.06,53,1.08,0.171,No,South West,1
47,Female,Unemployed,217510.52,310800.0,6,2,1,81.91,215006.49,56,0.53,0.2381,No,South South,0
31,Female,Salaried,191716.63,199600.0,9,2,0,100.0,119135.98,35,0.0,0.1157,No,South West,0
38,Male,Self-employed,266602.04,199000.0,9,4,0,90.76,314332.46,170,13169.52,0.0829,No,South South,1
23,Male,Salaried,86624.75,126000.0,6,2,0,89.88,9949.53,39,0.41,0.2424,No,North West,0
65,Male,Casual,232970.48,253800.0,1,4,1,86.47,206358.51,61,0.0,1.0894,No,North Central,0
29,Female,Salaried,111109.57,58700.0,3,3,0,92.94,16473.28,23,0.19,0.1761,No,North West,0
32,Male,Salaried,163987.44,198500.0,12,4,2,66.95,126666.87,10,0.0,0.1009,No,South South,1
42,Male,Salaried,546298.6,379400.0,6,3,0,100.0,831172.76,87,0.69,0.1157,No,South South,0
50,Female,Salaried,72537.16,31500.0,6,1,0,100.0,57417.44,70,0.0,0.0724,No,South West,0
42,Female,Salaried,150100.19,287300.0,12,5,1,82.78,250582.33,15,0.0,0.1595,Yes,North Central,0
42,Female,Salaried,78605.14,118200.0,6,2,0,100.0,101772.59,9,0.0,0.2506,No,South East,0
45,Male,Casual,198830.17,260900.0,3,2,0,91.51,320507.02,7,0.31,0.4374,No,South South,0
59,Female,Trader,355778.46,310400.0,9,2,1,89.96,531700.93,146,8356.35,0.0969,No,South West,1
36,Female,Salaried,200985.48,222700.0,6,0,0,86.68,294150.97,9,0.0,0.1847,No,South East,0
57,Male,Casual,166849.39,203600.0,6,0,0,87.82,99201.62,0,0.25,0.2034,No,North West,0
55,Male,Self-employed,426843.9,314300.0,9,1,1,82.27,600760.88,74,18990.84,0.0818,No,North Central,0
64,Male,Trader,223136.44,334500.0,6,2,1,87.32,135119.06,177,14454.04,0.2498,No,South East,0
61,Male,Self-employed,306640.11,421600.0,3,1,0,95.45,444180.58,51,7007.95,0.4583,Yes,North Central,0
56,Female,Self-employed,286538.86,47100.0,1,1,0,82.49,236104.25,152,17707.34,0.1644,Yes,South East,0
29,Male,Self-employed,35000.0,57500.0,12,3,1,70.92,2232.02,28,1776.83,0.1369,No,South East,0
55,Female,Salaried,171249.6,328200.0,6,0,0,81.9,266805.4,89,0.21,0.3194,Yes,North East,0
53,Female,Trader,89318.48,54700.0,12,0,0,96.22,107150.92,71,2949.77,0.051,No,South South,0
31,Male,Trader,104993.75,74300.0,9,1,0,95.03,124215.13,132,4590.98,0.0786,Yes,North West,0
50,Female,Trader,469391.8,516300.0,3,1,0,94.89,702319.12,137,24424.38,0.3666,No,South East,0
30,Female,Self-employed,141080.87,50900.0,6,1,0,94.82,230882.77,5,4381.96,0.0601,No,South East,0
43,Male,Self-employed,615925.6,509300.0,6,3,0,88.69,809732.46,109,35622.55,0.1378,Yes,North Central,0
56,Female,Trader,72093.17,121100.0,9,2,1,82.08,71401.09,167,4239.36,0.1866,No,South East,0
27,Female,Salaried,88994.17,48500.0,6,2,0,100.0,30646.23,26,0.0,0.0908,Yes,South East,0
34,Male,Salaried,295445.62,306800.0,9,4,0,97.98,364474.28,88,0.05,0.1154,Yes,North West,0
56,Male,Self-employed,144180.41,184100.0,9,3,1,71.18,126537.14,135,8824.85,0.1419,Yes,South East,0
39,Male,Salaried,219800.35,376100.0,3,2,0,91.65,201676.57,64,0.27,0.5704,No,North East,0
64,Female,Self-employed,167328.24,231500.0,12,1,0,89.6,188865.0,16,8136.68,0.1153,No,North East,1
18,Male,Salaried,164068.22,271500.0,6,5,1,82.62,213614.49,41,0.33,0.2758,Yes,South East,0
52,Male,Trader,147702.99,83200.0,9,2,0,86.59,70918.79,29,5169.93,0.0626,No,North West,0
57,Female,Trader,202274.87,274100.0,3,2,0,95.27,116007.84,55,12567.55,0.4517,No,North Central,0
62,Female,Casual,273150.18,292900.0,3,1,0,91.59,122229.17,31,0.0,0.3574,Yes,South East,0
25,Female,Trader,514055.51,730200.0,9,2,0,88.55,666063.17,150,25354.35,0.1578,No,South West,0
65,Male,Self-employed,157799.26,61100.0,6,1,0,95.45,128722.49,124,5275.56,0.0645,No,North West,0
36,Female,Unemployed,139364.38,96900.0,12,3,2,65.43,143897.47,79,0.0,0.0579,Yes,South East,1
34,Male,Trader,128169.91,37300.0,9,3,0,99.2,118919.53,52,7017.19,0.0323,No,South East,1
35,Male,Self-employed,467928.9,224000.0,9,3,0,90.58,678027.32,125,19249.71,0.0532,No,South South,0
48,Female,Salaried,281932.6,485800.0,6,3,0,85.72,284935.93,51,0.43,0.2872,No,South South,0
49,Male,Trader,52383.16,132400.0,12,3,0,92.55,87328.05,179,2248.84,0.2106,No,South West,0
40,Female,Trader,50903.33,52300.0,12,2,0,95.75,52675.74,17,2282.95,0.0856,Yes,South West,0
21,Female,Trader,104943.2,20000.0,3,2,0,98.27,92246.35,113,4592.68,0.0635,Yes,South East,0
65,Male,Casual,209045.39,293300.0,6,4,0,92.7,31854.02,24,1.25,0.2338,No,North Central,0
28,Female,Casual,176126.28,57100.0,12,5,0,99.9,131900.48,50,0.0,0.027,No,South South,0
22,Male,Unemployed,251530.16,324600.0,2,3,1,68.52,151852.86,42,3.17,0.6453,No,North Central,0
46,Male,Trader,160600.29,125200.0,3,2,0,100.0,162303.78,9,8598.63,0.2599,No,South East,0
37,Female,Unemployed,446428.41,483800.0,12,1,0,97.98,279525.15,88,1.3,0.0903,No,South West,0
47,Female,Casual,297326.02,471600.0,6,0,0,90.9,166622.48,45,0.0,0.2644,No,North Central,1
60,Female,Salaried,189309.2,166000.0,12,2,0,100.0,321501.66,30,0.0,0.0731,Yes,North East,0
22,Male,Trader,378958.8,265600.0,6,2,1,85.54,219095.18,27,21233.44,0.1168,No,South East,0
31,Male,Salaried,61631.17,112500.0,6,2,0,100.0,89641.35,59,0.47,0.3042,Yes,North Central,0
42,Female,Self-employed,170316.47,272100.0,6,2,0,88.56,236018.86,76,7219.99,0.2663,No,North East,0
55,Male,Self-employed,196829.89,206900.0,6,3,0,89.22,115227.52,49,8226.38,0.1752,No,North East,0
46,Male,Self-employed,266208.7,452200.0,12,3,1,81.57,180358.67,13,13076.24,0.1416,No,South East,1
36,Male,Salaried,59033.14,74300.0,9,1,0,94.47,75153.47,16,0.47,0.1398,Yes,South South,0
47,Female,Salaried,151971.4,27300.0,12,2,0,83.92,104359.53,96,0.04,0.02,No,South West,0
65,Female,Salaried,233517.35,492600.0,3,2,0,100.0,27639.59,1,0.0,0.7032,Yes,South East,0
41,Female,Trader,245454.66,232700.0,12,1,0,100.0,216086.08,36,6842.55,0.079,Yes,North West,0
60,Female,Casual,389140.81,185000.0,9,2,0,95.34,360378.46,88,0.49,0.0528,No,North West,0
55,Female,Unemployed,295283.32,250900.0,2,1,0,89.19,176880.05,61,0.87,0.4248,Yes,North West,0
32,Female,Self-employed,173019.95,78200.0,6,4,2,71.64,23896.25,70,5029.21,0.0753,Yes,South South,1
29,Female,Salaried,279133.4,81500.0,3,3,0,96.71,215630.68,88,0.37,0.0973,No,North Central,0
54,Female,Casual,157917.14,181900.0,3,0,0,100.0,258583.3,72,0.0,0.384,No,North Central,0
27,Female,Salaried,198018.39,241800.0,12,0,0,100.0,313727.38,3,0.0,0.1018,No,North Central,1
34,Male,Unemployed,301743.82,408000.0,12,3,0,91.89,430514.0,69,0.0,0.1127,No,South West,0
29,Male,Trader,174777.08,206900.0,1,1,0,91.51,115443.14,13,5405.57,1.1838,Yes,North West,0
47,Female,Self-employed,227750.37,210700.0,2,2,0,92.84,80299.64,158,11501.62,0.4626,No,South West,0
32,Female,Salaried,336234.07,458200.0,3,2,0,96.86,557849.37,21,0.0,0.4542,Yes,South West,0
49,Female,Salaried,285963.45,403300.0,12,2,1,75.84,419694.89,45,0.79,0.1175,No,North East,0
62,Male,Self-employed,401301.72,767400.0,9,3,0,84.46,149400.41,91,23737.4,0.2125,No,North West,0
57,Male,Self-employed,817661.34,551100.0,6,2,0,92.37,615193.54,79,32231.06,0.1123,No,South East,0
63,Female,Casual,284251.64,264100.0,6,1,1,85.21,296553.28,27,0.0,0.1549,No,South East,0
19,Male,Trader,133368.6,32600.0,12,1,0,100.0,140635.26,40,7731.1,0.0204,Yes,South South,0
39,Male,Self-employed,251047.42,215300.0,3,2,0,86.44,279762.86,57,12469.61,0.2859,No,North West,0
28,Male,Salaried,244127.06,364900.0,2,3,1,85.9,395023.06,68,0.0,0.7474,No,South East,0
62,Female,Self-employed,268201.56,168200.0,6,2,0,93.28,81840.37,149,6019.86,0.1045,Yes,South East,0
52,Female,Salaried,475666.71,628600.0,12,1,1,78.67,726042.89,60,0.0,0.1101,No,South East,0
33,Male,Trader,60236.85,36200.0,9,1,0,83.14,30500.78,51,2130.56,0.0668,No,South West,0
45,Female,Trader,481521.82,801100.0,12,3,0,96.74,462332.55,141,26613.29,0.1386,No,South East,1
47,Male,Casual,599279.33,786300.0,12,2,0,95.92,577447.74,17,0.0,0.1093,No,South West,0
41,Male,Self-employed,260395.8,280000.0,3,2,0,100.0,312793.25,46,11535.22,0.3584,No,North West,0
40,Female,Salaried,264500.9,381100.0,9,3,1,82.07,166368.26,68,0.0,0.1601,No,South South,0
20,Female,Casual,153836.1,169600.0,12,2,0,100.0,36897.96,0,1.19,0.0919,No,North Central,0
39,Female,Trader,180741.43,288500.0,2,5,0,91.87,261110.49,63,11242.49,0.7981,Yes,North Central,0
34,Female,Trader,283333.81,232200.0,9,2,0,91.61,98518.35,128,15003.82,0.0911,No,South West,0
57,Male,Self-employed,271718.31,55200.0,3,2,0,82.24,121066.55,53,16737.78,0.0677,No,North East,0
59,Male,Casual,287556.16,251700.0,12,2,0,100.0,51967.41,25,1.5,0.0729,No,North Central,0
54,Female,Salaried,270505.23,262400.0,3,3,0,94.96,240902.64,23,0.0,0.3233,No,South East,0
19,Male,Self-employed,322760.43,45900.0,6,4,0,93.97,338750.96,12,17979.26,0.0237,No,North Central,0
58,Female,Casual,300148.84,149800.0,9,5,1,82.27,273266.97,32,0.0,0.0555,No,North West,0
37,Male,Salaried,92492.75,118900.0,6,2,0,95.65,17532.18,8,1.24,0.2143,No,South South,0
37,Female,Casual,309182.3,170300.0,2,2,0,89.02,442767.36,31,1.33,0.2754,No,South East,0
63,Male,Self-employed,602470.17,599000.0,3,1,0,97.15,91916.32,94,29778.7,0.3314,Yes,North West,0
59,Male,Salaried,176911.47,36800.0,12,0,0,87.32,295409.14,62,1.52,0.02,No,South South,1
20,Female,Salaried,477048.81,72000.0,12,3,0,93.06,317890.25,16,0.0,0.02,No,South East,0
35,Male,Casual,99158.04,23000.0,9,1,0,97.48,98246.51,90,0.51,0.0258,No,North West,0
53,Male,Trader,176551.24,61100.0,1,1,1,93.66,209546.3,70,11379.46,0.3461,No,North Central,0
43,Female,Self-employed,118653.09,41000.0,9,3,0,95.47,109036.21,78,4522.49,0.0384,No,South East,0
30,Male,Salaried,441178.99,694500.0,9,4,1,88.81,634799.72,35,0.0,0.1749,Yes,South West,1
43,Male,Salaried,522835.36,653500.0,6,3,0,93.91,700783.33,81,0.0,0.2083,No,South South,0
59,Male,Salaried,168760.3,258800.0,3,2,0,87.45,169977.58,19,0.33,0.5112,Yes,North West,0
28,Female,Trader,385348.01,475000.0,2,2,0,100.0,29041.77,49,23362.44,0.6163,Yes,North East,0
53,Male,Salaried,526296.19,307900.0,1,1,0,93.19,581093.06,82,0.72,0.585,No,South East,0
53,Male,Salaried,176189.41,126400.0,9,3,0,100.0,238253.34,13,0.73,0.0797,Yes,North East,0
60,Male,Salaried,195839.49,82800.0,6,1,1,76.25,272935.73,24,0.11,0.0705,No,South East,1
32,Female,Trader,289978.52,248300.0,6,1,0,97.65,274887.63,109,9721.77,0.1427,Yes,South West,0
28,Female,Trader,104095.34,123400.0,6,3,1,86.89,63997.11,33,2724.61,0.1976,No,South South,0
44,Male,Trader,193353.53,92100.0,6,1,1,85.1,124115.21,130,4154.44,0.0794,No,North Central,0
43,Female,Self-employed,724707.75,318900.0,6,3,0,100.0,474717.52,154,22499.03,0.0733,No,South East,0
37,Female,Unemployed,130053.78,82100.0,6,1,0,97.0,155338.73,85,0.18,0.1052,Yes,North West,0
55,Female,Self-employed,313545.32,334500.0,2,4,2,62.96,377928.3,87,13152.64,0.5334,No,South West,1
56,Male,Casual,253010.18,386300.0,1,3,2,82.66,260649.44,12,0.46,1.5268,No,North West,1
29,Female,Trader,161823.95,333200.0,6,4,0,81.32,212680.04,142,10366.94,0.3432,Yes,North West,0
56,Male,Salaried,207894.9,34200.0,6,1,0,83.79,174985.63,86,0.21,0.0274,No,North East,0
29,Male,Casual,562369.89,739500.0,6,2,0,100.0,523884.41,74,0.0,0.2192,No,North West,1
37,Male,Trader,257957.54,380500.0,6,4,1,85.41,382077.64,58,7812.42,0.2458,No,South West,1
19,Male,Trader,285527.67,260600.0,2,2,0,90.18,250044.71,38,13436.21,0.4563,Yes,North West,0
34,Female,Salaried,509544.58,727000.0,2,3,0,96.75,277321.79,58,0.27,0.7134,Yes,North Central,0
64,Male,Self-employed,149133.23,165100.0,9,4,0,100.0,110402.31,45,4566.89,0.123,Yes,North East,0
39,Female,Casual,91145.96,171200.0,6,4,0,86.6,42794.82,66,0.0,0.3131,Yes,North West,0
52,Male,Salaried,568148.4,583000.0,6,3,0,93.39,238895.45,31,0.0,0.171,No,South East,0
23,Female,Salaried,196703.2,240500.0,2,1,0,94.27,207282.2,26,0.63,0.6113,No,North East,0
48,Male,Salaried,321757.26,343600.0,12,2,0,96.14,24752.84,8,0.66,0.089,No,South East,0
35,Male,Self-employed,109666.38,20000.0,6,2,0,98.51,61707.29,60,6772.12,0.0304,No,South West,0
53,Female,Casual,231712.86,245600.0,9,1,0,80.22,256666.36,66,0.98,0.1178,No,South South,0
62,Male,Trader,88230.31,256900.0,6,0,0,97.75,35439.29,29,2285.59,0.4853,No,South West,0
43,Female,Casual,187614.2,158600.0,6,3,0,80.64,318276.01,35,0.0,0.1409,Yes,North East,0
22,Female,Self-employed,118132.49,125800.0,9,2,1,78.19,128272.89,122,4931.46,0.1183,No,North West,1
40,Female,Self-employed,101746.21,171600.0,2,0,0,86.61,110698.49,124,4966.52,0.8433,No,South East,0
23,Female,Salaried,147809.92,307700.0,1,0,0,95.38,137471.92,89,1.3,2.0,Yes,South South,0
39,Male,Salaried,40538.53,101700.0,2,2,0,98.66,53288.75,92,0.21,1.2544,No,North Central,0
20,Male,Trader,84691.93,20000.0,12,5,2,76.24,101411.95,95,1962.14,0.02,No,North West,1
48,Female,Salaried,299323.84,354100.0,12,1,0,89.43,428642.17,43,1.3,0.0986,No,South West,1
32,Male,Salaried,225639.82,522900.0,9,3,0,84.79,106692.86,17,0.57,0.2575,No,South West,0
27,Male,Casual,89544.47,197300.0,6,3,0,93.74,67600.17,1,0.0,0.3672,No,North East,1
18,Male,Self-employed,256999.64,446800.0,1,1,0,91.15,239915.14,158,5854.42,1.7385,No,South East,1
60,Female,Salaried,101709.26,44300.0,12,2,0,96.36,64719.35,34,0.0,0.0363,Yes,North West,0
58,Male,Trader,287790.67,288600.0,3,3,0,90.99,138885.79,177,12354.8,0.3343,Yes,South West,0
56,Female,Self-employed,166966.21,361100.0,3,3,2,73.09,13101.92,87,6875.93,0.7209,Yes,South East,1
20,Male,Casual,145711.23,133700.0,12,0,0,94.33,96675.18,19,0.88,0.0765,Yes,South West,0
34,Male,Trader,169654.75,219800.0,3,1,0,100.0,136254.2,63,9612.0,0.4319,Yes,South West,0
64,Male,Salaried,950178.96,1381400.0,12,0,0,90.51,1304694.81,93,0.0,0.1212,No,North West,0
45,Female,Salaried,109918.14,82400.0,12,0,0,99.15,129846.21,2,0.0,0.0625,No,North East,0
24,Female,Salaried,208558.58,20000.0,12,2,0,98.37,127412.34,83,0.0,0.02,No,South East,0
24,Male,Trader,299120.5,275500.0,9,2,0,89.24,378632.98,169,8447.85,0.1023,No,South West,0
30,Female,Self-employed,96292.31,116400.0,6,3,0,83.52,29395.8,160,2480.5,0.2015,No,North West,0
64,Female,Trader,63859.75,123300.0,9,3,0,100.0,34674.19,52,1856.4,0.2145,Yes,South East,0
26,Male,Self-employed,121783.28,20000.0,12,1,0,91.06,72579.67,72,3373.93,0.02,No,South East,0
61,Male,Self-employed,294891.63,473100.0,9,2,1,75.29,28024.88,28,12612.27,0.1783,Yes,South South,0
50,Female,Salaried,144121.2,139600.0,12,0,0,91.9,214484.84,5,0.04,0.0807,No,South East,0
62,Female,Salaried,154893.53,167700.0,12,0,0,87.37,117036.87,76,1.17,0.0902,No,North West,1
57,Male,Self-employed,325368.09,316600.0,9,0,0,98.41,180263.25,19,10092.37,0.1081,No,South West,1
33,Female,Self-employed,106573.39,170300.0,12,2,0,93.94,135984.6,45,5282.2,0.1332,No,South South,0
57,Female,Unemployed,169909.49,168100.0,3,2,0,94.37,157819.09,36,0.0,0.3298,No,South South,0
26,Female,Salaried,67286.54,131400.0,12,1,0,100.0,101587.54,61,0.44,0.1627,No,North Central,0
31,Female,Trader,221721.98,389200.0,12,2,0,94.7,260124.53,154,7088.11,0.1463,No,North Central,0
28,Male,Salaried,208958.66,394300.0,1,2,0,100.0,318855.16,3,0.0,1.887,No,South West,0
24,Female,Trader,301887.81,573800.0,6,3,0,93.86,374402.91,21,19538.19,0.3168,No,South West,0
22,Female,Salaried,85502.05,20000.0,6,2,0,83.46,114414.76,28,0.0,0.039,No,South West,0
26,Female,Trader,158892.83,168000.0,12,1,0,87.79,120681.07,96,5929.58,0.0881,No,South West,0
23,Female,Salaried,78409.97,20000.0,2,0,0,88.91,17483.83,4,0.0,0.1275,No,South South,0
36,Female,Salaried,153390.58,212200.0,6,0,0,94.79,129850.91,82,0.0,0.2306,No,South East,0
21,Male,Self-employed,471594.31,243900.0,6,4,1,93.58,445078.98,106,14027.27,0.0862,No,North West,0
20,Male,Self-employed,146125.75,316800.0,6,2,0,95.32,67803.11,26,3181.56,0.3613,Yes,North East,0
65,Female,Self-employed,74077.29,209600.0,12,0,0,92.4,31803.36,53,2852.28,0.2358,Yes,South South,0
22,Female,Self-employed,115704.01,174900.0,6,1,0,91.88,76318.85,128,5832.09,0.2519,No,South South,0
21,Female,Unemployed,63170.55,179500.0,6,4,1,80.56,46915.48,36,0.0,0.4736,Yes,South West,0
19,Female,Self-employed,77533.06,119200.0,12,0,0,96.91,83339.5,135,2526.39,0.1281,Yes,South South,0
24,Male,Self-employed,278410.98,359200.0,2,1,0,99.58,147972.7,72,11849.33,0.6451,Yes,North Central,0
43,Female,Casual,70307.1,90200.0,3,0,0,89.07,11531.9,33,2.0,0.4276,No,North Central,0
57,Male,Trader,220516.04,285100.0,3,0,0,100.0,132207.27,26,14316.9,0.431,No,North Central,0
53,Male,Self-employed,183037.23,247900.0,12,4,1,78.89,76391.26,39,11332.69,0.1129,No,North East,0
45,Female,Self-employed,127416.79,165400.0,12,0,0,89.55,136374.41,117,4463.11,0.1082,Yes,South South,0
22,Male,Salaried,208665.89,238000.0,6,2,0,100.0,140254.44,72,0.42,0.1901,No,North West,1
55,Female,Self-employed,97854.03,49800.0,3,4,2,73.86,99098.75,7,6085.8,0.1696,No,North Central,1
19,Female,Self-employed,310910.69,281200.0,6,1,0,89.49,200558.8,109,14323.67,0.1507,No,North Central,0
48,Male,Trader,114323.9,149800.0,6,1,0,98.74,113982.61,161,2474.29,0.2184,No,South West,0
37,Female,Casual,140024.64,76900.0,6,1,0,91.02,7841.12,36,0.2,0.0915,Yes,South West,0
60,Male,Salaried,129603.36,93500.0,3,2,0,96.93,133568.02,3,0.25,0.2405,No,North Central,0
32,Male,Salaried,281776.63,135500.0,2,4,1,86.01,37419.79,37,0.67,0.2404,No,South West,0
48,Female,Self-employed,256427.35,440100.0,12,3,0,100.0,336704.15,62,15790.54,0.143,No,North West,0
39,Male,Self-employed,35000.0,20000.0,9,4,1,88.95,54282.88,113,1314.17,0.0635,No,North East,1
43,Female,Self-employed,212345.52,28500.0,2,0,0,100.0,196731.18,90,8857.1,0.0671,Yes,North West,0
63,Male,Trader,57914.72,115000.0,12,1,0,99.36,5219.15,58,2350.86,0.1655,Yes,North Central,0
52,Female,Self-employed,144185.08,52000.0,6,3,1,74.51,80190.45,75,5512.2,0.0601,No,North East,0
37,Female,Unemployed,167778.35,151000.0,9,1,0,95.3,37656.41,84,1.59,0.1,Yes,North West,0
39,Female,Self-employed,143182.35,20000.0,2,4,1,82.67,23952.39,172,6965.87,0.0698,No,North Central,0
51,Male,Salaried,249258.21,500700.0,12,2,1,80.34,275553.79,51,1.13,0.1674,No,South East,0
34,Female,Self-employed,287437.84,442700.0,1,4,1,84.94,330675.13,89,17102.56,1.5402,No,North East,1
26,Male,Trader,108875.4,95000.0,12,2,0,82.0,117226.43,78,6495.92,0.0727,No,South West,1
40,Female,Salaried,106334.4,84300.0,9,3,0,92.01,31938.65,91,0.49,0.0881,No,South East,0
21,Female,Salaried,175840.38,194400.0,3,3,0,94.89,60639.58,7,1.81,0.3685,No,South West,0
26,Female,Self-employed,65991.83,20000.0,3,4,0,100.0,36079.83,141,3463.08,0.101,Yes,South West,0
38,Female,Trader,132015.74,20000.0,12,3,1,71.42,95654.55,102,8352.76,0.02,Yes,North West,0
56,Male,Unemployed,432337.89,612700.0,1,2,1,70.92,185434.04,51,0.99,1.4172,No,South East,1
55,Female,Self-employed,67617.14,116600.0,2,3,1,73.78,102691.57,72,3885.77,0.8622,No,South South,0
30,Male,Salaried,144297.99,219000.0,9,0,0,91.77,13629.35,62,0.0,0.1686,Yes,South South,0
38,Male,Self-employed,122481.66,223700.0,1,0,0,86.11,103784.13,163,7031.29,1.8264,Yes,South West,1
25,Female,Self-employed,662738.82,797400.0,6,3,1,85.95,1070934.11,122,30142.47,0.2005,No,South West,1
54,Male,Unemployed,126893.36,154200.0,6,5,2,67.14,212934.35,80,0.67,0.2025,No,South West,1
29,Male,Self-employed,131772.87,194600.0,1,5,0,100.0,77187.23,72,2861.73,1.4768,Yes,South East,0
56,Male,Trader,92107.8,66000.0,6,2,0,90.28,100438.1,92,5462.1,0.1194,Yes,South West,0
58,Male,Casual,181093.96,197900.0,1,4,0,100.0,249477.9,25,1.16,1.0928,No,South West,0
51,Male,Trader,214554.85,198400.0,12,0,0,85.51,91297.14,32,8235.16,0.0771,No,South East,0
33,Male,Salaried,101207.61,86600.0,3,2,0,100.0,97694.91,1,0.39,0.2852,Yes,North East,0
63,Female,Trader,342279.16,145700.0,9,1,0,92.5,564670.11,48,18405.28,0.0473,No,South East,0
50,Male,Self-employed,214679.92,203300.0,9,3,0,93.41,327324.96,141,12101.7,0.1052,No,South East,0
49,Female,Self-employed,313152.84,344100.0,9,3,0,100.0,473103.91,64,10573.3,0.1221,No,South East,0
59,Male,Unemployed,145426.2,212700.0,6,4,1,85.62,153239.03,54,0.0,0.2438,No,North West,1
60,Male,Salaried,210824.63,231500.0,3,4,0,87.14,227315.17,79,0.38,0.366,No,South South,0
21,Male,Self-employed,156717.39,20000.0,6,2,0,93.26,67911.95,86,7859.55,0.0213,Yes,North East,0
60,Male,Salaried,464262.38,755800.0,9,2,1,88.06,643410.65,26,0.0,0.1809,No,South South,0
54,Male,Salaried,194130.1,190800.0,9,4,1,81.37,256166.05,67,0.0,0.1092,No,South East,1
27,Male,Trader,181027.13,67200.0,1,3,1,83.19,137697.64,103,10866.69,0.3712,No,North Central,1
32,Female,Trader,133633.31,153400.0,9,0,0,97.77,195651.35,82,3584.88,0.1275,No,South East,0
54,Female,Trader,128712.4,175700.0,2,4,0,100.0,58453.21,131,5866.83,0.6825,Yes,South South,0
28,Female,Self-employed,210077.43,68000.0,6,1,0,98.67,304310.22,37,9429.76,0.0539,No,South East,1
39,Female,Salaried,306644.38,303800.0,6,2,0,92.3,331634.67,36,1.26,0.1651,No,South East,0
51,Male,Self-employed,115352.66,82500.0,2,2,1,68.39,14394.76,122,4908.1,0.3576,No,South East,0
49,Male,Self-employed,195436.08,384000.0,12,0,0,98.92,124310.85,25,6328.32,0.1637,No,South South,0
61,Female,Trader,202890.62,155800.0,9,2,1,80.45,240059.27,117,6571.4,0.0853,No,South West,0
23,Female,Trader,227214.19,139400.0,3,1,0,100.0,282795.58,81,8172.1,0.2045,No,South South,0
32,Male,Casual,59328.17,60800.0,1,1,0,98.03,39025.13,71,0.0,1.0248,No,South West,0
65,Female,Casual,98679.83,38600.0,9,3,0,90.03,42164.43,32,0.23,0.0435,No,South East,0
45,Male,Self-employed,74080.91,20000.0,12,4,0,85.28,24995.84,46,2943.4,0.0225,Yes,South West,0
29,Male,Trader,183888.89,130700.0,1,3,1,80.27,305865.94,167,5679.6,0.7108,No,South South,0
31,Female,Trader,100215.63,51200.0,3,3,0,96.54,69984.79,51,2723.23,0.1703,No,South East,0
34,Female,Unemployed,130373.07,200400.0,9,1,0,94.73,93605.37,39,1.11,0.1708,Yes,South West,0
44,Female,Self-employed,82820.41,169700.0,6,1,0,85.17,27137.03,36,2160.16,0.3415,No,South West,1
31,Female,Trader,138497.61,110100.0,6,2,1,57.82,92773.04,38,4747.83,0.1325,Yes,South South,1
47,Female,Self-employed,86685.75,108500.0,6,3,0,87.3,144347.2,174,2648.82,0.2086,No,South East,0
39,Female,Trader,294593.76,346100.0,6,3,0,76.93,257916.18,109,7329.68,0.1958,No,North Central,0
47,Female,Casual,245784.47,106000.0,3,2,0,87.13,299044.9,40,0.33,0.1438,No,South West,0
25,Female,Casual,198463.63,20000.0,6,1,0,95.69,318186.12,70,0.47,0.02,No,South East,0
47,Female,Salaried,147923.4,106700.0,1,1,0,100.0,233041.19,53,1.29,0.7213,No,South West,0
62,Male,Salaried,47868.63,45800.0,1,0,0,76.87,71942.49,77,0.0,0.9568,No,South East,0
24,Female,Trader,133636.38,74500.0,12,1,0,86.82,206910.16,91,7867.84,0.0465,No,South West,0
33,Male,Trader,109728.61,149700.0,1,5,3,67.14,116131.84,13,6666.07,1.3643,No,North West,1
51,Female,Casual,211385.84,139800.0,1,3,0,90.85,313093.93,7,0.0,0.6613,No,South West,0
47,Female,Self-employed,269283.98,182800.0,12,2,0,95.14,365950.54,149,14044.44,0.0566,No,South East,0
50,Female,Casual,222286.72,330000.0,12,8,0,96.64,374847.4,1,0.0,0.1237,No,South West,0
44,Male,Trader,409088.6,260300.0,12,3,0,91.12,614940.71,39,14237.12,0.053,No,South South,0
50,Female,Salaried,124406.27,164700.0,2,2,1,88.09,116645.82,40,2.43,0.6619,Yes,North West,1
47,Female,Salaried,121098.29,218400.0,9,3,0,100.0,6545.03,48,0.01,0.2004,No,North Central,1
21,Female,Trader,353391.92,184000.0,9,3,0,86.53,597041.85,94,11369.84,0.0579,Yes,South South,0
54,Male,Salaried,200536.75,352600.0,9,5,0,100.0,186803.92,7,1.71,0.1954,Yes,South South,0
39,Female,Casual,153301.67,37200.0,2,0,0,100.0,246282.51,91,2.42,0.1213,No,North East,0
20,Female,Self-employed,597763.74,955200.0,6,4,0,100.0,446139.6,44,16412.89,0.2663,No,North Central,0
37,Male,Self-employed,262035.95,158600.0,3,2,0,89.18,294051.83,21,6618.97,0.2018,No,South South,0
38,Female,Salaried,159031.63,154600.0,9,1,0,91.7,238616.24,15,0.0,0.108,No,South South,0
22,Female,Unemployed,115248.74,20000.0,6,0,0,81.87,35369.27,36,0.0,0.0289,No,South East,0
65,Male,Trader,426319.94,714100.0,6,3,1,76.36,278081.16,115,23838.53,0.2792,No,South West,1
28,Female,Trader,205923.54,217800.0,9,2,0,90.22,307675.41,35,10559.96,0.1175,No,North West,0
33,Female,Trader,182891.46,95400.0,12,4,0,97.2,158903.1,158,5280.24,0.0435,No,North Central,0
39,Female,Trader,279369.85,523600.0,12,3,1,74.42,317537.39,9,15008.82,0.1562,No,North East,1
57,Female,Unemployed,318943.5,254900.0,9,1,0,94.51,301936.38,46,0.0,0.0888,No,South West,0
53,Male,Trader,257333.35,91600.0,2,2,0,95.46,211685.02,28,5616.76,0.178,Yes,South West,0
55,Male,Self-employed,319750.49,52200.0,12,1,0,90.74,205253.98,129,7478.08,0.02,Yes,North Central,0
29,Male,Salaried,241374.62,359300.0,3,0,0,99.87,395387.92,50,0.34,0.4962,Yes,North West,0
58,Female,Self-employed,258174.5,103400.0,1,6,2,64.29,321510.38,84,14459.15,0.4005,No,North West,0
57,Male,Trader,111876.13,95400.0,6,0,0,96.28,181394.07,102,5336.8,0.1421,Yes,South East,0
40,Male,Self-employed,583874.97,925700.0,9,2,0,84.91,859748.17,48,27788.65,0.1762,No,South West,0
44,Female,Trader,80726.51,84400.0,2,2,1,80.13,9893.55,139,5232.59,0.5228,Yes,South South,0
19,Male,Unemployed,220093.47,266000.0,3,1,1,90.07,325542.33,37,0.0,0.4029,No,North Central,0
54,Male,Self-employed,75494.38,100100.0,1,2,0,82.3,14838.09,170,3132.83,1.3259,No,North Central,0
64,Male,Salaried,168877.43,32100.0,9,1,1,84.43,270635.15,35,0.0,0.0211,No,North Central,0
40,Female,Trader,124165.58,102400.0,9,4,0,91.71,112708.83,173,4337.57,0.0916,Yes,South South,0
43,Female,Salaried,196605.3,20000.0,6,4,0,79.78,107372.15,68,0.73,0.02,No,South East,0
41,Male,Casual,224774.87,269000.0,6,2,1,80.61,258479.4,26,0.0,0.1995,Yes,North West,0
21,Male,Self-employed,96673.56,253200.0,12,0,0,99.14,149368.53,176,3382.8,0.2183,No,North Central,0
47,Female,Self-employed,176591.2,56500.0,6,1,0,100.0,297607.21,93,4651.78,0.0533,Yes,South East,0
52,Female,Self-employed,445343.14,108800.0,6,1,0,100.0,186227.55,160,12356.74,0.0407,No,North West,0
62,Male,Self-employed,76706.35,20000.0,6,4,1,78.02,97703.24,77,3593.38,0.0435,Yes,South West,0
62,Female,Self-employed,103319.06,211700.0,9,2,0,99.59,41720.25,82,3205.57,0.2277,No,North Central,0
41,Female,Self-employed,314960.54,582300.0,9,0,0,90.87,36771.55,82,8993.93,0.2054,Yes,North Central,1
64,Male,Self-employed,189306.52,309200.0,1,2,0,89.72,61150.52,115,8413.82,1.6333,Yes,North West,0
43,Female,Casual,198583.08,259600.0,12,4,1,90.93,261544.51,39,0.0,0.1089,No,South West,1
48,Female,Salaried,349832.12,533100.0,6,0,0,95.59,88120.7,56,0.96,0.254,No,North Central,0
46,Female,Self-employed,107427.07,313400.0,12,1,0,95.62,134574.82,107,4101.64,0.2431,Yes,South West,0
65,Male,Salaried,128430.63,135100.0,6,4,0,82.26,208523.27,23,1.23,0.1753,No,South East,0
53,Female,Self-employed,118538.72,81600.0,6,2,0,87.24,149574.09,135,2838.99,0.1147,Yes,South East,0
23,Male,Salaried,143541.6,188000.0,3,3,1,79.35,70839.57,41,0.0,0.4366,Yes,North East,0
21,Male,Trader,429940.23,131100.0,6,2,0,97.59,644606.71,12,23500.26,0.0508,No,South West,0
37,Male,Salaried,59576.12,92600.0,6,1,0,99.12,81268.88,0,1.51,0.2591,No,South West,0
42,Male,Trader,82823.73,119200.0,12,4,2,88.7,86601.99,176,4106.4,0.1199,No,South East,1
50,Male,Salaried,74088.69,20000.0,12,1,0,87.41,122577.69,48,0.0,0.0225,No,South South,0
41,Female,Self-employed,447670.7,510700.0,6,2,0,100.0,153842.77,94,26165.36,0.1901,Yes,South South,0
42,Male,Salaried,120734.86,30300.0,12,2,0,92.18,7650.48,84,1.18,0.0209,No,North East,0
62,Male,Trader,145564.46,89500.0,12,2,1,82.87,70204.07,109,3983.74,0.0512,Yes,South West,1
34,Male,Unemployed,63019.53,52700.0,12,2,1,84.18,33499.3,83,2.51,0.0697,Yes,North Central,1
41,Female,Salaried,151776.03,204700.0,6,0,0,95.77,50587.22,45,0.71,0.2248,Yes,South East,0
44,Female,Unemployed,316143.42,169600.0,3,5,0,98.88,302994.88,60,0.0,0.1788,Yes,North Central,1
40,Male,Self-employed,212168.11,141000.0,12,0,0,100.0,47942.78,16,8538.86,0.0554,Yes,South East,0
64,Female,Self-employed,167812.15,109000.0,6,3,1,77.32,180402.12,45,10495.63,0.1083,Yes,North West,0
64,Male,Trader,65090.67,126800.0,6,3,1,86.49,16574.68,3,2472.0,0.3247,Yes,South South,0
42,Female,Salaried,145443.54,86900.0,6,3,1,71.33,102128.5,28,0.0,0.0996,Yes,North West,0
39,Male,Self-employed,198036.52,361100.0,1,4,0,98.74,161647.34,172,6151.28,1.8234,Yes,South West,0
46,Male,Salaried,94468.9,77500.0,3,2,1,87.75,29722.7,54,0.0,0.2735,Yes,South East,0
26,Female,Trader,275513.36,395500.0,3,2,1,72.54,452723.22,39,15069.34,0.4785,Yes,South South,0
38,Female,Self-employed,319977.73,55000.0,6,2,1,69.59,67258.2,7,16779.02,0.0286,No,South South,1
28,Male,Casual,127655.5,259200.0,6,2,1,77.13,48309.56,58,0.0,0.3384,No,South East,0
24,Female,Salaried,288515.2,206300.0,6,2,0,100.0,197433.33,8,0.58,0.1192,Yes,South South,1
22,Female,Unemployed,167607.7,224500.0,1,1,0,100.0,234414.06,4,1.58,1.3394,No,South West,0
46,Female,Salaried,379402.08,630400.0,1,0,0,84.95,360225.18,60,0.0,1.6616,No,South South,0
18,Female,Trader,675298.48,980100.0,6,2,0,100.0,431375.14,68,31269.79,0.2419,No,North Central,0
49,Male,Self-employed,88417.89,182000.0,3,5,1,89.84,73607.32,71,2313.7,0.6861,No,North West,1
38,Female,Salaried,296818.76,396800.0,12,1,0,100.0,432707.19,51,0.0,0.1114,No,South West,0
35,Female,Salaried,420390.41,142800.0,6,0,0,97.33,326364.67,24,1.1,0.0566,No,North Central,0
54,Male,Trader,95776.24,131400.0,6,2,0,91.66,41719.57,168,3350.51,0.2287,No,South East,0
43,Female,Salaried,123857.09,111500.0,6,0,0,99.5,48694.28,38,0.4,0.15,No,South West,0
53,Female,Self-employed,122954.18,89600.0,9,5,1,65.43,176937.87,36,3146.54,0.081,No,North West,1
52,Male,Unemployed,165116.13,108300.0,1,3,0,87.06,76335.85,21,0.0,0.6559,No,South East,0
19,Male,Self-employed,142782.04,40600.0,9,3,1,79.59,132973.55,13,5647.24,0.0316,No,South West,0
28,Male,Salaried,158233.51,404600.0,2,0,0,89.29,190033.3,33,0.47,1.2785,No,South East,0
45,Male,Salaried,310334.04,210700.0,6,1,0,83.36,94111.86,29,0.71,0.1132,No,North West,1
64,Female,Salaried,52492.97,20000.0,6,2,0,90.05,4323.88,47,0.0,0.0635,No,South South,0
25,Female,Self-employed,95576.42,202500.0,6,3,0,90.12,160781.77,50,4633.98,0.3531,No,South South,0
23,Male,Trader,278219.42,220800.0,9,3,0,92.16,387645.62,128,15984.25,0.0882,No,South South,0
63,Male,Self-employed,257819.92,201000.0,12,1,0,95.99,415578.93,33,9426.51,0.065,No,South South,0
64,Male,Salaried,90459.7,251300.0,6,1,0,85.24,89074.33,18,0.02,0.463,No,North East,1
26,Female,Trader,258983.18,92000.0,2,2,0,90.83,108783.34,163,14518.86,0.1776,No,North Central,0
37,Female,Self-employed,426418.12,636600.0,9,5,1,83.32,388597.9,112,14500.91,0.1659,Yes,North Central,0
48,Female,Self-employed,174354.33,62500.0,6,1,1,70.65,228022.22,168,9851.47,0.0597,Yes,South East,1
27,Male,Unemployed,93483.24,20000.0,6,3,1,83.58,96904.65,47,0.84,0.0357,No,South West,0
33,Male,Self-employed,317881.01,327400.0,6,3,0,95.67,264852.65,80,11124.01,0.1717,No,South West,0
36,Female,Self-employed,551662.46,279600.0,6,4,0,99.31,536128.49,67,16418.7,0.0845,Yes,South South,0
48,Female,Casual,101186.53,20000.0,9,2,1,69.55,42326.83,68,0.0,0.022,No,North Central,0
32,Female,Trader,184651.58,214400.0,6,4,0,92.94,127515.75,86,4076.45,0.1935,Yes,South West,0
37,Female,Trader,365606.64,583100.0,12,3,1,90.11,291908.65,74,9893.34,0.1329,No,North Central,0
31,Male,Trader,194015.88,171400.0,9,2,1,65.17,253143.19,24,7432.54,0.0982,No,North Central,0
54,Male,Self-employed,57813.03,147700.0,6,7,0,93.95,53765.62,151,2970.75,0.4258,Yes,North East,0
25,Female,Self-employed,240129.5,129000.0,3,3,1,72.7,189866.88,43,14958.33,0.1791,No,South West,1
29,Male,Trader,95271.55,240300.0,1,2,1,82.1,154541.28,27,4277.78,2.0,Yes,North East,1
29,Male,Trader,78805.84,194500.0,3,1,0,88.37,31245.61,31,4394.32,0.8227,Yes,South East,0
61,Female,Trader,58552.32,273500.0,3,3,0,96.62,81159.78,28,1937.59,1.557,Yes,North West,0
63,Female,Self-employed,390224.26,447900.0,2,6,1,77.19,22207.32,114,20127.12,0.5739,No,South South,0
42,Female,Casual,104626.25,20000.0,9,2,0,85.06,72897.91,30,0.94,0.0212,No,North Central,0
25,Female,Salaried,223547.82,184900.0,3,0,0,100.0,82527.17,84,0.05,0.2757,No,South West,0
54,Male,Salaried,262244.49,549000.0,1,3,0,95.25,221031.13,24,0.0,2.0,No,South South,0
41,Male,Self-employed,199964.37,246200.0,6,1,1,90.26,172565.38,79,10660.71,0.2052,No,South East,0
58,Female,Salaried,218268.92,400300.0,12,1,0,86.33,151530.83,31,0.55,0.1528,No,South West,0
35,Female,Trader,230589.28,181500.0,6,4,0,91.25,32313.58,33,10775.46,0.1312,Yes,North Central,0
65,Male,Salaried,196904.8,244800.0,12,1,0,100.0,84958.93,19,1.32,0.1036,Yes,South West,0
56,Female,Trader,109821.15,20000.0,12,1,0,88.75,52808.66,24,3448.36,0.02,No,North Central,0
28,Male,Self-employed,103636.3,37300.0,12,3,0,93.96,84598.56,8,3560.69,0.03,No,South East,0
52,Male,Salaried,168126.87,90500.0,9,4,0,93.54,125895.98,1,1.64,0.0598,No,South East,0
31,Male,Salaried,165827.85,345800.0,12,3,0,77.46,63464.11,5,0.43,0.1738,No,North Central,0
34,Male,Self-employed,237939.08,270200.0,6,2,1,83.44,250697.36,164,5543.99,0.1893,No,North West,0
30,Male,Trader,368348.46,425400.0,9,1,0,91.07,303785.24,56,23950.5,0.1283,No,North Central,0
50,Male,Self-employed,225088.88,246300.0,3,2,0,92.84,93358.36,111,7651.1,0.3647,No,South West,0
30,Female,Salaried,106259.31,20000.0,3,1,0,88.96,18881.35,63,1.13,0.0627,No,South South,0
48,Female,Self-employed,43606.47,39200.0,12,2,0,84.98,11002.32,107,1451.07,0.0749,No,North Central,0
45,Female,Salaried,109196.35,114600.0,6,4,1,76.01,18109.49,4,0.16,0.1749,No,South West,1
54,Female,Salaried,75116.34,63600.0,1,5,1,77.59,9067.32,46,0.0,0.8467,No,North Central,1
65,Female,Unemployed,111968.2,77900.0,3,5,1,83.35,23455.39,50,0.0,0.2319,No,South South,0
18,Female,Salaried,210700.33,386400.0,6,2,0,90.08,128639.47,83,0.0,0.3056,Yes,South South,0
65,Female,Salaried,190149.51,272200.0,12,1,0,94.77,176329.72,39,0.0,0.1193,Yes,South South,0
23,Female,Casual,602310.02,544400.0,12,5,2,65.68,499446.82,76,2.33,0.0753,No,South East,1
43,Female,Trader,246400.89,359600.0,2,3,0,90.21,378788.61,82,7441.46,0.7297,No,North East,0
34,Male,Self-employed,622607.05,1104700.0,1,5,1,91.87,960870.08,169,21298.93,1.7743,No,South West,1
48,Male,Trader,286516.88,80500.0,2,2,0,91.37,101135.64,66,12250.05,0.1405,Yes,South West,0
52,Male,Unemployed,364550.92,328300.0,9,3,0,90.07,539770.94,9,0.0,0.1001,No,North Central,0
59,Male,Salaried,142546.8,310000.0,6,4,1,84.92,139721.39,3,0.0,0.3625,No,North East,0
37,Male,Salaried,89525.71,196700.0,9,2,0,94.96,113488.53,63,1.62,0.2441,Yes,South South,0
62,Male,Casual,134442.01,130100.0,6,0,0,77.26,182171.42,26,1.79,0.1613,No,South West,0
33,Female,Casual,178616.61,297200.0,1,0,0,75.39,127476.91,26,1.19,1.6639,No,South West,1
27,Male,Unemployed,119659.9,173500.0,3,3,1,95.15,89824.51,62,0.52,0.4833,No,North West,0
36,Female,Self-employed,93898.49,112700.0,6,4,0,94.58,121638.15,116,3436.4,0.2,No,North East,0
43,Male,Unemployed,236016.41,355800.0,9,2,0,92.78,332319.14,92,1.29,0.1675,No,South South,0
50,Male,Self-employed,93639.16,23700.0,6,5,0,78.47,72534.52,85,3733.72,0.0422,No,North West,0
57,Female,Trader,66432.55,152400.0,12,2,0,92.98,30373.48,176,3022.96,0.1912,No,South West,0
28,Male,Casual,86799.5,123500.0,2,2,1,78.11,100222.99,91,0.3,0.7114,Yes,North West,1
32,Female,Salaried,154566.71,188100.0,12,4,1,73.79,206516.56,96,0.78,0.1014,No,South East,0
63,Female,Salaried,94524.54,21800.0,3,1,0,88.9,124036.68,59,0.98,0.0769,Yes,North West,0
39,Female,Trader,155197.49,56000.0,6,4,0,91.97,107752.96,86,6966.45,0.0601,No,North West,0
29,Female,Casual,265933.33,461500.0,1,5,1,82.64,93301.93,4,1.05,1.7354,Yes,South West,1
65,Female,Salaried,261476.61,348300.0,3,3,0,96.61,228949.24,11,0.0,0.444,No,South East,0
39,Male,Casual,117145.88,182400.0,3,1,0,93.54,60540.36,18,1.02,0.519,No,North Central,0
65,Male,Self-employed,77122.48,59500.0,3,0,0,94.75,43960.73,47,3260.23,0.2572,No,South West,1
62,Female,Self-employed,123816.62,252900.0,6,2,0,81.51,146126.97,112,4804.73,0.3404,Yes,South South,0
61,Male,Self-employed,275648.35,101800.0,12,3,1,77.71,160730.94,41,12469.68,0.0308,No,South East,1
45,Female,Casual,320837.38,632700.0,9,3,0,95.45,441201.9,20,0.0,0.2191,Yes,South West,0
56,Female,Salaried,226407.23,234800.0,12,2,0,93.44,158134.89,49,0.0,0.0864,No,South West,0
64,Male,Self-employed,393031.71,630400.0,9,3,0,100.0,129997.23,46,15815.81,0.1782,No,South South,0
30,Male,Salaried,553874.56,398800.0,12,2,0,92.15,440946.08,55,0.0,0.06,No,South South,0
19,Female,Unemployed,131480.52,111400.0,1,5,0,84.73,82561.73,94,0.0,0.8473,No,South South,0
33,Female,Casual,473060.35,232000.0,12,2,1,84.96,273578.58,60,0.67,0.0409,Yes,South South,0
48,Male,Salaried,151957.32,164000.0,6,0,0,89.98,57623.95,85,0.0,0.1799,No,South South,0
44,Male,Self-employed,349274.63,174600.0,6,2,0,81.93,155605.96,123,14717.34,0.0833,No,South West,0
21,Female,Self-employed,285296.49,502700.0,6,1,0,91.87,369243.69,161,7708.82,0.2937,No,South South,0
44,Female,Self-employed,49792.72,111100.0,1,1,0,100.0,65303.79,14,1115.98,2.0,No,South West,0
26,Female,Casual,96053.87,192300.0,3,1,0,91.42,71836.4,20,0.0,0.6673,Yes,South West,1
42,Male,Self-employed,81379.2,60700.0,6,2,1,93.34,42899.5,139,3193.61,0.1243,Yes,South West,0
45,Male,Self-employed,56521.79,126300.0,9,2,0,99.02,61031.38,144,3222.43,0.2483,No,North Central,0
48,Male,Trader,318783.31,301600.0,12,2,0,100.0,363165.24,77,6816.18,0.0788,No,South South,0
37,Female,Self-employed,690667.52,461000.0,2,0,0,97.18,661859.14,87,36448.74,0.3337,Yes,South East,0
37,Male,Salaried,152241.75,121300.0,3,2,0,94.54,197057.65,50,0.85,0.2656,No,South West,0
50,Male,Salaried,313612.67,454500.0,6,3,0,94.63,233395.46,65,0.81,0.2415,No,North Central,0
53,Female,Self-employed,472464.83,271800.0,6,2,0,95.95,529818.66,57,27006.07,0.0959,Yes,South West,0
56,Male,Trader,206102.26,128700.0,3,1,0,92.18,184655.2,147,13220.15,0.2081,No,South East,0
34,Female,Salaried,177062.6,104400.0,6,4,1,80.5,102037.35,19,1.05,0.0983,No,North East,0
38,Female,Self-employed,153432.34,111200.0,9,3,0,97.23,40878.41,89,5528.13,0.0805,No,North West,0
33,Male,Salaried,255282.33,101000.0,3,3,1,73.91,92515.08,89,0.0,0.1319,Yes,South South,0
43,Female,Trader,317827.25,162200.0,1,3,2,64.38,273312.14,45,18398.18,0.5103,No,South West,0
24,Male,Salaried,243016.67,40400.0,1,0,0,84.83,92299.15,69,0.55,0.1662,No,North Central,0
38,Female,Self-employed,237652.1,24300.0,6,1,0,100.0,389361.03,54,11010.28,0.02,No,North West,0
27,Female,Salaried,174107.86,133400.0,3,3,0,91.77,112553.48,53,0.96,0.2554,No,South West,0
43,Female,Self-employed,63913.87,38800.0,6,4,0,99.38,19547.43,131,2576.53,0.1012,No,North East,0
58,Male,Salaried,322619.14,462200.0,12,2,1,80.87,512705.74,70,0.0,0.1194,No,South South,0
65,Female,Self-employed,78096.91,111100.0,3,0,0,100.0,112042.04,102,5063.02,0.4742,Yes,South West,0
39,Male,Trader,269227.71,99100.0,3,5,0,96.82,125077.06,117,9771.25,0.1227,Yes,South East,0
20,Female,Salaried,294178.19,377800.0,1,4,1,98.68,339030.37,18,0.38,1.2843,No,North East,0
28,Female,Trader,85770.57,88200.0,12,1,0,100.0,106471.97,95,3274.07,0.0857,Yes,North West,0
23,Male,Trader,121253.86,62400.0,6,2,0,99.15,104927.27,59,6464.4,0.0858,No,North West,0
54,Female,Self-employed,714737.48,1200000.0,12,0,0,89.88,729511.75,17,30469.0,0.1399,Yes,South West,0
65,Male,Trader,170936.71,196400.0,12,4,0,85.77,246347.52,18,8099.21,0.0957,Yes,North Central,1
44,Female,Self-employed,81436.04,69700.0,12,1,0,93.02,69957.11,81,4974.54,0.0713,No,South South,0
26,Female,Trader,302938.06,462300.0,12,1,0,94.13,243447.93,117,16084.17,0.1272,No,North Central,0
19,Male,Trader,108931.36,162000.0,3,5,0,91.14,138574.06,32,6162.84,0.4957,No,North Central,0
64,Male,Trader,51656.51,230100.0,6,3,1,90.25,83022.76,29,2125.87,0.7424,No,South East,0
33,Male,Salaried,252347.49,248700.0,12,3,0,94.54,396812.61,61,0.56,0.0821,No,South West,0
23,Female,Trader,99201.71,179300.0,9,2,0,93.98,105869.21,27,6139.26,0.2008,No,South East,0
26,Female,Salaried,221789.62,381200.0,9,1,0,100.0,210743.42,96,0.22,0.191,No,North West,0
30,Male,Self-employed,106134.62,84000.0,12,1,0,94.73,115009.78,156,3585.31,0.066,No,North East,0
49,Male,Salaried,285042.87,427400.0,9,1,0,84.51,41145.98,82,0.0,0.1666,Yes,North West,0
60,Male,Salaried,202802.13,188400.0,9,3,0,100.0,307940.05,94,0.36,0.1032,No,North Central,0
31,Male,Trader,35000.0,22800.0,6,1,0,95.47,3869.44,38,1297.74,0.1086,Yes,South West,0
50,Male,Casual,230733.88,122100.0,6,0,0,92.09,39068.66,14,0.07,0.0882,No,North Central,0
21,Female,Salaried,149102.13,106300.0,3,1,1,73.94,17166.1,67,0.92,0.2376,No,South South,1
18,Male,Self-employed,452063.8,388600.0,9,1,0,100.0,566418.94,139,29228.23,0.0955,No,North Central,0
20,Female,Trader,232721.38,49300.0,12,0,0,100.0,119312.55,61,7061.34,0.02,No,South West,0
62,Female,Unemployed,294258.74,384000.0,12,3,0,89.29,213204.34,94,0.0,0.1087,No,North Central,0
45,Male,Trader,113420.86,232300.0,3,1,0,96.08,52138.23,168,4037.76,0.6827,Yes,North West,0
56,Female,Salaried,107706.81,52100.0,12,2,1,84.83,169284.39,87,0.0,0.0403,Yes,South South,1
19,Female,Salaried,177023.91,222300.0,1,5,3,29.93,299614.25,41,0.0,1.2558,No,North East,1
19,Male,Trader,142388.09,106800.0,6,1,0,93.69,110460.98,49,5773.74,0.125,No,South West,0
58,Male,Salaried,429517.61,404700.0,12,2,0,81.81,600268.67,69,0.0,0.0785,No,South West,0
22,Male,Unemployed,162926.55,182200.0,12,2,1,84.58,76088.97,94,0.0,0.0932,No,South South,0
25,Male,Unemployed,81192.49,58000.0,6,0,0,100.0,90964.34,14,0.3,0.1191,No,North Central,0
42,Female,Unemployed,105112.3,90900.0,9,5,1,70.61,28269.18,96,0.0,0.0961,No,South West,1
47,Male,Self-employed,337052.96,101000.0,6,1,0,100.0,497294.88,43,8807.45,0.0499,No,North East,0
28,Female,Trader,161457.12,20000.0,9,4,2,80.02,122779.51,175,4528.72,0.02,No,South West,1
39,Female,Trader,155943.57,216500.0,3,1,0,93.96,194227.0,120,3873.8,0.4628,No,South South,0
50,Female,Salaried,358553.82,99900.0,1,3,0,97.61,396997.91,1,0.03,0.2786,No,South East,0
39,Female,Salaried,99321.37,32800.0,12,1,0,92.02,133060.27,82,0.74,0.0275,Yes,North West,0
36,Female,Salaried,42101.87,88900.0,1,2,0,90.87,28362.53,20,0.0,2.0,Yes,South West,0
21,Female,Self-employed,103398.82,165600.0,9,2,0,95.42,107982.16,147,3767.12,0.178,No,South West,1
39,Male,Unemployed,210674.6,200400.0,6,1,0,88.58,223051.63,24,0.02,0.1585,Yes,North East,0
56,Female,Casual,153051.48,422300.0,1,3,0,97.31,57950.48,16,0.0,2.0,No,South South,0
48,Female,Self-employed,65279.47,161100.0,2,2,0,94.29,23391.49,131,4058.97,1.2339,No,North East,0
60,Male,Self-employed,348415.43,275000.0,2,2,1,72.88,425465.3,99,16215.22,0.3946,Yes,North Central,0
24,Male,Salaried,200182.58,300800.0,3,2,1,86.79,87021.96,27,0.0,0.5009,No,North Central,0
18,Male,Salaried,231786.43,371500.0,9,4,0,99.15,251251.14,49,0.47,0.1781,No,North East,0
44,Female,Salaried,236442.14,71800.0,6,1,0,100.0,386617.31,31,0.65,0.0506,No,North West,0
26,Female,Trader,77394.53,54300.0,6,1,0,90.64,38464.14,32,4536.96,0.1169,No,South South,0
46,Male,Trader,219165.72,118600.0,12,1,0,100.0,328304.55,109,9740.55,0.0451,No,South South,0
61,Male,Casual,324667.57,747100.0,9,1,0,100.0,297546.76,3,1.16,0.2557,No,North West,1
34,Female,Casual,377722.01,270100.0,9,1,0,94.21,385250.67,16,1.74,0.0795,Yes,South West,0
44,Male,Salaried,287659.65,232100.0,6,0,0,94.83,141635.3,56,0.0,0.1345,No,South East,0
50,Male,Trader,251260.72,316200.0,9,1,0,98.75,396333.62,130,9696.45,0.1398,No,North Central,0
25,Male,Salaried,58185.32,106100.0,3,1,1,68.28,71191.18,64,0.0,0.6078,No,North West,0
61,Female,Self-employed,178261.1,20000.0,3,0,0,84.44,217607.39,180,9074.57,0.0374,No,North East,0
27,Male,Self-employed,96658.44,182300.0,3,2,0,90.14,141374.96,156,4815.5,0.6287,Yes,North Central,0
56,Female,Salaried,414207.05,488400.0,9,0,0,91.61,96381.17,37,0.0,0.131,Yes,North East,0
49,Male,Salaried,375291.67,281800.0,6,3,1,82.91,81015.27,63,0.52,0.1251,No,South South,1
24,Female,Salaried,97039.02,20000.0,12,1,0,95.87,18083.2,21,0.0,0.02,No,South East,0
52,Female,Salaried,174700.14,179100.0,1,2,2,62.71,262927.32,92,0.0,1.0252,No,South South,1
27,Female,Unemployed,211555.63,200200.0,6,4,1,84.38,325462.16,79,1.6,0.1577,No,North East,0
46,Male,Self-employed,323264.6,539500.0,2,3,0,96.33,244738.24,127,17639.7,0.8345,No,South West,1
64,Male,Self-employed,60570.32,27700.0,12,1,0,94.42,69601.25,160,2388.55,0.0381,No,South West,0
63,Male,Unemployed,42807.03,121400.0,6,4,0,97.43,62091.27,21,0.0,0.4727,No,North Central,0
59,Male,Self-employed,184519.17,425300.0,9,1,0,89.69,118814.38,176,4936.7,0.2561,No,North West,0
41,Male,Self-employed,35000.0,39900.0,6,1,0,92.33,16956.59,59,2231.72,0.19,No,South South,0
44,Male,Unemployed,199542.83,20000.0,1,3,0,86.42,328531.34,73,0.0,0.1002,No,South East,0
32,Female,Salaried,264513.4,469500.0,12,1,0,78.57,97197.4,14,0.0,0.1479,No,North East,0
62,Male,Salaried,401982.59,531900.0,12,3,0,92.35,352677.78,69,0.06,0.1103,Yes,North Central,0
40,Female,Self-employed,120095.53,165500.0,6,1,0,100.0,122688.45,85,5866.23,0.2297,No,South South,0
55,Female,Self-employed,199881.55,75600.0,3,4,0,90.02,134011.66,128,5277.99,0.1261,No,South West,0
35,Female,Casual,274908.48,29200.0,9,3,1,68.91,236901.21,72,0.0,0.02,Yes,South South,1
53,Female,Salaried,83825.63,99100.0,9,2,0,97.95,115821.22,32,1.59,0.1314,No,South West,0
28,Male,Trader,326337.76,349800.0,12,2,0,90.65,403833.38,179,9211.37,0.0893,Yes,South East,0
53,Male,Trader,215137.93,343500.0,2,1,0,97.06,293082.72,95,9250.02,0.7983,No,South East,0
20,Female,Unemployed,121439.57,24400.0,12,5,1,90.18,62702.92,30,0.0,0.02,No,South East,0
23,Male,Salaried,197325.42,266100.0,12,3,1,75.94,96249.04,68,0.05,0.1124,Yes,North West,0
34,Female,Salaried,164414.3,201400.0,3,1,0,96.9,76109.25,53,0.07,0.4083,Yes,South South,0
41,Female,Unemployed,298868.87,530000.0,9,6,0,93.75,278898.23,79,0.0,0.197,Yes,South East,0
52,Female,Trader,142402.53,247300.0,3,2,0,80.22,45051.71,33,6943.79,0.5789,No,South South,0
35,Female,Salaried,208630.69,151200.0,3,2,1,74.17,342726.34,62,0.5,0.2416,No,South South,0
18,Female,Salaried,120223.35,156000.0,9,2,0,88.19,168796.91,71,0.0,0.1442,No,North Central,0
33,Female,Casual,97842.5,112600.0,1,2,1,70.1,163696.07,90,0.0,1.1508,No,South South,0
39,Female,Self-employed,201230.93,67400.0,1,7,3,54.72,91387.96,147,5373.2,0.3349,No,South West,1
44,Female,Self-employed,100489.96,256000.0,9,0,0,98.7,112332.95,56,2438.59,0.2831,No,North East,0
48,Male,Casual,302879.2,376600.0,12,2,0,94.1,468501.4,7,0.0,0.1036,Yes,North Central,0
29,Female,Salaried,264517.65,337000.0,1,5,0,81.01,205874.41,39,0.0,1.274,No,North West,0
47,Female,Salaried,109468.02,20000.0,1,1,0,86.22,92995.77,71,0.73,0.1827,No,South West,0
48,Male,Trader,206833.5,137200.0,1,3,0,94.11,24191.91,39,8788.69,0.6633,Yes,North East,0
55,Female,Casual,109142.23,141600.0,1,1,0,93.98,177837.59,92,1.07,1.2974,No,North Central,0
43,Female,Salaried,63443.74,100500.0,12,3,0,91.76,80828.23,68,0.0,0.132,Yes,South South,0
56,Female,Trader,122090.25,20000.0,6,0,0,99.27,200816.02,80,3620.45,0.0273,No,North Central,1
28,Male,Salaried,174208.16,242600.0,9,1,0,96.58,72747.62,75,1.21,0.1547,Yes,South South,0
52,Male,Salaried,252616.5,186200.0,6,2,0,90.0,334609.32,79,0.0,0.1228,Yes,South East,0
20,Male,Casual,198366.99,129500.0,12,4,0,89.27,78163.26,88,0.95,0.0544,Yes,South South,0
22,Male,Salaried,324714.18,173100.0,6,0,0,92.59,97627.61,89,0.0,0.0888,No,South South,0
59,Female,Salaried,95125.67,168000.0,12,0,0,79.42,148621.72,5,0.0,0.1472,No,North West,0
40,Female,Trader,140907.39,196200.0,9,4,0,96.04,36837.46,133,8496.91,0.1547,Yes,North Central,0
47,Female,Self-employed,524159.07,451700.0,12,3,0,85.2,607345.56,88,11983.05,0.0718,No,South West,0
46,Female,Self-employed,51303.29,45400.0,6,1,1,90.54,37770.36,116,1410.08,0.1475,No,North Central,1
51,Female,Casual,134180.59,113400.0,12,2,0,82.02,212654.35,83,0.0,0.0704,No,South South,1
29,Female,Salaried,89701.35,160600.0,6,0,0,96.59,80875.29,17,0.16,0.2984,No,North East,1
26,Male,Trader,158530.64,197800.0,9,6,0,80.06,175498.78,59,5790.71,0.1386,No,South West,0
20,Female,Self-employed,135716.21,145700.0,9,2,0,89.48,177390.79,94,5114.57,0.1193,No,North Central,0
59,Female,Salaried,266229.28,515400.0,6,1,0,96.77,167753.33,41,1.26,0.3227,No,South West,0
28,Male,Trader,212521.95,170000.0,6,3,2,79.7,340206.25,80,11248.3,0.1333,Yes,South East,0
45,Female,Self-employed,77038.51,20000.0,2,2,0,100.0,13286.83,1,2468.52,0.1298,Yes,South West,0
39,Male,Casual,122811.6,214100.0,12,3,0,98.81,32266.59,93,0.0,0.1453,No,North East,1
25,Male,Casual,179986.31,72100.0,6,1,0,99.59,207041.19,61,0.0,0.0668,No,North Central,1
37,Male,Casual,291067.27,366800.0,2,2,0,100.0,223423.93,9,0.11,0.6301,No,South South,0
21,Female,Self-employed,875135.24,843800.0,9,0,0,90.04,537742.89,128,46242.43,0.1071,No,South West,0
26,Female,Salaried,284227.26,173200.0,9,1,0,91.28,368903.95,20,0.81,0.0677,No,South South,1
24,Male,Casual,93207.85,243700.0,1,2,0,98.69,122652.03,3,0.0,2.0,No,South South,0
57,Male,Self-employed,169348.28,26600.0,6,5,1,85.64,251490.76,42,4617.09,0.0262,No,South South,1
45,Male,Trader,202469.93,406700.0,6,4,1,75.43,68034.82,178,9079.18,0.3348,No,North East,0
62,Female,Casual,128425.99,75000.0,12,1,1,80.95,178296.79,23,0.0,0.0487,Yes,North Central,0
38,Female,Salaried,244355.57,78500.0,3,2,0,89.87,284116.48,26,0.0,0.1071,Yes,South East,0
27,Female,Salaried,41122.76,113200.0,3,5,0,88.03,59927.24,39,0.36,0.9176,Yes,North Central,0
47,Female,Trader,257882.51,20000.0,9,4,1,86.41,266222.12,62,16637.43,0.02,No,North Central,1
62,Female,Trader,132066.43,223600.0,3,3,0,100.0,198853.49,73,3005.93,0.5644,No,South East,0
43,Male,Salaried,167611.44,225900.0,12,4,1,89.17,222834.04,82,0.0,0.1123,Yes,North West,1
18,Female,Trader,466695.38,154000.0,12,4,1,76.05,740488.26,111,20380.06,0.0275,Yes,South East,0
32,Male,Casual,79278.79,42900.0,12,2,0,100.0,88737.9,96,0.0,0.0451,Yes,South South,0
62,Male,Self-employed,214911.08,204600.0,6,6,1,82.44,156955.79,41,9338.6,0.1587,Yes,South South,0
42,Female,Salaried,301571.12,118400.0,2,4,0,100.0,212641.67,54,0.0,0.1963,No,South South,0
63,Male,Trader,201074.51,352800.0,6,0,0,86.31,144887.44,175,11717.74,0.2924,No,South West,1
42,Male,Casual,63037.63,151100.0,3,3,1,78.34,73739.98,78,0.0,0.799,No,South South,0
18,Female,Unemployed,432990.01,350600.0,3,1,0,87.07,261072.48,5,0.29,0.2699,No,South East,0
59,Female,Salaried,156894.99,314700.0,6,4,2,52.74,10596.19,57,0.07,0.3343,No,South West,1
54,Male,Casual,127747.45,112600.0,6,1,0,88.3,27204.35,38,0.0,0.1469,No,North Central,0
52,Male,Trader,147104.46,71000.0,3,2,0,94.43,200503.38,68,4303.48,0.1609,No,North East,0
64,Male,Trader,140409.3,20000.0,3,4,1,78.94,220899.72,19,5803.93,0.0475,Yes,South West,0
27,Male,Self-employed,83041.47,101400.0,3,2,0,79.5,13971.69,108,4838.27,0.407,Yes,South South,0
61,Female,Salaried,200371.82,139900.0,9,2,0,90.95,117609.43,88,0.0,0.0776,No,North Central,0
29,Male,Self-employed,122089.62,76400.0,3,3,0,89.62,112231.52,178,5580.66,0.2086,No,South West,0
64,Male,Self-employed,278393.12,128800.0,9,1,0,81.76,366465.98,123,15370.46,0.0514,No,South West,0
27,Male,Self-employed,251991.14,20000.0,9,2,0,97.17,302617.91,55,6082.17,0.02,Yes,North East,1
44,Male,Unemployed,517827.39,842500.0,9,5,1,90.06,871083.83,17,0.96,0.1808,No,South West,0
55,Male,Salaried,156866.53,312900.0,12,6,1,87.22,159201.29,87,0.0,0.1662,No,South West,0
21,Male,Unemployed,106787.89,20000.0,12,4,2,73.94,79462.07,63,1.1,0.02,No,South West,1
21,Female,Self-employed,69243.16,20000.0,2,1,0,86.15,107351.38,77,1906.21,0.1444,No,North West,0
58,Male,Casual,748918.41,997800.0,3,1,0,86.32,404913.72,86,0.5,0.4441,Yes,South East,0
20,Female,Self-employed,276808.81,341200.0,12,1,0,93.76,110053.7,14,8540.62,0.1027,Yes,South South,0
47,Male,Trader,114764.7,125100.0,12,2,0,93.17,57076.45,88,5900.56,0.0908,Yes,North West,0
63,Male,Self-employed,541047.82,220500.0,1,1,0,94.94,303881.04,70,18155.25,0.4075,No,North West,0
47,Male,Unemployed,434615.79,752900.0,12,4,0,99.85,365519.38,57,0.75,0.1444,No,South East,0
41,Female,Salaried,74785.68,57000.0,12,2,1,79.61,39435.58,48,0.0,0.0635,No,South South,0
38,Female,Salaried,110299.37,88300.0,12,3,0,100.0,160570.17,58,0.0,0.0667,No,North Central,0
48,Female,Unemployed,165165.12,55300.0,3,3,1,73.89,278394.37,85,0.77,0.1116,Yes,North Central,1
45,Female,Salaried,89783.53,52600.0,6,1,0,90.45,147424.68,63,0.0,0.0976,No,North East,0
42,Female,Trader,169047.58,247000.0,6,2,0,86.22,198759.49,11,5309.29,0.2435,Yes,South West,0
25,Male,Salaried,285925.74,260300.0,6,2,0,70.12,344813.79,88,1.06,0.1517,Yes,South West,0
49,Female,Salaried,73724.66,116700.0,3,4,0,81.75,9967.79,62,0.31,0.5276,No,South East,0
53,Male,Trader,217762.98,293600.0,2,4,0,100.0,185838.02,32,12487.38,0.6741,No,North Central,1
52,Female,Self-employed,384706.43,177300.0,12,8,2,69.68,401368.65,168,15165.76,0.0384,No,South East,0
21,Male,Self-employed,233480.84,315200.0,6,2,1,72.29,363818.08,171,10994.85,0.225,No,North Central,0
51,Male,Self-employed,171366.79,119500.0,6,2,1,85.38,33033.97,168,9572.75,0.1162,No,South East,1
53,Male,Trader,116593.17,99600.0,3,3,0,77.0,104263.8,55,2709.39,0.2848,No,North East,0
26,Male,Unemployed,308895.82,20000.0,12,0,0,86.78,235696.2,69,1.72,0.02,Yes,South South,0
58,Male,Salaried,83760.27,76800.0,12,1,0,90.73,25046.03,39,1.01,0.0764,Yes,South West,0
43,Male,Self-employed,210770.85,340800.0,9,4,1,88.69,344215.92,98,11925.76,0.1797,Yes,South South,1
40,Male,Self-employed,183010.23,312100.0,3,2,0,100.0,286737.47,54,11736.96,0.5685,Yes,North West,0
52,Female,Trader,374130.26,442300.0,3,2,1,75.57,108264.85,164,22862.45,0.3941,Yes,North Central,0
42,Female,Self-employed,123244.5,67400.0,6,2,0,93.52,56252.57,34,7616.01,0.0911,Yes,North West,0
44,Male,Trader,130246.47,224000.0,12,3,0,100.0,129347.56,170,4915.63,0.1433,No,North Central,0
32,Female,Self-employed,80298.0,49000.0,12,1,0,100.0,37886.76,67,3547.51,0.0509,No,South East,0
62,Male,Trader,239174.07,168600.0,1,3,0,100.0,279858.16,160,9179.13,0.7049,Yes,North Central,0
64,Male,Casual,136657.33,140500.0,6,3,0,85.53,187264.64,62,1.95,0.1714,No,South West,0
24,Female,Self-employed,102781.85,124000.0,6,6,1,84.16,76137.52,124,2240.97,0.2011,No,South West,0
53,Male,Self-employed,109347.0,189400.0,6,5,2,54.56,178300.49,69,5170.16,0.2887,No,North East,1
19,Male,Salaried,255207.11,291300.0,9,3,0,100.0,76147.38,66,0.2,0.1268,No,South West,0
35,Male,Self-employed,87885.3,123300.0,6,3,2,81.41,33950.91,83,3403.35,0.2338,No,South South,0
64,Male,Salaried,93106.96,103900.0,12,4,1,74.47,115712.92,64,0.0,0.093,Yes,South East,0
26,Male,Casual,322335.13,320500.0,3,2,0,100.0,301668.62,74,0.0,0.3314,No,South South,0
36,Male,Self-employed,161576.46,109600.0,6,2,0,97.7,174241.9,102,7987.92,0.1131,Yes,South East,0
28,Male,Salaried,334954.99,294800.0,6,5,1,87.87,314696.12,42,0.11,0.1467,No,North West,0
52,Female,Salaried,142504.78,279200.0,12,5,2,76.98,211403.53,45,0.0,0.1633,No,South West,1
40,Male,Self-employed,179868.32,233600.0,12,1,0,90.33,122169.66,131,6144.9,0.1082,No,South West,0
46,Male,Casual,199248.22,156600.0,12,3,0,98.32,29890.76,24,2.34,0.0655,No,South West,0
63,Female,Self-employed,443497.84,142700.0,6,6,0,100.0,523198.62,87,9409.14,0.0536,Yes,South East,0
43,Female,Salaried,420638.67,384500.0,3,2,0,100.0,375775.49,34,0.26,0.3047,No,North East,0
53,Male,Self-employed,380909.16,249800.0,9,5,1,78.3,404075.85,63,21835.03,0.0729,No,South West,0
22,Female,Unemployed,119608.58,258600.0,12,0,0,79.27,52378.47,70,0.0,0.1802,Yes,North Central,0
28,Male,Casual,94776.13,176200.0,3,2,0,90.17,128194.33,4,0.0,0.6197,No,North Central,0
63,Female,Salaried,295146.34,476700.0,3,2,0,95.02,45497.18,46,0.0,0.5384,No,North Central,0
59,Female,Trader,440473.66,319000.0,1,2,0,96.0,165518.63,177,16313.02,0.7242,No,North West,0
49,Male,Casual,383288.91,316800.0,9,2,0,100.0,24252.91,41,0.0,0.0918,No,South West,1
36,Female,Trader,181533.26,290200.0,6,2,0,99.08,215672.32,20,8094.62,0.2664,No,South South,0
27,Female,Self-employed,288886.07,152400.0,2,2,0,99.19,379595.86,94,7614.25,0.2638,No,South East,0
58,Male,Trader,292205.94,426700.0,3,2,0,89.57,275215.92,160,10994.86,0.4868,No,North East,1
55,Male,Trader,198297.75,243100.0,9,5,1,73.74,68467.62,40,7221.49,0.1362,Yes,South East,0
29,Female,Salaried,203975.46,174700.0,6,1,0,86.43,26435.11,78,0.0,0.1427,No,South East,0
46,Male,Salaried,191863.43,174500.0,3,4,1,80.16,102276.31,65,1.02,0.3032,No,South West,0
47,Male,Self-employed,107844.9,200000.0,6,2,0,100.0,74060.49,175,2942.05,0.3091,No,North East,0
40,Male,Salaried,115240.67,101300.0,1,4,1,83.75,95898.11,24,1.84,0.879,No,South East,0
62,Female,Self-employed,114090.06,83800.0,1,2,1,68.15,149193.27,45,3556.7,0.7345,No,North East,1
23,Female,Casual,63653.41,20000.0,3,3,1,87.79,102232.03,28,0.42,0.1047,No,South East,0
30,Male,Casual,197515.25,102400.0,3,2,1,77.6,271726.73,78,0.0,0.1728,No,North East,0
22,Male,Salaried,175314.97,343500.0,2,2,1,83.42,110375.42,79,0.0,0.9797,Yes,South East,1
51,Female,Salaried,295371.4,494800.0,2,3,0,86.66,24246.95,73,0.67,0.8376,No,South South,0
48,Male,Trader,408471.88,836800.0,2,6,3,51.54,677191.15,26,12128.55,1.0243,No,South West,1
65,Female,Self-employed,425705.67,685000.0,9,2,0,89.47,498945.18,10,18935.21,0.1788,No,South West,0
44,Male,Salaried,452577.67,171600.0,12,0,0,89.62,262693.34,21,0.64,0.0316,No,North West,0
25,Male,Casual,110041.13,76100.0,3,2,0,99.62,174569.95,66,0.67,0.2305,Yes,North West,0
39,Male,Salaried,70964.75,20000.0,9,1,0,90.14,14205.96,43,0.18,0.0313,Yes,North West,0
22,Male,Salaried,329619.9,292900.0,3,1,0,100.0,203291.3,87,0.5,0.2962,Yes,South West,0
50,Female,Trader,442014.9,527400.0,12,3,1,90.1,385910.31,126,19222.51,0.0994,No,North Central,0
50,Male,Trader,494898.13,295800.0,3,0,0,93.22,253614.97,109,19423.86,0.1992,No,South East,0
59,Female,Self-employed,246707.74,413400.0,2,3,0,90.83,59106.64,11,14109.65,0.8378,Yes,South South,0
34,Male,Trader,49160.93,120300.0,6,1,1,85.77,12572.07,102,1096.14,0.4078,Yes,South East,0
32,Male,Casual,228286.86,254600.0,2,0,0,99.81,261128.67,82,0.83,0.5576,No,South South,0
21,Female,Salaried,258266.87,340300.0,3,0,0,100.0,424937.93,30,0.09,0.4392,No,North Central,0
37,Female,Trader,406183.74,540300.0,6,0,0,81.8,680493.84,129,11178.99,0.2217,Yes,North West,0
40,Female,Salaried,455873.57,440300.0,9,6,1,74.6,379437.73,35,0.56,0.1073,No,North Central,0
54,Female,Self-employed,325127.87,461400.0,2,0,0,90.81,426691.01,120,20416.65,0.7096,No,South West,0
54,Female,Self-employed,122882.13,196400.0,3,0,0,97.59,48717.12,54,5417.8,0.5328,Yes,South West,0
24,Male,Self-employed,92206.5,138200.0,12,1,1,74.12,110012.0,76,5881.42,0.1249,No,North Central,1
31,Female,Salaried,254686.05,253600.0,3,3,1,73.5,204318.45,63,0.0,0.3319,No,South South,0
42,Male,Casual,107542.6,95200.0,2,1,0,94.29,119881.28,39,0.89,0.4426,Yes,South West,0
34,Male,Self-employed,469559.95,737200.0,6,5,2,64.54,48001.82,10,13795.06,0.2617,No,North Central,0
19,Male,Casual,59441.55,26100.0,1,4,2,62.59,77803.32,52,0.59,0.4391,Yes,South South,1
58,Female,Self-employed,260195.47,208000.0,12,2,0,93.19,253030.58,132,12756.27,0.0666,No,South East,0
53,Male,Casual,221551.39,193600.0,3,3,0,100.0,211738.49,4,1.15,0.2913,Yes,South South,0
42,Male,Self-employed,157363.52,20000.0,2,2,0,94.79,65647.3,105,10104.11,0.0635,Yes,South West,0
33,Male,Self-employed,98655.23,43500.0,12,0,0,91.36,63248.86,83,3300.94,0.0367,No,South East,0
58,Male,Trader,47124.93,163900.0,12,2,0,97.02,6324.56,64,1962.7,0.2898,No,North West,0
19,Male,Casual,127425.03,198400.0,9,0,0,98.05,79292.05,37,0.0,0.173,No,South West,0
39,Male,Self-employed,128886.58,166600.0,3,0,0,93.1,64510.07,148,5293.2,0.4309,Yes,South East,0
56,Male,Self-employed,370771.39,234900.0,6,3,0,89.27,496701.97,83,11633.37,0.1056,No,South West,0
63,Female,Self-employed,108212.91,112000.0,12,2,0,83.02,29504.04,64,6301.84,0.0862,No,South East,0
30,Male,Trader,241593.79,239500.0,6,1,0,100.0,77711.26,167,5787.47,0.1652,No,South East,0
49,Female,Self-employed,77711.32,127100.0,12,4,1,74.29,106551.27,96,3074.32,0.1363,No,South East,0
27,Female,Trader,245947.52,249300.0,9,4,2,72.17,250198.21,129,13552.17,0.1126,Yes,North West,1
23,Male,Self-employed,42032.86,20000.0,12,1,0,100.0,47038.53,124,2533.32,0.0397,No,North West,0
34,Female,Self-employed,702678.43,290100.0,3,4,1,75.43,184850.39,48,44932.08,0.1376,Yes,North Central,0
60,Male,Trader,164229.19,20000.0,12,3,1,70.45,184712.68,49,3890.77,0.02,No,North East,0
51,Female,Unemployed,35000.0,100400.0,12,2,0,92.41,39022.72,39,0.0,0.239,No,North Central,0
41,Male,Salaried,112890.65,66400.0,12,5,2,73.62,93016.79,90,0.15,0.049,No,North East,0
31,Female,Salaried,101878.04,61100.0,12,5,2,68.65,166280.29,55,0.04,0.05,No,North West,1
24,Male,Salaried,117527.82,97200.0,12,1,0,90.0,58559.96,69,0.0,0.0689,No,North East,0
30,Female,Trader,142016.03,72200.0,6,2,0,89.64,142032.47,39,6618.53,0.0847,No,South West,0
25,Female,Self-employed,117009.57,217000.0,9,1,0,91.3,30862.08,34,6272.29,0.2061,No,South West,1
26,Female,Self-employed,105878.16,274500.0,12,3,0,96.6,72832.06,171,4436.41,0.2161,No,North West,0
51,Male,Salaried,84759.08,115800.0,9,2,1,90.93,41321.14,96,0.37,0.1518,No,South West,0
24,Male,Casual,307083.59,423900.0,6,1,0,100.0,367952.92,82,0.0,0.2301,No,South West,0
20,Male,Self-employed,392954.96,322600.0,6,2,0,100.0,514094.22,36,22259.52,0.1368,No,North Central,0
44,Female,Trader,152548.7,149000.0,12,5,2,74.7,223913.14,162,6450.1,0.0814,No,South South,1
31,Female,Salaried,177948.29,87100.0,1,0,0,88.97,81766.21,68,1.7,0.4895,Yes,North Central,0
39,Female,Salaried,86560.34,154000.0,9,2,1,75.29,96962.84,92,0.0,0.1977,No,South South,0
24,Male,Salaried,188504.2,117800.0,6,5,0,84.81,167003.9,47,0.18,0.1042,No,South South,0
28,Male,Self-employed,209020.7,199400.0,12,0,0,94.87,195086.01,115,12314.22,0.0795,No,South South,0
39,Female,Self-employed,156076.73,77300.0,3,4,1,70.95,65706.26,134,4960.94,0.1651,Yes,North East,0
51,Male,Salaried,232852.59,144900.0,6,0,0,86.25,283839.88,68,2.24,0.1037,No,South South,0
37,Male,Self-employed,219997.8,325800.0,2,1,0,86.71,237214.63,103,10881.89,0.7405,Yes,South South,0
44,Female,Salaried,90718.95,20000.0,9,3,0,100.0,140239.22,72,2.1,0.0245,Yes,South West,0
43,Female,Self-employed,390894.51,224800.0,9,2,1,84.11,406820.96,92,16832.36,0.0639,Yes,North East,0
30,Female,Salaried,157273.57,331500.0,9,0,0,84.46,188051.33,48,0.0,0.2342,No,South West,1
31,Female,Salaried,534899.24,542200.0,6,5,1,87.83,331019.97,49,2.84,0.1689,No,North East,0
38,Female,Salaried,236566.71,130000.0,6,0,0,100.0,85177.63,87,0.0,0.0916,No,South South,0
19,Male,Trader,648111.91,248600.0,9,4,2,73.02,1045116.32,105,34093.6,0.0426,No,South West,0
50,Female,Unemployed,386403.37,329700.0,12,3,0,88.52,403986.49,58,0.46,0.0711,No,South South,0
47,Male,Trader,208644.14,402400.0,9,0,0,87.89,175131.48,43,10002.24,0.2143,Yes,South South,0
32,Male,Salaried,112498.22,75700.0,1,2,0,95.86,190977.03,87,0.26,0.6729,No,North West,0
35,Male,Unemployed,114084.34,98000.0,6,3,1,87.46,55562.44,21,0.0,0.1432,No,South East,0
33,Male,Unemployed,254532.65,298100.0,9,1,0,95.18,309247.67,78,0.91,0.1301,No,North Central,1
49,Female,Self-employed,197549.42,267700.0,6,1,1,69.34,83316.4,56,4862.1,0.2259,Yes,South West,0
54,Female,Salaried,122742.64,66800.0,6,2,0,100.0,95275.34,42,0.0,0.0907,No,South West,0
23,Female,Trader,309341.49,20000.0,12,0,0,93.62,209029.44,86,9784.21,0.02,No,South East,0
37,Male,Unemployed,184593.89,117100.0,12,1,1,78.62,238980.11,32,0.34,0.0529,Yes,South South,0
18,Male,Trader,310540.16,140300.0,1,1,0,97.02,255052.53,68,18893.61,0.4518,No,North East,0
39,Female,Trader,95478.52,110900.0,6,3,2,77.3,59336.68,131,3749.41,0.1936,No,South East,0
29,Female,Trader,344678.96,511400.0,9,1,1,72.29,183263.27,134,8943.44,0.1649,Yes,South West,0
34,Female,Unemployed,249286.78,259400.0,12,0,0,84.61,357206.37,63,0.61,0.0867,No,South South,0
39,Female,Salaried,392045.2,380600.0,3,1,1,85.56,154451.75,82,0.0,0.3236,No,South South,1
33,Male,Salaried,339776.03,433100.0,2,1,0,93.75,274490.8,17,0.0,0.6373,No,South West,0
36,Female,Casual,170329.9,67300.0,6,2,0,100.0,127523.89,84,0.0,0.0659,No,South South,0
54,Female,Salaried,161654.83,60300.0,6,4,0,100.0,133787.45,41,0.0,0.0622,No,South East,0
56,Female,Self-employed,573596.96,148200.0,3,4,1,80.83,660250.47,117,26269.13,0.0861,No,South East,1
18,Female,Self-employed,149021.02,245000.0,12,1,0,96.3,225486.12,72,8874.95,0.137,Yes,South South,0
36,Female,Salaried,292785.06,346900.0,3,3,0,97.22,90804.85,93,0.0,0.3949,Yes,North Central,0
58,Male,Salaried,140478.62,72800.0,1,3,0,97.9,173128.29,95,0.0,0.5182,Yes,North East,0
43,Female,Self-employed,53663.49,110800.0,1,6,1,74.39,15337.04,4,3498.37,2.0,Yes,North Central,0
27,Male,Self-employed,81059.74,146600.0,3,6,2,76.59,4943.4,125,4801.91,0.6028,No,South East,0
46,Female,Self-employed,234347.59,201700.0,2,2,1,79.68,14781.91,117,6524.03,0.4303,Yes,South West,0
24,Female,Self-employed,283919.99,422000.0,6,5,1,87.95,433974.59,144,12504.06,0.2477,Yes,South East,0
19,Female,Unemployed,234849.66,383700.0,1,2,0,85.9,339696.83,4,0.0,1.6338,Yes,North West,0
48,Female,Trader,379109.1,360200.0,6,1,1,85.54,222873.9,5,17914.58,0.1584,No,North West,0
42,Female,Unemployed,232124.98,183900.0,6,2,0,91.83,260193.14,15,0.0,0.132,No,South East,0
54,Female,Self-employed,108750.29,198700.0,6,1,0,100.0,32348.48,9,6233.58,0.3045,Yes,South East,0
34,Male,Salaried,264873.74,75900.0,12,1,0,87.72,342811.59,39,0.39,0.0239,Yes,North West,0
59,Male,Casual,200979.32,233500.0,12,2,0,87.2,341132.0,64,0.0,0.0968,Yes,South South,0
38,Male,Casual,123821.89,120800.0,6,0,0,100.0,199192.66,9,1.13,0.1626,No,South West,0
53,Female,Salaried,244715.03,108100.0,6,2,0,99.93,268204.82,89,0.67,0.0736,No,South South,0
22,Male,Trader,189530.03,31800.0,9,4,0,95.66,149259.63,11,4663.6,0.02,No,North Central,0
22,Male,Trader,121474.76,145500.0,6,1,0,90.36,79515.22,148,7762.83,0.1996,No,North Central,0
55,Female,Salaried,160347.62,160800.0,9,2,1,72.45,81209.26,25,0.0,0.1114,Yes,North Central,0
58,Female,Self-employed,451139.0,252600.0,6,2,1,75.75,86272.7,171,20796.66,0.0933,No,North Central,0
63,Male,Salaried,441657.16,486200.0,3,3,0,89.94,174791.56,27,0.0,0.367,Yes,North West,0
33,Male,Salaried,203415.47,250800.0,6,1,0,88.78,197672.13,42,2.17,0.2055,Yes,North West,0
19,Female,Casual,186826.52,144400.0,12,4,0,90.1,93132.03,64,0.0,0.0644,No,North West,0
65,Female,Self-employed,70914.64,126000.0,6,5,0,89.78,88438.33,163,3337.63,0.2961,No,South South,0
46,Male,Casual,550344.35,881900.0,9,0,0,100.0,724720.64,48,0.57,0.1781,No,South South,1
29,Female,Trader,353039.19,632400.0,9,2,0,83.95,295300.65,166,10308.34,0.199,No,South East,0
54,Male,Unemployed,293455.31,297600.0,6,1,0,96.46,453142.91,21,1.93,0.169,No,South South,0
61,Male,Self-employed,41033.22,26800.0,3,1,0,95.59,57250.0,109,1546.86,0.2177,No,South West,0
31,Male,Self-employed,184852.2,217400.0,6,0,0,93.25,32962.47,24,6070.16,0.196,Yes,South East,0
54,Male,Self-employed,165723.91,48600.0,2,0,0,98.38,227723.32,83,9694.82,0.1466,No,North East,0
55,Female,Trader,280559.8,506400.0,6,3,0,96.72,398154.47,42,17348.08,0.3008,No,South West,0
42,Male,Self-employed,134261.16,202200.0,2,1,0,94.42,83496.25,68,6432.62,0.753,No,North East,0
48,Male,Trader,154832.7,237500.0,12,3,0,100.0,133687.68,143,7744.25,0.1278,Yes,North West,0
30,Male,Self-employed,269232.48,287800.0,9,2,0,76.53,44608.53,153,12067.26,0.1188,No,South East,0
62,Female,Salaried,108867.43,56200.0,3,2,0,100.0,53210.87,89,0.67,0.1721,No,South East,0
65,Female,Casual,123943.91,139800.0,12,2,0,100.0,200778.57,18,0.0,0.094,No,North West,0
65,Female,Casual,204101.86,300200.0,9,2,0,100.0,324425.7,72,0.0,0.1634,No,South South,0
53,Female,Self-employed,429650.7,56300.0,9,5,1,78.78,505617.31,119,21915.58,0.02,No,South West,0
20,Male,Trader,304436.39,343300.0,6,3,0,94.27,24418.06,8,8683.52,0.1879,Yes,South West,0
35,Male,Self-employed,362117.77,827200.0,6,2,0,95.96,32401.73,78,20154.75,0.3807,No,South South,0
39,Male,Trader,187562.62,194900.0,6,3,1,75.77,193534.45,112,9368.93,0.1732,No,South South,1
64,Male,Self-employed,475685.81,591400.0,6,5,1,85.97,204504.97,23,15245.92,0.2072,No,North West,0
44,Female,Self-employed,58043.24,58800.0,6,2,1,81.93,65316.34,92,3223.7,0.1688,Yes,South South,0
43,Female,Salaried,670090.21,563600.0,3,2,0,85.41,139520.39,16,0.0,0.2804,No,South East,0
25,Female,Salaried,728946.39,284500.0,12,2,1,84.85,1224130.62,83,0.7,0.0325,No,North Central,0
56,Female,Casual,242198.46,405200.0,12,5,0,98.43,57943.48,42,0.0,0.1394,No,South East,0
34,Female,Self-employed,309181.22,413000.0,3,1,1,76.67,187229.59,31,7992.96,0.4453,Yes,North Central,0
22,Female,Salaried,175608.47,191800.0,6,2,0,84.73,37085.36,31,0.44,0.182,Yes,South West,0
65,Female,Salaried,157077.2,121300.0,3,0,0,94.73,107390.94,74,0.41,0.2574,Yes,North East,0
27,Male,Self-employed,121012.17,257700.0,12,1,0,88.09,73225.18,142,2928.56,0.1775,No,South South,0
18,Female,Trader,174355.97,237100.0,2,2,0,95.88,194477.78,89,6458.24,0.6799,Yes,North West,0
21,Female,Self-employed,258349.58,296600.0,12,3,0,88.45,379202.84,92,10614.29,0.0957,No,South East,0
39,Female,Trader,236484.19,341700.0,12,1,0,100.0,327970.06,109,12439.77,0.1204,No,South South,0
22,Male,Casual,654746.96,493600.0,3,3,2,62.7,824492.48,34,0.0,0.2513,No,North Central,1
58,Male,Self-employed,192122.91,194700.0,9,4,1,78.89,325917.53,30,11932.96,0.1126,Yes,South West,0
42,Female,Casual,68389.43,89500.0,6,2,2,58.32,8339.78,36,0.0,0.2181,Yes,South West,0
33,Female,Salaried,524139.96,133400.0,6,0,0,82.81,709033.53,73,0.0,0.0424,No,North West,0
18,Male,Self-employed,81396.85,23700.0,12,5,0,87.94,21571.07,173,4284.96,0.0243,Yes,South South,0
41,Male,Salaried,125129.94,173400.0,6,3,0,82.41,131809.07,36,0.74,0.231,Yes,North East,0
25,Male,Salaried,214774.77,182800.0,1,0,0,95.49,298197.67,9,0.0,0.8511,No,North East,0
64,Male,Salaried,236068.18,20000.0,9,4,1,83.48,269424.01,31,0.38,0.02,Yes,South South,0
31,Male,Salaried,70345.72,64000.0,9,1,0,90.99,16813.71,14,1.52,0.1011,No,South East,0
40,Male,Casual,110802.56,59700.0,9,0,0,100.0,39153.25,14,0.0,0.0599,No,North Central,0
18,Female,Self-employed,68748.04,164900.0,6,1,0,88.05,104053.95,159,3134.21,0.3998,No,North West,1
24,Male,Unemployed,269635.31,163400.0,9,4,0,90.74,418646.22,74,1.06,0.0673,No,North West,1
27,Female,Self-employed,388445.85,474300.0,3,2,0,100.0,497851.3,51,13635.67,0.407,No,South South,0
20,Male,Trader,81350.1,141100.0,6,1,0,99.01,43474.01,45,4916.73,0.2891,No,North Central,0
52,Female,Salaried,343826.04,459900.0,3,0,0,97.19,159283.05,50,0.0,0.4459,Yes,South South,0
63,Female,Self-employed,329627.44,459100.0,9,2,0,100.0,55686.04,156,8779.22,0.1548,No,North West,0
65,Male,Self-employed,117279.6,78800.0,12,2,0,93.64,96403.64,14,2929.75,0.056,No,North West,0
30,Male,Unemployed,49614.37,101800.0,1,4,0,96.12,34785.52,29,0.0,2.0,No,South East,1
55,Female,Unemployed,89715.22,84900.0,1,3,1,78.76,40763.2,42,0.1,0.9463,No,North West,1
42,Male,Salaried,122246.49,260500.0,9,1,0,100.0,137264.7,53,0.0,0.2368,No,South East,0
20,Female,Trader,490312.48,451000.0,3,2,0,90.85,192047.99,53,31923.21,0.3066,No,North West,0
22,Female,Trader,166677.39,39900.0,3,6,1,79.91,32785.68,109,5465.11,0.0798,Yes,South East,0
44,Male,Self-employed,93552.12,36300.0,6,5,0,95.47,71412.8,77,4596.5,0.0647,No,South South,0
38,Female,Salaried,198156.76,197200.0,6,3,1,84.53,247626.83,14,0.0,0.1659,No,South East,1
18,Female,Trader,77554.5,145800.0,2,1,0,98.6,27416.72,140,1871.49,0.94,No,South West,0
62,Male,Casual,251458.48,477700.0,9,0,0,75.04,256472.21,28,0.0,0.2111,Yes,South South,1
53,Female,Self-employed,95342.46,71600.0,2,2,0,100.0,18518.73,146,2554.34,0.3755,No,North East,0
42,Female,Self-employed,104775.13,129700.0,12,2,1,97.18,51687.56,126,3337.49,0.1032,Yes,North East,0
65,Female,Salaried,229758.02,379500.0,9,1,0,100.0,328006.97,71,0.0,0.1835,No,South East,0
64,Male,Unemployed,561498.3,373000.0,2,0,0,95.03,164115.54,2,0.32,0.3321,Yes,South West,0
64,Female,Salaried,751084.95,338400.0,9,3,1,91.55,863149.77,78,1.25,0.0501,No,North East,0
30,Female,Salaried,91564.56,20000.0,9,1,0,95.83,6735.86,21,0.26,0.0243,No,South West,0
60,Male,Self-employed,122139.37,213000.0,12,1,0,95.75,116740.53,72,7568.3,0.1453,Yes,North East,0
42,Female,Casual,251653.42,345800.0,9,3,1,88.35,113241.6,85,0.54,0.1527,No,South East,1
52,Female,Trader,384779.3,545300.0,6,0,0,97.8,160497.36,13,14151.22,0.2362,No,South West,0
59,Male,Salaried,44093.06,20000.0,9,1,0,100.0,38892.05,0,0.99,0.0504,No,North West,0
25,Male,Salaried,190514.02,286700.0,9,2,0,78.94,320009.16,36,0.17,0.1672,No,North East,0
39,Female,Trader,131146.36,119500.0,9,3,0,93.38,57262.33,60,6330.55,0.1012,No,North West,0
24,Male,Self-employed,51539.22,23400.0,6,2,0,85.45,49500.67,77,1426.56,0.0757,No,North Central,0
31,Male,Salaried,75474.72,20000.0,12,2,0,100.0,50985.61,55,0.82,0.0221,Yes,South South,0
37,Female,Unemployed,124449.93,77300.0,3,4,0,87.61,148909.04,95,0.0,0.207,No,South South,0
59,Male,Salaried,187014.59,363200.0,12,2,0,92.02,296208.63,4,0.15,0.1618,Yes,North West,0
59,Male,Self-employed,346618.14,368000.0,3,1,0,100.0,258859.22,105,22157.03,0.3539,No,North Central,0
36,Male,Salaried,226621.93,269100.0,1,2,1,87.65,351105.69,40,0.0,1.1874,No,North Central,0
33,Male,Trader,333238.18,135000.0,3,4,1,85.16,520801.99,133,10989.69,0.135,No,North Central,0
43,Male,Trader,183154.06,118600.0,12,3,2,77.6,272518.67,17,8883.34,0.054,No,South South,0
61,Male,Self-employed,113834.08,41500.0,12,5,2,53.4,52261.44,118,7123.99,0.0304,No,South West,1
64,Male,Trader,159735.51,183000.0,6,1,0,86.88,192870.11,74,4724.62,0.1909,No,North Central,0
28,Male,Casual,282885.76,326000.0,12,2,0,84.62,172088.5,70,0.0,0.096,Yes,North East,0
26,Male,Casual,352172.9,432600.0,3,3,0,86.61,127624.61,10,0.0,0.4095,No,North East,0
51,Male,Self-employed,163504.14,20000.0,3,5,2,75.76,132659.17,14,8003.43,0.0408,No,South South,1
32,Male,Self-employed,98399.13,74800.0,2,4,0,100.0,83065.56,158,4047.56,0.3801,No,South East,0
27,Female,Casual,223885.48,350900.0,6,2,1,89.27,249976.17,8,0.0,0.2612,Yes,South South,1
19,Female,Salaried,245585.33,265200.0,6,3,1,71.45,142415.71,73,0.0,0.18,No,South East,0
37,Male,Salaried,401105.41,556800.0,2,1,1,77.45,73084.11,20,0.3,0.6941,No,South East,0
36,Female,Salaried,115788.01,201400.0,2,4,0,92.08,61121.64,8,0.0,0.8697,No,South West,0
45,Male,Casual,116616.25,162000.0,6,3,0,77.78,163331.97,57,2.13,0.2315,No,North East,0
27,Male,Salaried,294259.19,455800.0,3,0,0,99.81,434037.4,60,0.48,0.5163,No,South West,1
52,Male,Self-employed,138120.3,203400.0,6,3,0,99.61,22768.99,23,4028.2,0.2454,Yes,North West,0
50,Female,Trader,134378.73,20000.0,6,3,1,76.05,51754.54,157,6860.54,0.0248,Yes,North East,0
40,Male,Salaried,406729.26,110700.0,2,2,1,81.99,60604.98,5,0.0,0.1361,No,North East,1
26,Female,Self-employed,73832.81,205100.0,1,4,0,95.02,64580.43,20,2292.77,2.0,Yes,North Central,0
42,Male,Self-employed,685047.99,447500.0,9,2,1,85.9,229902.01,108,36940.71,0.0726,No,North West,1
50,Female,Salaried,120873.41,115400.0,9,2,0,89.46,161258.98,2,0.58,0.1061,Yes,South West,0
35,Female,Unemployed,316185.89,222700.0,6,1,1,71.34,444612.81,90,1.12,0.1174,No,South West,0
30,Male,Salaried,167710.13,184700.0,6,2,1,76.86,146064.74,50,0.36,0.1836,No,North East,0
42,Male,Casual,214721.61,112200.0,12,3,1,95.59,175615.88,82,0.24,0.0435,No,South South,1
35,Male,Self-employed,151736.52,293200.0,9,1,0,100.0,141870.11,15,5536.65,0.2147,No,South East,0
37,Female,Salaried,314106.37,435300.0,6,0,0,86.35,140034.51,9,2.11,0.231,Yes,South West,0
34,Female,Salaried,143623.65,139600.0,12,3,1,77.21,171339.35,75,1.24,0.081,No,South South,0
32,Female,Self-employed,124032.25,44600.0,6,2,0,86.58,144618.7,82,5859.7,0.0599,No,South West,0
52,Male,Self-employed,585010.06,981700.0,6,2,0,83.61,167182.04,156,13742.73,0.2797,Yes,North West,0
40,Male,Salaried,183470.81,193800.0,9,3,0,100.0,102134.36,49,0.0,0.1174,No,North Central,0
40,Female,Unemployed,116019.09,75900.0,6,2,0,88.86,97186.21,20,0.15,0.109,Yes,South East,0
49,Female,Self-employed,68324.65,37200.0,12,0,0,99.32,106170.1,171,3403.55,0.0454,Yes,South East,0
35,Female,Unemployed,605214.28,281100.0,2,1,0,91.63,192745.68,73,0.42,0.2322,No,South West,0
22,Male,Salaried,125738.63,242600.0,6,1,0,92.46,21352.82,67,0.21,0.3216,Yes,North Central,0
58,Female,Salaried,687561.79,1141600.0,1,3,0,91.98,185375.47,52,0.0,1.6604,No,South South,0
20,Female,Trader,233273.64,221900.0,9,3,1,78.65,101899.86,62,9352.15,0.1057,Yes,South West,1
45,Female,Salaried,197518.5,338600.0,3,4,0,92.71,208785.27,28,1.03,0.5714,No,South East,0
30,Female,Salaried,201010.13,130700.0,6,3,0,99.22,20231.35,12,0.09,0.1084,No,South South,1
28,Female,Salaried,760004.96,1130600.0,12,1,0,100.0,80262.23,90,0.09,0.124,No,South East,0
20,Female,Salaried,43294.03,147000.0,3,6,2,60.29,65693.13,23,0.0,1.1318,No,South West,1
61,Male,Trader,206908.95,194700.0,1,0,0,95.43,51037.56,142,8346.53,0.941,No,North Central,0
38,Male,Self-employed,151498.32,126800.0,6,3,0,82.56,89510.28,144,8091.81,0.1395,No,South South,0
34,Female,Unemployed,156717.71,301100.0,6,1,1,78.1,101083.26,87,0.0,0.3202,No,South East,1
53,Male,Salaried,198345.32,217700.0,1,4,0,94.13,270000.01,39,0.0,1.0976,No,North East,0
19,Female,Self-employed,151394.9,139200.0,3,2,1,83.52,235413.34,84,3400.2,0.3065,Yes,North West,0
45,Male,Self-employed,203413.69,88700.0,3,6,2,68.35,269096.02,31,9955.5,0.1454,Yes,South South,0
41,Male,Self-employed,177262.47,20000.0,3,0,0,97.62,155493.53,96,6764.27,0.0376,No,South West,0
44,Female,Casual,76641.91,176900.0,12,4,0,99.08,72285.97,55,0.0,0.1923,Yes,North West,0
23,Male,Casual,230636.94,346400.0,3,3,2,44.77,178435.26,34,0.0,0.5006,No,South South,1
63,Male,Salaried,286687.35,32900.0,6,4,1,87.02,478024.26,67,0.0,0.02,Yes,North Central,0
29,Male,Self-employed,126547.05,20000.0,3,1,1,78.12,206994.2,146,5048.03,0.0527,No,South South,0
50,Female,Casual,606126.86,1098600.0,12,2,0,90.63,791328.56,42,0.71,0.151,Yes,South West,0
53,Female,Salaried,428837.68,473500.0,9,2,0,100.0,644711.25,33,0.02,0.1227,No,North East,0
34,Female,Self-employed,311539.41,562400.0,6,4,1,72.47,300838.2,161,12672.64,0.3009,No,North West,0
24,Male,Salaried,309092.42,102100.0,9,4,1,84.73,302528.75,73,0.0,0.0367,No,South West,0
32,Male,Self-employed,183556.01,121700.0,3,2,1,90.67,234733.59,44,9502.32,0.221,No,North Central,0
56,Female,Self-employed,377982.81,500600.0,1,1,0,94.5,237751.5,142,18339.99,1.3244,No,South East,0
61,Male,Self-employed,499669.73,438700.0,6,3,0,87.35,570349.37,143,32535.95,0.1463,Yes,South South,0
62,Female,Casual,304348.21,290400.0,6,1,0,92.49,227572.67,21,0.0,0.159,No,North West,0
28,Female,Self-employed,124247.14,355200.0,6,5,1,90.35,195193.63,122,7760.38,0.4765,No,North West,1
47,Male,Casual,175416.64,161200.0,6,2,0,100.0,111747.42,85,0.0,0.1532,Yes,North East,0
25,Female,Trader,261345.26,235000.0,9,4,1,76.9,287401.03,31,5848.41,0.0999,No,South South,0
52,Male,Self-employed,310284.94,392500.0,12,1,0,100.0,25566.55,91,16407.76,0.1054,Yes,South West,0
37,Male,Self-employed,171159.64,59400.0,12,2,1,84.97,172908.3,109,6538.13,0.0289,No,South West,0
52,Male,Self-employed,124528.09,88600.0,6,0,0,76.2,165583.12,126,7473.08,0.1186,No,North Central,0
50,Male,Casual,504058.03,613700.0,9,2,0,93.26,718004.4,5,0.22,0.1353,Yes,North East,0
65,Female,Salaried,89653.21,158600.0,6,2,0,100.0,134284.5,15,0.0,0.2948,Yes,North West,0
41,Male,Unemployed,97620.86,77200.0,6,1,0,92.9,86239.37,49,0.77,0.1318,Yes,North West,0
34,Male,Trader,75968.88,122200.0,9,0,0,100.0,77322.47,119,2759.35,0.1787,No,North East,0
43,Female,Trader,97480.15,264800.0,2,3,0,83.96,56033.07,45,4734.96,1.3582,No,North Central,0
25,Female,Self-employed,404936.81,776000.0,12,4,1,67.52,657341.27,172,13788.17,0.1597,No,South East,1
23,Female,Self-employed,413847.75,572700.0,3,2,0,100.0,452460.55,69,14920.98,0.4613,No,South West,0
42,Female,Trader,171541.85,138400.0,3,0,0,99.96,81078.19,9,7595.29,0.2689,No,South West,0
57,Male,Trader,248529.41,315400.0,3,0,0,93.82,378162.72,53,10903.32,0.423,No,North Central,0
43,Female,Salaried,178775.15,318100.0,12,4,1,84.53,196872.57,69,0.0,0.1483,No,North East,0
55,Male,Trader,82944.52,111300.0,3,2,0,89.85,97829.36,63,3733.66,0.4473,No,South East,0
26,Female,Self-employed,761070.81,415300.0,6,3,0,86.12,196812.4,116,36434.42,0.0909,No,South East,0
39,Female,Trader,439895.78,307700.0,6,2,0,96.71,37124.11,9,25959.17,0.1166,No,South East,0
47,Female,Self-employed,226632.43,110700.0,9,2,0,91.99,231018.33,69,4874.0,0.0543,Yes,North West,0
34,Female,Salaried,103195.83,33600.0,6,4,1,84.46,33802.35,48,0.14,0.0543,No,North Central,1
18,Male,Trader,155516.14,143400.0,12,1,0,95.45,184414.08,81,5596.83,0.0768,No,South East,0
21,Female,Self-employed,114764.28,157500.0,3,2,0,91.65,120090.45,61,6618.99,0.4575,No,North Central,0
62,Female,Self-employed,191786.99,225200.0,6,3,1,94.39,112804.64,77,9086.09,0.1957,No,South South,1
47,Female,Trader,220171.53,74000.0,3,3,0,86.74,169399.94,71,12967.46,0.112,No,South South,0
30,Female,Trader,144203.47,289300.0,6,0,0,95.07,204536.5,141,5495.42,0.3344,No,South West,0
30,Male,Trader,69936.56,165800.0,12,2,1,77.43,81956.46,161,4120.01,0.1976,No,North East,1
19,Male,Salaried,719671.74,287800.0,3,3,1,81.17,404103.89,61,0.5,0.1333,No,North Central,0
63,Female,Salaried,210050.76,101800.0,12,2,1,79.96,184362.66,30,0.0,0.0404,No,South South,0
23,Male,Trader,242194.63,378000.0,1,2,1,84.42,193609.81,81,11772.94,1.5607,No,South East,0
54,Female,Salaried,136782.32,263000.0,12,3,0,96.19,17738.64,53,0.0,0.1602,No,South South,0
29,Male,Salaried,65212.4,71900.0,9,1,1,72.71,41833.23,84,0.0,0.1225,No,North Central,1
34,Male,Salaried,170512.99,303700.0,12,5,0,86.81,42851.48,66,0.0,0.1484,Yes,South East,0
31,Female,Self-employed,145891.41,296300.0,6,0,0,88.61,48338.05,74,7266.53,0.3385,No,North Central,0
57,Male,Unemployed,285474.93,499500.0,9,3,0,88.31,173123.09,39,0.07,0.1944,No,North Central,0
19,Male,Salaried,324377.28,314300.0,1,1,0,98.75,549120.19,9,0.0,0.9689,No,South West,1
34,Female,Self-employed,295960.5,333300.0,6,3,0,93.42,305320.85,31,15149.73,0.1877,No,South West,0
31,Male,Unemployed,342178.96,209600.0,9,2,1,88.15,191980.58,88,0.68,0.0681,Yes,South South,0
31,Male,Unemployed,581342.23,552400.0,2,3,2,63.33,186714.83,65,0.0,0.4751,No,North East,1
27,Female,Salaried,231912.58,314500.0,12,1,0,91.79,157566.54,26,1.21,0.113,No,South South,0
61,Male,Casual,367766.1,530200.0,3,0,0,97.38,185398.0,40,0.0,0.4806,No,North Central,1
36,Male,Salaried,248133.33,171200.0,6,0,0,100.0,369964.39,95,0.0,0.115,No,North East,0
38,Male,Trader,52349.05,20000.0,9,1,0,83.6,48098.31,11,3190.52,0.0425,Yes,South East,0
36,Female,Salaried,162799.38,114400.0,1,1,0,100.0,259225.56,83,0.0,0.7027,No,South South,0
65,Male,Self-employed,102405.9,84800.0,9,1,0,100.0,60089.9,30,3238.9,0.092,No,North Central,0
34,Male,Salaried,209220.46,287900.0,12,2,1,84.14,54893.65,64,0.0,0.1147,No,South West,0
34,Male,Trader,107640.85,104900.0,1,1,0,100.0,156825.17,19,2811.09,0.9745,No,South West,1
33,Female,Salaried,266840.05,273100.0,3,4,0,91.35,294821.7,86,0.41,0.3412,No,South East,0
33,Female,Self-employed,340571.51,568100.0,1,2,0,88.42,405549.81,102,15910.25,1.6681,Yes,South South,1
22,Male,Trader,393577.26,530100.0,6,1,0,94.59,120154.98,52,13982.42,0.2245,No,South West,0
47,Male,Salaried,515675.07,467600.0,9,2,1,82.53,292845.01,50,0.1,0.1008,No,North Central,0
19,Female,Casual,60554.34,79600.0,12,1,0,89.62,8837.7,63,0.0,0.1095,Yes,North Central,0
28,Male,Self-employed,82566.73,268800.0,6,3,0,98.12,41327.95,68,5285.54,0.5426,No,North East,0
27,Male,Salaried,1207173.22,1707600.0,2,3,0,100.0,1400696.37,56,2.79,0.7073,No,North Central,0
31,Male,Salaried,346938.41,663200.0,1,1,0,100.0,479705.66,55,0.05,1.9116,No,South South,1
54,Female,Self-employed,208272.65,181800.0,3,1,0,94.33,331990.69,97,11237.76,0.291,No,South South,0
46,Male,Salaried,183787.69,177300.0,6,4,0,76.92,114137.81,24,1.03,0.1608,No,North West,0
65,Female,Self-employed,173468.8,260100.0,12,2,1,67.52,83064.17,160,4847.1,0.125,Yes,South East,0
34,Female,Trader,51214.44,62400.0,3,5,1,83.22,74447.73,101,1525.37,0.4061,Yes,South South,0
62,Male,Self-employed,108955.87,158300.0,12,1,1,88.13,70073.89,122,5865.43,0.1211,No,North Central,0
20,Male,Self-employed,167378.2,185000.0,6,0,0,84.05,121681.45,77,4764.87,0.1842,No,South West,0
42,Female,Casual,113029.4,161800.0,12,2,0,94.67,46221.44,5,0.0,0.1193,Yes,South South,0
56,Male,Self-employed,123053.41,187700.0,12,2,0,98.98,16898.88,60,5393.76,0.1271,No,South West,0
43,Male,Trader,949686.83,830900.0,12,2,0,93.55,349145.0,143,50505.86,0.0729,No,South West,0
62,Female,Casual,152838.59,173600.0,6,3,0,89.65,54096.53,39,0.0,0.1893,No,South East,0
33,Female,Salaried,215666.85,88900.0,6,2,2,58.13,274837.77,68,2.04,0.0687,No,North East,1
19,Male,Trader,210735.85,312100.0,3,4,3,57.72,232842.04,10,11736.89,0.4937,No,South East,1
55,Male,Unemployed,264041.3,369200.0,3,1,0,89.42,41758.41,12,0.35,0.4661,No,North East,0
21,Female,Self-employed,131989.59,201800.0,9,3,2,73.77,10251.71,29,3022.9,0.1699,No,South East,1
54,Male,Unemployed,404841.11,151700.0,12,3,2,77.93,336239.91,93,0.77,0.0312,No,North Central,0
53,Male,Self-employed,240152.05,294500.0,6,1,0,96.58,236772.59,103,5949.27,0.2044,No,North Central,0
58,Male,Self-employed,77968.12,71500.0,6,0,0,99.83,90258.76,140,2049.76,0.1528,Yes,South West,0
40,Male,Self-employed,167851.43,67100.0,3,3,0,91.45,92241.42,53,3971.49,0.1333,No,North West,0
60,Female,Salaried,160944.64,20000.0,9,1,0,97.29,157289.55,54,0.26,0.02,No,South South,0
26,Female,Unemployed,156201.88,43500.0,3,1,0,89.48,163823.98,26,1.3,0.0928,Yes,North Central,0
38,Female,Salaried,250635.52,228300.0,1,3,1,75.05,25229.47,0,0.0,0.9109,No,South East,1
23,Male,Unemployed,271925.53,148700.0,1,1,0,87.62,458173.37,44,0.92,0.5468,No,North West,0
54,Male,Trader,251836.82,130500.0,12,5,2,70.04,405292.2,122,5581.36,0.0432,Yes,North East,0
52,Male,Casual,224359.98,241900.0,6,1,0,100.0,150442.73,20,1.19,0.1797,No,North Central,0
56,Female,Unemployed,190303.73,191700.0,12,0,0,87.67,195875.25,87,0.0,0.0839,Yes,South West,0
54,Male,Self-employed,44463.66,20000.0,6,1,0,98.3,30066.39,168,2640.37,0.075,Yes,North East,0
32,Female,Unemployed,298445.42,200300.0,9,1,0,92.41,428048.73,13,1.8,0.0746,Yes,South South,0
21,Female,Trader,247246.8,307500.0,12,2,0,86.05,49271.64,173,7525.55,0.1036,No,South East,0
62,Female,Self-employed,94903.64,165600.0,12,2,0,99.54,32087.17,110,2586.65,0.1454,Yes,South South,0
41,Male,Trader,216012.3,307400.0,2,3,1,82.38,269835.84,104,12046.24,0.7115,No,South East,1
22,Female,Salaried,274271.05,41100.0,3,4,0,90.88,124626.96,90,0.43,0.05,Yes,North Central,0
62,Male,Salaried,385394.48,172300.0,2,2,0,100.0,646690.74,21,1.45,0.2235,Yes,North West,0
65,Male,Salaried,250799.24,343800.0,6,2,0,92.17,358196.89,81,1.36,0.2285,No,South West,0
39,Male,Self-employed,221849.23,161600.0,2,1,0,95.57,314708.46,44,9661.57,0.3642,No,North East,0
54,Female,Salaried,333072.06,393100.0,9,5,1,81.31,108834.3,92,0.38,0.1311,No,South West,0
19,Male,Self-employed,147481.96,318400.0,6,2,0,93.34,55990.74,43,8697.92,0.3598,Yes,South East,0
22,Male,Trader,235275.92,379900.0,12,2,0,84.76,326780.06,177,10771.1,0.1346,Yes,North East,0
31,Female,Trader,120209.17,262700.0,12,2,0,100.0,90008.8,85,2668.92,0.1821,Yes,South East,0
49,Male,Casual,370424.52,173900.0,9,4,0,95.55,473855.81,24,0.0,0.0522,No,South West,0
24,Male,Unemployed,63221.51,99900.0,9,3,1,85.22,68402.59,6,0.61,0.1756,No,South West,0
19,Female,Casual,306076.79,131500.0,1,4,0,94.81,454798.97,69,2.45,0.4296,No,South West,0
50,Male,Trader,182083.92,20000.0,1,5,2,72.18,248650.64,121,10665.14,0.1098,No,South South,0
54,Female,Salaried,337126.63,376700.0,6,1,0,95.06,389366.47,41,0.38,0.1862,No,South West,0
53,Female,Unemployed,108375.6,170900.0,12,3,1,86.74,118974.38,72,0.0,0.1314,No,North Central,1
56,Male,Salaried,190842.06,204000.0,1,2,1,76.85,260865.16,68,0.0,1.0689,No,South South,1
56,Female,Salaried,187235.36,272800.0,6,4,0,88.47,162537.87,17,0.07,0.2428,Yes,North West,0
46,Female,Self-employed,238645.97,228600.0,12,1,0,100.0,217521.12,14,5618.35,0.0798,Yes,North Central,0
42,Female,Self-employed,91107.63,77000.0,3,3,1,85.57,146011.71,60,4178.62,0.2817,No,North West,0
59,Female,Trader,272188.99,357900.0,12,5,1,93.51,370134.68,151,8841.44,0.1096,Yes,South West,0
34,Female,Salaried,54224.11,79800.0,12,4,1,88.25,81566.49,44,0.12,0.1226,No,South East,0
22,Male,Trader,116612.85,92800.0,1,2,0,92.05,135489.64,56,3202.55,0.7958,No,North West,0
54,Female,Salaried,65181.93,56300.0,9,1,0,100.0,43618.52,9,1.41,0.096,No,South East,0
31,Female,Self-employed,308369.72,145200.0,2,3,0,81.27,486108.87,54,16400.99,0.2354,No,North West,0
64,Male,Self-employed,233467.26,466900.0,6,3,0,99.6,108729.09,104,12709.69,0.3333,No,North West,0
37,Male,Self-employed,242107.53,157900.0,12,0,0,76.22,139002.65,49,7486.79,0.0543,No,North Central,0
58,Female,Trader,468965.85,242500.0,1,5,1,93.44,198787.78,79,29666.71,0.5171,No,South East,0
20,Female,Salaried,146583.43,222700.0,12,1,0,86.81,180131.85,70,0.0,0.1266,No,South South,0
49,Female,Salaried,267518.18,233800.0,12,1,0,91.86,272382.46,31,0.0,0.0728,Yes,North Central,0
39,Female,Salaried,187892.76,237400.0,9,0,0,87.23,187343.68,85,0.13,0.1404,Yes,South East,0
40,Female,Trader,170188.12,312300.0,6,3,0,98.15,205495.51,105,6116.06,0.3058,No,South West,0
30,Male,Unemployed,420844.6,551000.0,3,3,1,79.86,596171.43,91,0.0,0.4364,Yes,South East,1
64,Male,Trader,696577.07,695700.0,6,1,0,100.0,334806.56,97,39102.08,0.1665,No,South East,0
36,Female,Trader,135979.42,47000.0,2,2,0,89.39,177942.83,144,5943.57,0.1728,No,South West,0
58,Male,Casual,309474.16,148500.0,1,3,1,68.64,281642.9,4,0.0,0.4798,Yes,South West,0
38,Female,Salaried,221491.2,451700.0,1,1,1,74.45,336760.45,2,0.0,2.0,Yes,North West,0
20,Female,Salaried,223224.93,182500.0,9,2,1,93.32,25850.26,67,0.0,0.0908,No,South West,0
60,Female,Self-employed,211372.58,173900.0,1,2,1,85.21,92327.8,47,11337.04,0.8227,No,North Central,0
26,Female,Salaried,144959.76,24000.0,3,2,0,100.0,50245.88,64,0.0,0.0552,Yes,North Central,0
30,Male,Self-employed,35000.0,20000.0,9,2,0,90.14,4979.57,176,2151.54,0.0635,No,South South,0
59,Female,Self-employed,488130.56,520100.0,2,1,0,84.76,562795.95,39,21317.46,0.5327,No,North East,0
60,Male,Self-employed,114592.31,67100.0,6,0,0,100.0,155163.81,168,4994.32,0.0976,Yes,South West,0
62,Female,Self-employed,153844.86,49100.0,1,7,0,84.36,141202.95,80,3592.83,0.3192,No,South East,0
38,Male,Self-employed,155986.03,113200.0,2,1,0,94.04,222406.18,22,9161.74,0.3629,No,South West,0
54,Male,Salaried,108146.27,20000.0,3,4,0,89.34,119325.86,48,0.0,0.0616,No,South East,0
33,Female,Casual,210421.56,20000.0,2,2,0,94.53,234589.39,70,0.0,0.0475,No,North West,0
53,Female,Trader,174889.4,89700.0,6,2,0,82.04,75929.6,111,6134.16,0.0855,Yes,North West,0
42,Male,Salaried,112979.73,268000.0,2,3,0,99.95,185641.77,90,0.0,1.1861,No,South East,0
20,Male,Salaried,198344.05,113300.0,3,2,0,100.0,171623.04,63,0.0,0.1904,No,North West,0
38,Female,Salaried,176174.77,126900.0,9,0,0,100.0,288738.62,19,1.33,0.08,No,South East,0
40,Male,Salaried,328998.08,398400.0,9,1,0,86.21,235279.27,2,0.14,0.1345,No,South East,0
30,Female,Salaried,75317.16,98500.0,6,6,1,86.21,59773.12,72,0.64,0.218,No,South West,0
35,Female,Salaried,106639.48,214100.0,12,1,0,92.8,129878.02,88,0.0,0.1673,No,South East,0
42,Male,Casual,288414.97,544300.0,12,2,0,94.0,396664.37,41,0.0,0.1573,No,North West,0
20,Female,Casual,118762.29,169900.0,6,3,1,88.54,51831.74,67,0.99,0.2384,No,South South,0
25,Female,Casual,100057.54,20000.0,6,2,0,90.95,169157.57,30,0.33,0.0333,Yes,South South,0
54,Female,Trader,122641.78,20000.0,1,2,0,98.76,14038.27,147,3828.8,0.1631,No,South South,0
34,Female,Trader,168564.87,86800.0,6,0,0,81.78,22389.31,87,10273.91,0.0858,No,North East,0
47,Female,Trader,168981.72,332200.0,6,3,0,94.5,40417.11,67,5034.14,0.3276,No,South West,0
45,Female,Casual,157037.38,346000.0,12,0,0,100.0,153984.89,79,0.0,0.1836,Yes,North East,0
44,Male,Trader,92239.6,20000.0,12,1,0,92.95,101516.59,155,5358.61,0.02,No,North East,0
37,Male,Trader,297528.54,526400.0,2,1,0,98.3,456568.58,35,8148.92,0.8846,No,North West,0
41,Female,Casual,426238.78,658900.0,12,1,1,73.43,337142.02,1,0.0,0.1288,Yes,South East,0
57,Female,Self-employed,51996.59,62500.0,9,1,0,90.74,69859.44,111,2661.33,0.1336,Yes,North Central,0
64,Male,Salaried,65572.44,226700.0,9,1,0,93.06,69623.41,1,0.46,0.3841,No,South West,0
30,Female,Salaried,345438.24,379900.0,12,1,0,90.2,253291.7,25,0.86,0.0916,No,South West,0
50,Female,Self-employed,499358.6,100800.0,3,1,0,100.0,497615.73,90,17737.68,0.0673,No,South West,0
64,Male,Salaried,45104.88,157000.0,6,3,1,87.1,18237.11,30,0.0,0.5801,Yes,South West,0
18,Female,Salaried,305818.13,615900.0,12,2,0,98.53,400554.65,38,0.08,0.1678,No,South East,0
55,Male,Salaried,521953.64,783600.0,2,2,0,76.28,492766.93,69,0.0,0.7506,No,South West,0
41,Male,Self-employed,102759.25,20000.0,9,1,1,81.18,144800.62,169,5708.49,0.0216,No,North Central,0
64,Male,Unemployed,502573.02,781000.0,12,0,0,99.89,329473.77,47,1.68,0.1295,No,North East,0
45,Female,Self-employed,160334.23,188300.0,12,2,0,92.85,58544.31,46,7383.5,0.0979,No,South East,0
58,Female,Salaried,220847.18,359300.0,3,2,0,92.44,187512.76,5,0.8,0.5423,Yes,South South,0
25,Female,Self-employed,112781.82,20000.0,9,3,0,100.0,97120.16,90,7320.62,0.02,Yes,South West,0
24,Male,Self-employed,345027.94,136600.0,1,6,1,90.73,198807.71,100,17245.36,0.3959,No,North West,0
62,Male,Trader,309621.54,304700.0,12,2,1,82.05,324252.34,109,15529.35,0.082,No,South South,0
43,Male,Trader,552259.44,992300.0,6,0,0,83.58,300680.16,124,29995.51,0.2995,Yes,South South,0
44,Female,Salaried,459138.38,849300.0,9,1,0,86.17,471977.47,73,0.0,0.2055,Yes,North Central,0
26,Male,Self-employed,178932.62,198300.0,12,5,0,96.75,166151.1,48,6964.11,0.0924,No,North West,0
28,Male,Salaried,1357503.94,719200.0,6,5,1,63.35,116311.18,68,1.39,0.0883,Yes,North Central,0
57,Male,Trader,433101.48,223400.0,6,1,0,100.0,498216.6,140,24366.69,0.086,Yes,South South,0
32,Male,Unemployed,255773.5,373000.0,6,1,0,94.95,185762.83,67,0.0,0.2431,No,North East,0
46,Female,Casual,94142.21,134200.0,6,3,0,89.07,129327.8,65,0.04,0.2376,No,South East,0
33,Female,Salaried,66582.09,20000.0,9,1,0,90.28,83039.56,33,0.0,0.0334,No,South East,0
30,Male,Trader,70364.49,73100.0,12,2,0,100.0,95315.38,49,1702.6,0.0866,Yes,North Central,1
25,Female,Casual,98108.53,20000.0,1,2,0,85.18,47531.25,58,0.9,0.2039,Yes,South East,0
62,Female,Casual,440629.14,785300.0,6,3,1,64.91,564939.61,6,0.0,0.297,No,North West,0
63,Female,Salaried,247043.55,251900.0,6,1,0,87.05,280771.15,88,2.19,0.1699,No,South West,0
23,Female,Self-employed,120815.46,97200.0,1,2,1,85.97,189446.71,87,3607.86,0.8045,No,South South,1
34,Male,Salaried,164785.07,27500.0,9,2,0,100.0,185462.78,2,0.33,0.02,No,South West,0
45,Female,Salaried,152234.44,59700.0,6,1,0,100.0,35850.29,14,1.64,0.0654,No,South East,0
36,Female,Trader,302774.95,131400.0,1,5,0,90.95,284358.12,131,13355.37,0.434,No,North Central,1
52,Male,Self-employed,101670.61,86100.0,9,1,0,95.98,112467.17,57,5788.53,0.0941,Yes,North East,0
30,Male,Salaried,225936.28,385200.0,6,1,0,96.44,354376.71,80,0.0,0.2842,Yes,South South,0
20,Female,Casual,218768.17,63600.0,9,2,0,95.55,112588.07,80,0.0,0.0323,No,South East,0
34,Female,Self-employed,103667.91,20000.0,2,2,0,80.21,66961.22,174,2349.55,0.0965,No,North West,0
46,Female,Unemployed,505304.27,478900.0,1,1,0,91.8,711822.19,92,0.0,0.9477,No,North West,1
26,Female,Casual,148537.22,36200.0,1,0,0,99.53,156875.88,2,0.0,0.2437,No,North Central,0
57,Female,Casual,94412.1,203300.0,6,0,0,100.0,74138.94,29,1.34,0.3589,No,South South,1
18,Female,Trader,313352.53,592300.0,9,3,0,96.78,389058.5,56,16917.66,0.21,Yes,South East,1
21,Male,Salaried,186490.25,47400.0,6,1,0,100.0,18529.16,44,0.0,0.0424,No,South West,0
42,Male,Salaried,234729.84,466300.0,1,1,1,89.07,161357.66,8,0.0,1.9865,No,South East,1
42,Male,Casual,83338.86,144600.0,6,2,0,91.34,61221.96,57,0.03,0.2892,No,South South,0
32,Female,Salaried,305218.35,50700.0,6,2,0,84.65,58077.79,36,0.0,0.0277,No,South East,0
30,Female,Self-employed,738805.94,195800.0,12,2,0,100.0,1213119.59,28,38293.51,0.0221,No,South East,0
21,Male,Trader,79210.98,20000.0,3,0,0,100.0,131844.16,168,2372.74,0.0842,No,South South,0
49,Male,Salaried,226601.41,195200.0,9,5,1,76.96,235152.76,80,0.0,0.0957,No,South South,1
36,Male,Salaried,108040.43,157200.0,9,2,1,93.45,64966.69,60,0.0,0.1617,No,South West,0
23,Female,Self-employed,1034011.1,472200.0,9,6,1,83.3,1159993.04,119,55552.01,0.0507,No,South West,0
37,Female,Self-employed,402911.91,335700.0,6,4,0,84.34,636445.04,57,26298.07,0.1389,No,South West,0
62,Female,Trader,216226.53,20000.0,1,1,0,94.33,322511.58,91,7117.4,0.0925,Yes,North West,0
30,Male,Salaried,81031.91,67800.0,3,0,0,90.02,47218.35,63,1.19,0.2789,No,South West,0
60,Female,Self-employed,94823.8,156900.0,12,2,0,97.1,116073.2,61,5490.91,0.1379,Yes,South South,0
30,Male,Salaried,292374.43,20000.0,9,2,0,96.8,88895.08,91,0.04,0.02,No,South East,0
26,Male,Trader,74242.51,20000.0,6,2,0,89.48,86151.57,125,3257.46,0.0449,No,North Central,0
30,Male,Salaried,75772.3,156500.0,6,3,2,68.61,33340.52,16,0.0,0.3442,No,South East,0
33,Female,Salaried,181036.23,163700.0,1,3,1,74.9,251266.39,64,0.0,0.9042,No,North East,0
23,Male,Casual,196306.59,262800.0,6,2,0,100.0,235694.86,80,0.4,0.2231,Yes,North Central,0
46,Male,Salaried,230436.94,20000.0,9,1,0,85.78,15781.78,58,0.0,0.02,No,South East,0
34,Female,Trader,135269.0,107800.0,2,3,1,86.12,132107.81,63,7484.32,0.3985,No,South West,0
52,Male,Salaried,327357.26,131600.0,12,2,1,89.51,260828.27,5,1.39,0.0335,Yes,North West,0
41,Male,Salaried,102799.17,42800.0,1,0,0,90.14,164349.68,18,0.39,0.4163,No,North East,0
39,Male,Self-employed,270500.97,261600.0,9,3,0,88.1,258295.65,24,15874.64,0.1075,Yes,North Central,0
40,Female,Casual,206879.25,204200.0,3,1,1,88.14,48560.4,55,0.67,0.329,No,North Central,0
25,Male,Self-employed,265968.73,197700.0,12,2,0,93.8,361516.92,103,6386.18,0.0619,No,South East,0
52,Female,Salaried,388097.11,360100.0,12,0,0,90.48,581609.45,3,0.0,0.0773,No,South East,0
22,Female,Self-employed,133886.29,20000.0,6,0,0,97.3,129172.28,82,8015.15,0.0249,No,North Central,0
52,Female,Self-employed,117126.72,20000.0,6,1,0,100.0,175047.32,66,5474.99,0.0285,No,North East,0
65,Female,Casual,60069.42,32600.0,12,1,0,100.0,33835.05,41,0.82,0.0452,Yes,South West,0
54,Female,Unemployed,48453.54,24100.0,6,4,1,84.92,25771.91,5,0.0,0.0829,No,South East,0
39,Female,Self-employed,160544.9,207100.0,1,1,0,70.34,242530.11,9,5455.6,1.29,Yes,South South,1
33,Male,Self-employed,167849.37,177400.0,9,4,0,92.33,124009.96,143,4391.06,0.1174,No,North East,0
59,Female,Self-employed,88854.73,20000.0,6,4,1,76.98,150201.79,175,5332.3,0.0375,Yes,North East,0
30,Male,Unemployed,102180.62,41200.0,3,3,0,92.58,162816.07,83,0.57,0.1344,No,South East,0
41,Female,Self-employed,484540.91,372000.0,12,2,1,78.15,453335.5,101,19547.01,0.064,No,South West,0
55,Male,Salaried,318064.03,178900.0,12,4,2,63.46,427566.59,7,1.9,0.0469,No,North West,1
62,Male,Unemployed,79274.17,104700.0,1,1,0,100.0,108569.55,50,0.68,1.3207,Yes,South South,0
62,Male,Unemployed,135021.04,160700.0,6,2,0,92.41,86117.02,70,0.05,0.1984,Yes,North Central,0
22,Male,Self-employed,234360.05,323100.0,3,1,0,92.1,190166.28,37,5256.18,0.4595,No,South West,1
61,Male,Self-employed,119792.81,124200.0,12,5,0,97.34,184499.44,18,2939.2,0.0864,No,South West,1
23,Female,Trader,106410.57,106900.0,12,1,0,86.6,94535.26,158,5356.91,0.0837,No,South South,0
46,Female,Casual,144473.64,32500.0,12,3,1,76.86,78964.12,11,0.0,0.02,No,North Central,0
62,Female,Self-employed,365726.73,442200.0,1,4,1,73.11,95458.36,16,9705.13,1.2091,No,South East,1
49,Female,Self-employed,387946.6,186900.0,1,2,1,81.51,292396.89,14,23816.49,0.4818,Yes,North East,0
63,Female,Self-employed,111599.48,85700.0,6,2,0,95.62,88407.8,20,2921.03,0.128,No,South East,0
34,Female,Self-employed,242818.7,482400.0,2,2,0,100.0,209872.99,161,14614.45,0.9933,Yes,South South,0
33,Male,Salaried,179251.39,77100.0,2,3,1,65.65,231970.89,18,0.0,0.2151,Yes,South West,0
33,Male,Trader,93466.57,55200.0,3,4,1,88.25,155462.26,177,2103.91,0.1969,No,South West,0
35,Male,Salaried,148392.15,20000.0,9,4,0,81.73,102759.25,44,0.0,0.02,Yes,South East,0
50,Male,Self-employed,79138.91,20000.0,9,2,0,87.03,109718.19,146,2426.92,0.0281,No,South West,0
39,Female,Casual,383347.83,646000.0,12,3,1,67.75,417624.87,18,1.05,0.1404,Yes,South South,0
53,Female,Self-employed,493766.97,596800.0,1,2,0,94.48,717048.18,149,16895.85,1.2087,Yes,South East,0
37,Male,Self-employed,137838.73,20000.0,9,2,0,95.91,103695.72,18,6259.95,0.02,No,North Central,0
32,Male,Unemployed,118043.75,167000.0,6,4,0,91.74,96418.34,91,0.49,0.2358,Yes,South South,0
27,Female,Salaried,357252.65,214400.0,3,7,0,78.7,195837.64,17,0.12,0.2,No,South South,0
44,Female,Casual,396808.45,266200.0,9,4,0,90.27,478347.45,21,0.0,0.0745,No,North Central,0
61,Female,Salaried,87233.59,177800.0,12,0,0,94.9,44642.58,34,0.0,0.1699,No,South East,0
59,Female,Self-employed,163486.07,358600.0,2,3,0,87.6,118580.13,56,9938.45,1.0967,Yes,North Central,0
30,Female,Trader,173234.63,264000.0,12,3,0,93.8,156095.41,171,5435.18,0.127,No,North Central,0
40,Female,Self-employed,109065.9,201200.0,6,1,0,100.0,153225.5,24,6474.04,0.3075,No,North West,0
51,Male,Self-employed,231329.93,337100.0,9,2,0,89.98,259156.18,163,10664.57,0.1619,No,South East,1
47,Male,Salaried,114204.69,91600.0,12,5,0,86.39,106875.73,95,1.2,0.0668,No,North Central,0
21,Male,Self-employed,126695.6,89800.0,9,3,1,80.92,22442.55,159,7378.62,0.0788,No,South South,0
46,Male,Salaried,168524.99,234100.0,6,1,0,100.0,27461.19,11,0.0,0.2315,Yes,South South,0
19,Male,Casual,68379.04,92000.0,6,1,0,97.54,43800.74,34,0.43,0.2242,Yes,South South,0
23,Female,Trader,47288.27,140400.0,6,1,0,83.43,4255.17,13,1458.31,0.4948,No,North Central,0
49,Male,Self-employed,326958.71,426100.0,12,1,0,100.0,137763.29,170,20000.07,0.1086,No,North West,0
22,Female,Salaried,111246.32,265600.0,12,2,2,59.72,180102.45,56,0.38,0.199,Yes,South South,1
34,Male,Self-employed,720985.12,1270400.0,9,5,1,75.16,293535.72,124,16166.65,0.1958,No,South East,1
46,Female,Self-employed,648493.19,707500.0,12,4,2,67.54,887805.07,167,37753.65,0.0909,No,South East,1
49,Male,Salaried,129508.4,134800.0,9,3,0,95.04,147291.91,21,0.33,0.1157,No,North West,0
39,Male,Trader,823317.0,851400.0,9,1,1,64.02,211639.61,57,50824.76,0.1149,No,South West,1
22,Female,Salaried,331086.71,520500.0,3,3,0,86.11,128018.42,16,0.0,0.524,No,North Central,0
56,Female,Salaried,118333.02,65800.0,6,2,2,77.62,11772.61,9,0.0,0.0927,No,North West,0
63,Female,Trader,35000.0,48800.0,6,4,1,78.91,3494.99,166,940.47,0.2324,No,South South,0
60,Male,Salaried,281535.26,598100.0,6,2,1,80.22,426292.72,29,0.2,0.3541,No,South West,0
53,Male,Salaried,183699.11,68600.0,6,2,0,92.64,306125.14,43,0.0,0.0622,Yes,South South,0
37,Female,Trader,238255.08,317300.0,12,0,0,98.88,377088.9,57,14571.22,0.111,No,North Central,1
60,Male,Trader,155122.22,233200.0,12,3,1,87.08,98584.66,123,9447.0,0.1253,No,South West,0
41,Female,Salaried,85579.85,20000.0,12,1,0,98.63,14685.45,9,0.0,0.02,No,South South,0
24,Female,Salaried,136372.42,144200.0,12,2,0,85.68,178752.72,12,0.21,0.0881,No,South South,0
58,Female,Self-employed,284937.85,480900.0,12,2,0,89.05,148254.86,75,8467.2,0.1406,No,North Central,0
33,Male,Trader,142966.86,157700.0,9,0,0,100.0,53044.95,118,3525.15,0.1226,No,South East,0
63,Female,Self-employed,142406.44,85900.0,3,3,1,81.76,115040.94,4,3621.78,0.2011,No,South West,0
35,Female,Trader,67044.41,190700.0,12,2,0,90.78,12280.76,95,1885.94,0.237,Yes,North East,0
59,Female,Trader,190993.07,151100.0,3,3,0,94.86,17322.39,86,8794.74,0.2637,Yes,South South,0
43,Male,Unemployed,87374.29,40900.0,9,5,3,68.64,77040.0,24,1.38,0.052,No,South West,1
40,Female,Self-employed,327012.66,587600.0,2,4,2,64.71,355716.26,62,9463.07,0.8984,Yes,South East,0
32,Male,Salaried,111697.16,20000.0,6,1,1,63.25,118030.22,59,0.02,0.0298,Yes,North East,1
58,Male,Salaried,148524.39,167000.0,3,1,0,91.75,13611.23,92,0.0,0.3748,No,North West,0
20,Male,Salaried,734761.66,238500.0,9,2,1,81.17,142216.26,15,0.33,0.0361,Yes,North Central,0
40,Female,Self-employed,147478.68,244300.0,12,3,0,81.62,52563.29,146,5781.35,0.138,Yes,South East,0
35,Male,Casual,135176.76,95000.0,1,1,1,81.11,81237.34,23,1.01,0.7028,No,South East,0
44,Female,Self-employed,263383.5,365700.0,2,0,0,96.35,329781.01,79,11614.66,0.6942,No,North Central,0
30,Female,Salaried,56403.81,65800.0,12,2,0,100.0,5164.64,17,1.26,0.0972,No,North Central,0
49,Female,Self-employed,405849.71,613100.0,3,2,0,86.32,145782.88,17,15018.13,0.5036,No,South West,0
36,Female,Unemployed,343441.87,363900.0,9,1,0,96.57,438858.24,52,0.0,0.1177,No,North West,0
27,Male,Salaried,253116.66,343800.0,12,1,0,97.86,175096.71,80,0.0,0.1132,No,North West,0
27,Male,Trader,35000.0,20000.0,9,2,0,100.0,27998.84,153,1043.05,0.0635,Yes,North East,0
51,Male,Casual,152069.74,224200.0,1,1,0,99.96,33484.35,80,0.33,1.4743,No,South West,0
30,Female,Self-employed,78696.12,98400.0,9,2,0,100.0,42510.94,115,2385.37,0.1389,No,South West,0
32,Male,Trader,373764.63,470900.0,12,2,0,95.07,228091.3,180,20974.96,0.105,Yes,South West,0
48,Male,Self-employed,356780.79,159500.0,6,2,0,90.84,581709.1,50,16801.63,0.0745,No,North Central,0
33,Female,Salaried,231635.1,201600.0,9,5,0,100.0,223996.62,3,0.0,0.0967,Yes,South West,0
36,Female,Self-employed,82346.39,109700.0,3,4,0,85.12,22184.87,23,1772.02,0.4441,No,North Central,0
29,Male,Salaried,475443.52,594400.0,12,1,0,100.0,611176.75,18,0.18,0.1042,No,North East,0
34,Female,Trader,151788.35,137300.0,3,1,0,99.54,240225.91,33,6175.68,0.3015,No,South South,0
51,Female,Casual,581986.96,377800.0,3,1,0,91.65,63663.03,57,0.0,0.2164,No,North West,1
43,Male,Self-employed,213889.27,226600.0,2,3,0,82.87,195164.96,171,5487.68,0.5297,No,South West,0
65,Female,Self-employed,250230.39,268600.0,12,2,0,93.51,179484.63,131,11561.39,0.0895,No,South East,0
55,Female,Salaried,133454.29,262100.0,6,2,1,73.48,143548.42,53,1.79,0.3273,Yes,South West,0
18,Male,Salaried,449204.38,751100.0,3,4,0,82.92,101985.36,38,0.0,0.5574,No,South West,0
36,Male,Trader,267317.98,214200.0,2,3,1,80.7,80265.71,75,6093.43,0.4006,No,North West,0
31,Male,Salaried,459820.62,281500.0,12,2,1,91.52,442586.89,70,0.0,0.051,No,South West,0
46,Male,Casual,202018.37,262800.0,1,1,0,93.93,172468.45,18,1.37,1.3009,No,North West,0
30,Male,Salaried,174579.76,166100.0,9,4,2,60.34,209969.33,4,0.0,0.1057,No,South West,0
64,Male,Casual,265016.33,22900.0,9,1,0,83.02,327624.53,37,0.54,0.02,Yes,South West,0
32,Male,Self-employed,459715.67,415800.0,9,1,0,92.72,646896.88,1,19434.51,0.1005,No,North Central,0
43,Male,Self-employed,348568.28,234700.0,9,1,0,100.0,449070.03,73,12511.03,0.0748,No,South West,0
23,Female,Trader,196920.94,289600.0,12,2,0,94.26,317245.15,108,12635.24,0.1226,Yes,South South,0
61,Male,Self-employed,53826.44,20000.0,1,1,0,91.47,55827.45,23,2203.97,0.3716,Yes,South West,0
61,Male,Salaried,304815.84,363300.0,6,3,0,99.23,403304.42,44,0.16,0.1986,Yes,North West,1
56,Female,Casual,70654.28,144400.0,1,4,1,91.45,110103.05,4,0.0,2.0,No,North Central,1
34,Male,Self-employed,184142.62,228300.0,6,1,0,100.0,154061.64,138,4741.95,0.2066,No,South West,0
20,Male,Salaried,166952.41,250700.0,6,0,0,96.41,40995.65,30,0.91,0.2503,No,South East,0
52,Female,Self-employed,71622.36,77500.0,6,1,0,82.51,102727.75,155,2943.22,0.1803,No,South West,0
38,Female,Self-employed,229312.08,240700.0,12,1,1,91.36,56203.56,10,14503.04,0.0875,No,South West,0
65,Female,Trader,730159.78,1063500.0,12,5,0,91.25,438596.27,171,44302.96,0.1214,No,South South,0
51,Female,Casual,146901.64,141100.0,3,2,1,76.57,197321.99,63,0.24,0.3202,No,South West,0
43,Female,Self-employed,296124.1,312000.0,9,2,0,87.18,117507.05,175,9887.97,0.1171,Yes,South West,0
65,Female,Salaried,832268.62,294500.0,9,5,2,75.13,334397.97,49,1.13,0.0393,No,South East,1
56,Female,Salaried,315341.27,568500.0,12,1,0,100.0,446493.48,78,0.0,0.1502,No,North Central,1
40,Female,Salaried,118369.22,20000.0,1,2,1,79.21,72389.4,51,0.11,0.169,No,South East,0
18,Male,Trader,209980.88,364100.0,9,3,0,98.5,187121.77,129,11055.2,0.1927,No,North Central,0
22,Male,Salaried,246032.58,244400.0,6,3,0,100.0,118663.95,16,1.38,0.1656,No,South West,0
39,Female,Trader,457115.18,415100.0,6,5,1,79.01,298248.4,36,24041.7,0.1513,No,South South,0
44,Female,Trader,396267.53,634300.0,9,8,1,78.38,531473.43,31,12801.12,0.1779,No,North Central,0
19,Female,Casual,35000.0,23300.0,3,1,0,92.93,51502.45,80,0.0,0.2219,No,South South,0
24,Female,Salaried,103174.72,222600.0,1,2,0,89.41,85054.25,84,0.5,2.0,Yes,South South,1
51,Female,Salaried,171990.54,123600.0,9,3,0,99.33,150704.81,80,0.0,0.0798,No,North Central,0
54,Female,Casual,93039.14,151800.0,1,0,0,100.0,109241.73,59,0.0,1.6316,No,North West,1
19,Female,Self-employed,35000.0,20000.0,3,5,1,86.58,18109.92,155,878.9,0.1905,Yes,South South,0
42,Male,Self-employed,112314.71,213400.0,6,3,1,79.99,145851.13,57,5827.06,0.3167,No,South West,0
21,Female,Trader,179578.05,193100.0,9,1,0,97.44,289210.42,72,4939.08,0.1195,No,South West,0
52,Male,Casual,127934.93,115300.0,9,1,0,87.68,42569.87,61,1.7,0.1001,No,South West,0
58,Female,Salaried,94155.13,20000.0,12,0,0,100.0,61697.05,24,0.0,0.02,No,North East,0
59,Female,Casual,184917.33,205000.0,6,0,0,100.0,49714.18,55,0.32,0.1848,No,South West,0
46,Male,Salaried,224969.35,427000.0,2,6,0,97.48,52001.08,31,0.0,0.949,No,North East,0
48,Female,Unemployed,132736.87,195800.0,2,4,0,91.0,135722.81,87,0.0,0.7375,No,South West,0
62,Male,Salaried,439039.92,946100.0,6,5,0,92.66,224526.09,50,0.41,0.3592,No,South South,0
47,Male,Salaried,186880.84,76600.0,6,4,1,73.08,89858.37,48,0.0,0.0683,No,South West,0
39,Male,Salaried,102153.13,114800.0,12,4,0,88.64,71584.63,67,0.09,0.0937,Yes,South East,0
54,Female,Casual,86661.32,20000.0,6,4,1,88.14,103156.55,69,0.43,0.0385,Yes,North Central,0
46,Male,Unemployed,156730.3,199800.0,6,2,0,88.59,84022.0,90,0.0,0.2125,No,North Central,0
58,Female,Self-employed,371177.46,211700.0,12,0,0,100.0,343664.16,159,17424.16,0.0475,No,South West,0
43,Female,Self-employed,105378.56,89400.0,12,2,1,76.08,145527.27,176,4578.46,0.0707,Yes,North East,0
59,Female,Salaried,265145.44,414600.0,9,2,0,87.51,44497.22,17,0.0,0.1737,No,South South,0
20,Male,Salaried,191410.21,268100.0,6,1,0,96.36,67116.74,94,0.0,0.2334,No,South East,0
19,Male,Casual,657574.64,1001100.0,3,1,1,81.4,605955.43,44,0.0,0.5075,No,North Central,0
22,Female,Salaried,231972.84,403100.0,6,1,0,100.0,116588.38,94,0.0,0.2896,No,South West,0
44,Female,Unemployed,114332.38,198100.0,2,2,2,67.79,183186.21,33,0.0,0.8663,No,North West,1
52,Male,Unemployed,290498.1,145300.0,6,3,0,87.78,48415.77,19,1.12,0.0834,No,South West,0
28,Male,Salaried,296922.49,411200.0,12,0,0,89.92,176021.55,22,1.39,0.1154,No,South West,1
25,Female,Self-employed,139059.19,48600.0,6,5,0,100.0,8174.43,39,8863.51,0.0582,Yes,North Central,0
59,Female,Unemployed,84466.89,76200.0,1,1,1,90.91,4985.61,32,0.71,0.9021,No,South East,0
54,Male,Casual,255029.63,378800.0,1,0,0,89.83,41286.61,61,0.0,1.4853,No,North Central,1
49,Male,Trader,187586.81,63300.0,12,1,0,92.95,136036.79,34,8133.55,0.0281,No,South East,0
41,Male,Salaried,67168.16,20000.0,3,3,0,100.0,40326.53,89,2.08,0.0993,Yes,South South,0
38,Female,Salaried,212383.9,152200.0,6,1,0,99.15,158905.76,62,0.0,0.1194,No,South West,0
18,Female,Casual,118974.77,111700.0,9,2,2,59.42,77749.94,85,0.38,0.1043,No,South East,0
27,Female,Self-employed,67209.56,90600.0,3,5,2,55.68,11681.29,127,2950.86,0.4493,No,North East,1
61,Female,Trader,143176.94,20000.0,9,0,0,89.26,150311.09,33,7442.52,0.02,No,South West,0
34,Male,Trader,414409.26,301800.0,1,2,0,99.76,245191.8,174,20634.15,0.7283,Yes,South South,0
51,Female,Self-employed,394727.96,541800.0,9,2,0,83.36,368889.33,19,17563.88,0.1525,No,North East,0
51,Male,Salaried,333067.68,246900.0,1,0,0,95.23,456933.06,67,0.0,0.7413,No,North West,0
32,Male,Self-employed,214424.61,20000.0,3,2,0,91.25,332906.28,5,6998.7,0.0311,No,South East,0
27,Male,Casual,265131.26,257800.0,3,3,1,73.56,395167.81,21,0.89,0.3241,No,South East,1
51,Male,Self-employed,191919.46,235100.0,12,3,0,90.4,125550.52,5,11620.44,0.1021,No,North East,0
22,Male,Salaried,87765.97,20000.0,6,3,0,99.94,29944.4,8,0.0,0.038,Yes,South South,0
41,Female,Unemployed,99921.07,210600.0,12,4,1,83.15,97228.97,17,0.76,0.1756,No,North Central,0
60,Female,Trader,121302.72,37400.0,6,4,0,100.0,180604.05,26,6831.66,0.0514,Yes,South West,0
52,Female,Self-employed,447573.27,646000.0,12,2,0,88.12,617404.19,52,21153.31,0.1203,Yes,South South,0
54,Male,Casual,362420.75,419800.0,6,2,1,67.73,291157.29,35,0.96,0.1931,No,South South,1
21,Male,Self-employed,89213.86,245000.0,6,2,0,95.1,118536.39,53,4616.84,0.4577,No,South South,1
27,Female,Unemployed,186356.42,284700.0,9,2,0,93.72,66351.83,22,0.0,0.1697,Yes,South South,0
31,Female,Casual,138554.29,64500.0,3,0,0,90.38,12755.01,16,0.0,0.1552,Yes,South East,0
32,Female,Self-employed,162737.99,138900.0,12,5,1,64.62,253414.81,68,5688.97,0.0711,No,North Central,0
27,Female,Self-employed,127043.43,20000.0,12,4,1,90.03,205378.24,82,6204.75,0.02,Yes,North West,0
64,Male,Salaried,448835.48,611300.0,1,2,1,56.63,560332.0,26,0.0,1.362,No,South West,1
25,Female,Trader,177801.47,310300.0,12,0,0,98.79,107864.6,1,6455.45,0.1454,Yes,South West,0
51,Male,Trader,207153.23,174200.0,3,1,0,98.47,39032.4,126,6493.11,0.2803,No,South West,0
46,Male,Self-employed,208246.96,462600.0,9,3,0,98.03,22374.18,149,10188.69,0.2468,Yes,South West,0
47,Female,Unemployed,92287.27,20000.0,12,3,1,78.96,8314.94,62,0.08,0.02,No,North East,1
28,Female,Self-employed,193159.59,139000.0,3,1,0,77.88,103183.55,115,5825.65,0.2399,Yes,South West,0
32,Male,Casual,359050.41,283400.0,2,4,0,82.56,177615.83,33,0.0,0.3947,No,South East,0
47,Male,Trader,468813.95,783500.0,9,4,0,87.95,223128.59,118,21117.8,0.1857,Yes,North West,0
32,Female,Self-employed,85359.96,116000.0,6,2,1,95.12,129001.98,44,4192.16,0.2265,No,South East,0
51,Female,Salaried,67078.67,46500.0,6,6,1,83.8,22550.81,30,0.36,0.1155,Yes,South West,0
19,Male,Trader,187418.55,124700.0,9,1,0,92.52,45875.89,62,9150.87,0.0739,No,South South,0
21,Male,Trader,370157.57,122800.0,3,1,0,89.5,265627.4,9,9286.94,0.1106,No,North Central,0
52,Male,Salaried,227396.35,128500.0,1,2,0,94.72,303900.21,62,0.18,0.5651,Yes,North Central,1
47,Male,Casual,280100.73,154300.0,12,0,0,99.72,232329.07,35,1.05,0.0459,No,North West,0
20,Male,Self-employed,74350.84,37000.0,9,1,0,95.9,85400.74,50,4198.03,0.0553,No,South East,0
61,Female,Self-employed,124109.59,186200.0,9,2,0,84.06,139811.22,22,2904.41,0.1667,No,South South,0
18,Male,Casual,43184.6,20000.0,6,0,0,100.0,13044.46,28,0.21,0.0772,No,North West,0
63,Female,Self-employed,164077.62,343600.0,12,1,0,97.16,208823.08,52,5119.17,0.1745,No,South South,0
53,Male,Trader,44089.17,20000.0,3,3,1,82.16,10972.59,154,2559.99,0.1512,No,South West,1
65,Male,Trader,428027.29,713100.0,2,0,0,96.26,524799.68,84,16384.05,0.833,Yes,South East,0
63,Male,Salaried,494521.59,321600.0,3,1,0,100.0,778197.7,72,1.7,0.2168,No,South East,0
33,Female,Self-employed,197230.9,167000.0,9,3,0,96.49,47541.78,25,6712.8,0.0941,No,North Central,0
54,Male,Salaried,67342.01,74300.0,3,1,0,96.88,17416.43,23,0.0,0.3678,No,South East,0
28,Male,Salaried,229790.97,118900.0,3,3,0,100.0,386138.17,86,0.0,0.1725,No,South East,0
40,Male,Trader,602684.0,733500.0,6,1,0,89.43,996179.7,26,28764.84,0.2028,No,South East,0
29,Male,Salaried,245227.15,209200.0,9,2,1,72.24,209250.33,51,0.0,0.0948,Yes,South West,0
41,Female,Unemployed,388851.08,473100.0,2,3,0,90.71,115908.13,37,0.0,0.6083,No,North East,1
59,Female,Self-employed,131315.05,361200.0,9,1,0,99.9,144865.48,67,6342.05,0.3056,Yes,South West,0
38,Male,Self-employed,102173.29,20000.0,6,2,0,100.0,93902.99,2,4153.79,0.0326,No,South East,0
22,Male,Casual,171897.19,133000.0,6,2,0,95.13,118897.28,40,0.08,0.129,No,North East,0
33,Male,Self-employed,51449.38,20000.0,1,2,1,73.76,64626.53,169,1421.97,0.3887,Yes,South South,1
55,Male,Trader,784161.05,1398400.0,12,4,2,80.17,348372.3,92,48326.2,0.1486,No,South East,0
43,Female,Trader,197103.58,217700.0,9,2,0,85.87,262914.27,84,11775.73,0.1227,No,South West,0
44,Female,Casual,316195.05,171600.0,1,3,0,90.79,354765.38,77,0.08,0.5427,No,North West,0
38,Male,Salaried,133349.87,183500.0,6,4,1,75.85,32262.44,41,0.3,0.2293,Yes,South East,0
32,Female,Salaried,66019.54,20600.0,1,1,0,100.0,49839.36,75,1.51,0.312,No,North East,0
46,Male,Unemployed,454744.85,558800.0,6,1,0,92.76,411368.32,50,0.24,0.2048,No,South West,1
48,Male,Salaried,86685.94,20000.0,9,1,0,100.0,72750.87,93,0.48,0.0256,No,North East,0
61,Male,Trader,225811.83,343400.0,1,4,1,87.44,185825.74,111,5135.76,1.5207,Yes,South West,1
47,Female,Trader,240077.55,66700.0,12,0,0,87.48,325297.93,90,14932.45,0.0232,Yes,North East,0
65,Male,Self-employed,188863.63,311000.0,6,2,2,56.65,178009.26,38,8925.15,0.2744,No,South West,0
57,Female,Casual,108091.39,171800.0,3,1,0,90.26,45424.07,52,0.0,0.5298,Yes,South East,0
21,Female,Unemployed,163317.46,238200.0,2,1,0,100.0,166108.42,4,0.0,0.7293,Yes,South East,0
36,Female,Salaried,97069.17,147900.0,2,3,1,84.87,51586.7,61,0.47,0.7618,No,North West,0
36,Female,Trader,304576.52,105500.0,12,2,0,82.9,113380.38,6,19655.26,0.0289,No,South South,0
18,Male,Trader,260984.85,108600.0,6,2,0,97.68,441383.38,47,13102.63,0.0694,Yes,North Central,0
26,Male,Self-employed,177513.25,178000.0,12,2,0,93.56,194256.92,61,10098.79,0.0836,No,South West,0
54,Female,Casual,124403.26,178400.0,3,1,0,85.07,74147.31,94,1.42,0.478,No,South West,0
34,Male,Self-employed,708190.76,1125100.0,3,2,0,88.21,352406.43,63,37587.34,0.5296,Yes,South South,0
25,Female,Salaried,77216.66,114800.0,6,5,0,92.49,56640.69,51,1.01,0.2478,No,South West,0
31,Male,Casual,65954.05,114700.0,6,2,1,63.57,87445.23,33,0.0,0.2898,No,North Central,0
31,Male,Unemployed,170656.53,320700.0,1,2,0,95.55,223408.54,96,0.0,1.8792,No,South South,1
26,Male,Salaried,152204.66,186000.0,1,2,0,94.59,149004.69,84,0.4,1.222,No,South South,0
22,Female,Trader,367375.85,175400.0,12,0,0,92.22,515866.58,27,10426.19,0.0398,No,North East,0
54,Female,Salaried,273946.42,43400.0,9,3,1,84.21,252498.81,9,0.0,0.02,No,South South,0
57,Female,Salaried,183487.86,315100.0,1,1,1,81.83,250379.07,21,2.65,1.7173,No,South South,0
41,Male,Salaried,249180.22,432300.0,9,0,0,86.13,342047.08,15,0.6,0.1928,Yes,South East,0
47,Male,Casual,246254.26,267100.0,6,1,0,89.52,240915.13,92,0.13,0.1808,No,South West,0
62,Female,Salaried,706461.51,1069800.0,12,2,1,75.8,248777.13,31,0.0,0.1262,No,South West,0
58,Female,Salaried,212224.16,37300.0,12,1,0,98.41,267948.48,2,0.23,0.02,No,North Central,0
19,Male,Trader,115613.96,262000.0,1,1,0,86.54,164842.04,166,3276.34,2.0,No,South West,1
63,Female,Self-employed,204789.49,100100.0,12,2,0,90.13,189818.77,47,12727.19,0.0407,No,South South,0
21,Male,Salaried,35000.0,61900.0,2,2,0,94.19,42645.22,35,0.0,0.8843,No,South South,0
19,Male,Salaried,176220.48,212200.0,3,3,0,83.33,150947.65,93,0.0,0.4014,Yes,South South,0
37,Female,Casual,366279.04,355100.0,9,6,0,90.81,22239.26,80,0.0,0.1077,No,South East,1
53,Female,Trader,266234.24,71400.0,9,2,0,94.16,356470.16,79,8401.94,0.0298,No,South South,0
21,Female,Trader,218550.76,429900.0,2,0,0,95.08,173815.69,166,5693.27,0.9835,No,South West,1
32,Female,Salaried,274503.03,397200.0,2,2,0,96.37,450378.02,86,0.0,0.7235,No,South South,1
30,Male,Self-employed,368733.3,366600.0,3,2,0,88.59,35788.33,81,17637.59,0.3314,No,North East,0
37,Male,Casual,454573.02,896800.0,3,2,1,77.08,674263.55,41,1.21,0.6576,Yes,North West,1
65,Female,Salaried,240760.63,178400.0,3,2,0,90.64,66364.55,81,0.0,0.247,Yes,North West,0
33,Male,Salaried,146567.26,95700.0,2,2,1,83.25,26769.04,38,0.31,0.3265,No,North Central,0
28,Female,Self-employed,40011.53,96900.0,12,2,2,61.45,28775.11,13,870.48,0.2018,No,North East,1
23,Female,Self-employed,339940.15,476900.0,12,3,0,86.1,118804.91,78,11992.86,0.1169,Yes,South West,0
27,Male,Salaried,251599.49,325000.0,12,2,0,100.0,284744.57,48,1.56,0.1076,No,North East,1
24,Male,Unemployed,198777.38,339700.0,2,3,0,88.39,208811.67,90,0.82,0.8545,No,South East,0
45,Male,Self-employed,115091.03,106700.0,1,1,1,70.06,164602.8,165,7250.79,0.9271,No,South South,0
38,Female,Trader,337075.07,194300.0,6,1,0,89.07,489686.19,118,11626.63,0.0961,No,South East,0
41,Male,Salaried,152284.91,189700.0,9,1,0,100.0,81076.08,13,0.0,0.1384,No,North West,0
57,Female,Trader,176017.33,137100.0,9,2,0,97.99,233208.3,114,6004.49,0.0865,No,North Central,0
45,Male,Self-employed,173567.1,283100.0,1,2,0,100.0,278067.71,35,10013.29,1.6311,No,South West,0
25,Male,Unemployed,241135.85,237100.0,12,0,0,86.92,139598.68,34,2.33,0.0819,Yes,South East,0
36,Male,Self-employed,85314.64,102700.0,6,0,0,91.88,54674.27,20,3377.9,0.2006,No,North Central,0
33,Female,Casual,259463.38,92500.0,6,4,0,100.0,78392.71,76,0.0,0.0594,No,South West,0
57,Female,Self-employed,112660.56,56500.0,6,1,0,86.65,190756.81,41,5787.26,0.0836,No,North West,0
32,Male,Self-employed,115259.31,184100.0,1,2,0,100.0,187143.56,19,7446.05,1.5973,No,South West,1
24,Female,Unemployed,320013.4,223500.0,3,0,0,94.24,390264.15,24,0.0,0.2328,No,South West,1
53,Male,Trader,94272.39,93900.0,12,2,2,54.69,8408.86,3,2931.31,0.083,No,South South,1
38,Female,Trader,319639.7,266800.0,6,3,2,48.41,286522.98,61,12376.49,0.1391,Yes,South South,1
22,Male,Casual,192259.35,336900.0,1,2,1,88.12,286475.71,12,0.0,1.7523,No,South East,1
51,Female,Unemployed,61656.4,126100.0,3,2,0,100.0,12135.41,55,0.0,0.6817,Yes,South South,1
28,Male,Salaried,436970.7,367200.0,3,2,0,96.38,324851.15,1,1.17,0.2801,Yes,South West,0
59,Female,Salaried,220218.84,262500.0,12,3,0,96.78,44740.95,18,2.59,0.0993,Yes,South East,0
57,Female,Self-employed,232557.77,123400.0,12,2,0,95.85,355347.41,89,5218.9,0.0442,Yes,South South,0
35,Male,Unemployed,346424.31,560500.0,6,3,0,100.0,380121.87,23,1.06,0.2697,No,South East,0
44,Female,Self-employed,476968.44,741600.0,12,0,0,100.0,511937.86,114,18087.28,0.1296,No,North Central,1
45,Male,Self-employed,205125.98,26900.0,6,5,0,73.81,117469.26,41,11190.24,0.0219,Yes,North Central,0
49,Male,Self-employed,268860.76,280300.0,12,5,0,91.76,194346.33,174,13628.03,0.0869,No,South South,0
21,Male,Salaried,229115.84,28100.0,6,2,0,89.67,297559.77,56,1.0,0.0204,No,South West,0
33,Male,Salaried,144040.26,84600.0,12,1,0,95.32,28342.38,75,0.57,0.0489,No,South West,0
26,Male,Salaried,64310.52,24800.0,12,1,0,91.23,77200.18,85,0.12,0.0321,No,South South,0
51,Female,Salaried,206987.04,283300.0,6,6,0,97.12,180069.16,44,0.78,0.2281,No,North Central,0
21,Male,Trader,441097.72,781100.0,2,5,2,74.43,325604.47,124,14126.24,0.8854,No,North West,1
42,Female,Self-employed,262991.91,295900.0,3,1,0,80.59,288012.21,127,11409.48,0.375,No,South West,0
52,Male,Salaried,89939.01,28700.0,3,2,0,78.76,7099.77,53,0.33,0.1064,No,South West,0
63,Female,Self-employed,367361.3,241100.0,3,2,1,81.85,340406.97,91,20102.35,0.2188,Yes,South West,1
31,Male,Self-employed,147201.36,281600.0,6,3,0,88.18,145182.24,147,7408.39,0.3188,No,North Central,0
18,Female,Self-employed,46207.4,83300.0,6,1,0,100.0,10834.51,135,1852.64,0.3005,No,North East,0
52,Female,Self-employed,348833.36,331000.0,1,2,1,88.06,84838.18,3,18389.43,0.9489,No,North Central,0
18,Female,Salaried,97364.28,87900.0,12,2,0,81.49,66713.4,41,0.0,0.0752,No,North East,0
21,Female,Trader,572739.1,566900.0,1,2,1,74.24,900025.84,110,13222.36,0.9898,No,South West,0
65,Female,Salaried,379558.81,418400.0,2,1,0,95.68,400770.72,70,0.0,0.5512,No,South South,0
59,Female,Salaried,155226.81,114000.0,1,0,0,90.88,150984.53,57,0.0,0.7344,No,North Central,0
51,Female,Salaried,242630.75,419800.0,12,1,0,92.79,402056.55,96,0.0,0.1442,Yes,South West,0
58,Male,Self-employed,870009.32,1292500.0,6,1,0,86.24,817012.98,162,24032.2,0.2476,No,North West,0
21,Female,Salaried,344798.93,137000.0,3,0,0,96.42,32092.66,86,0.41,0.1324,No,South West,0
22,Male,Self-employed,210142.71,204400.0,2,4,1,85.28,300647.47,37,6862.91,0.4863,No,South East,0
32,Female,Salaried,1177215.22,940100.0,6,1,0,99.29,1917077.94,68,1.17,0.1331,Yes,South West,0
19,Male,Salaried,194296.34,242100.0,12,2,1,81.29,320827.7,54,0.91,0.1038,No,North Central,0
60,Female,Casual,262732.52,354100.0,6,3,0,89.6,104732.92,82,1.64,0.2246,No,North West,0
20,Male,Self-employed,97946.19,156800.0,6,1,1,84.51,92699.05,89,4548.37,0.2668,No,South South,1
44,Male,Salaried,60605.74,20000.0,6,2,0,96.54,43669.01,72,1.15,0.055,No,North East,0
58,Male,Self-employed,149289.2,116400.0,2,1,0,94.01,116101.02,95,6222.35,0.3898,Yes,North Central,0
53,Female,Salaried,184550.31,126700.0,6,1,0,100.0,107024.53,79,0.0,0.1144,No,North West,0
29,Female,Trader,222956.83,209700.0,6,1,0,86.4,21356.31,51,9475.63,0.1568,No,South South,1
40,Female,Salaried,71529.19,121600.0,9,4,0,100.0,27315.06,29,0.0,0.1889,Yes,South West,0
44,Female,Self-employed,276550.97,188000.0,3,0,0,85.46,54051.18,92,7425.15,0.2266,No,North East,0
54,Female,Unemployed,104920.85,67900.0,2,5,1,82.18,89351.68,12,0.0,0.3236,No,South West,1
38,Male,Salaried,267370.19,199000.0,6,2,0,79.62,93939.78,64,0.0,0.124,No,South South,0
31,Female,Salaried,330517.32,122200.0,9,1,1,79.74,290059.2,46,0.89,0.0411,Yes,South West,0
56,Male,Trader,139195.02,49800.0,6,5,3,73.35,52928.03,67,8119.67,0.0596,Yes,North East,1
60,Female,Unemployed,96204.35,20000.0,12,1,1,81.67,113009.22,48,1.27,0.02,No,South West,0
41,Female,Self-employed,490943.43,294900.0,12,1,0,93.27,769079.22,170,14896.17,0.0501,No,North Central,1
19,Female,Trader,317459.33,503500.0,12,4,0,95.84,321382.72,151,19919.75,0.1322,Yes,North Central,0
42,Female,Salaried,198689.14,204500.0,6,0,0,77.64,43991.87,0,1.81,0.1715,No,South West,0
60,Male,Trader,467516.62,447500.0,12,4,2,76.23,145015.65,39,22152.72,0.0798,No,North Central,0
65,Male,Salaried,190010.05,187800.0,9,3,0,87.2,265972.57,30,0.14,0.1098,No,South East,0
37,Male,Trader,120256.52,233500.0,9,2,0,100.0,88576.92,150,5573.73,0.2157,No,North East,0
25,Female,Salaried,93864.34,224700.0,6,1,0,93.13,110232.7,2,2.29,0.399,No,North West,0
45,Female,Self-employed,167819.23,302400.0,1,2,0,95.7,195784.43,178,3808.06,1.8019,No,North West,0
57,Male,Salaried,297250.48,239300.0,6,2,0,85.45,119391.94,83,0.89,0.1342,Yes,South South,0
63,Female,Trader,444211.3,550400.0,9,1,0,99.34,236657.63,1,28215.24,0.1377,Yes,South West,0
20,Female,Trader,182771.82,286000.0,12,1,0,93.51,226172.19,112,4589.1,0.1304,No,South East,0
31,Male,Casual,396029.24,100600.0,6,1,0,83.14,27577.03,93,0.0,0.0423,No,South East,0
40,Female,Unemployed,156597.95,188300.0,12,1,0,90.09,134356.34,68,0.0,0.1002,No,South West,0
22,Female,Self-employed,108301.41,218300.0,2,1,1,86.31,29473.44,18,4086.63,1.0078,No,North East,1
60,Female,Trader,77003.68,20000.0,12,3,1,85.75,68807.57,73,2589.57,0.0216,No,North Central,0
23,Male,Salaried,129528.49,39100.0,6,3,0,98.6,110801.52,78,0.34,0.0503,No,North West,0
49,Female,Casual,78911.7,194800.0,9,2,0,91.08,76034.09,86,0.0,0.2743,Yes,South East,0
62,Male,Trader,664569.47,162000.0,6,4,3,70.59,420157.47,123,30926.47,0.0406,No,North Central,1
50,Female,Self-employed,239487.09,234200.0,12,5,1,89.03,102564.08,126,11024.63,0.0815,Yes,North East,0
54,Female,Self-employed,169153.6,435200.0,1,2,0,81.34,139669.75,160,7900.6,2.0,No,North West,0
30,Female,Trader,551288.35,786900.0,6,2,2,73.16,451505.39,25,13689.03,0.2379,No,South South,1
57,Male,Casual,77206.45,148000.0,12,2,1,94.95,63337.74,54,0.29,0.1597,No,North Central,1
38,Female,Casual,164648.68,157400.0,2,1,0,96.97,153210.29,69,0.19,0.478,No,North Central,0
20,Male,Self-employed,660333.37,962300.0,6,1,0,93.33,559724.31,121,30055.43,0.2429,No,South South,0
35,Female,Self-employed,163912.13,263600.0,6,0,0,84.34,100561.89,62,6354.21,0.268,No,North Central,0
34,Female,Unemployed,883053.52,689800.0,12,1,0,91.45,461212.89,79,0.0,0.0651,No,North West,0
43,Female,Trader,299945.26,265500.0,12,4,1,73.03,378304.99,86,9628.82,0.0738,No,South West,0
30,Female,Self-employed,420653.18,605000.0,3,1,0,99.79,398070.25,131,23870.19,0.4794,No,South West,1
40,Female,Trader,428649.04,138400.0,9,2,0,100.0,99046.25,146,21205.51,0.0359,Yes,North West,0
38,Male,Trader,180187.59,400000.0,6,9,1,82.91,70475.05,140,6429.36,0.37,Yes,North Central,0
33,Male,Trader,131055.29,221200.0,9,1,0,86.97,107553.18,96,7976.52,0.1875,No,North East,0
51,Male,Self-employed,166987.78,98600.0,3,3,0,78.72,17121.15,75,3679.95,0.1968,No,North East,0
32,Male,Casual,94769.79,204200.0,3,2,0,97.74,24421.95,88,0.86,0.7182,No,South South,0
54,Male,Casual,172445.45,249400.0,6,4,1,80.74,47309.87,61,0.21,0.241,No,South West,0
30,Male,Self-employed,179485.23,241400.0,1,1,0,79.0,266099.44,69,10899.07,1.345,No,South West,1
59,Female,Salaried,539670.95,979600.0,9,2,1,80.82,366667.66,47,0.0,0.2017,Yes,South West,0
35,Male,Self-employed,264697.08,72800.0,2,5,1,89.33,389509.63,95,9335.67,0.1375,No,North Central,0
19,Male,Trader,836024.79,1339600.0,12,1,0,74.36,546683.01,146,18968.56,0.1335,No,North Central,0
25,Female,Self-employed,44223.36,68400.0,12,5,1,75.84,53802.57,30,2640.96,0.1289,No,North Central,0
56,Male,Casual,81604.01,150300.0,9,4,1,96.49,74366.95,83,0.0,0.2046,No,North West,1
59,Male,Salaried,142876.75,183000.0,12,1,0,94.16,61113.41,13,0.54,0.1067,No,South South,0
28,Female,Self-employed,474887.65,228400.0,12,3,1,95.63,730797.94,3,21245.45,0.0401,No,South West,0
46,Male,Casual,167625.39,261600.0,9,1,1,78.45,250627.48,72,0.0,0.1734,No,South West,1
45,Female,Unemployed,69329.42,135400.0,9,3,0,100.0,89074.67,65,0.0,0.217,No,South South,0
24,Female,Self-employed,153488.55,46900.0,6,2,0,91.68,175824.47,37,9154.23,0.0509,No,North West,0
39,Female,Salaried,82642.0,59500.0,12,1,0,89.16,64554.64,10,0.03,0.06,Yes,North West,0
51,Male,Self-employed,72755.18,28200.0,9,3,0,82.66,19620.13,111,4594.94,0.0431,No,North West,0
64,Female,Self-employed,659970.36,383300.0,6,4,1,85.44,490837.79,174,15467.64,0.0968,No,South South,0
58,Male,Self-employed,143224.18,20000.0,6,1,0,87.92,178618.14,47,5546.52,0.0233,Yes,South West,0
22,Female,Salaried,201442.95,259600.0,3,3,0,87.16,169513.83,73,0.45,0.4296,Yes,South West,0
29,Female,Self-employed,169446.16,244300.0,12,0,0,82.97,283220.04,115,5491.05,0.1201,No,North East,0
38,Male,Trader,152854.23,234500.0,12,3,0,94.14,166397.35,176,5679.22,0.1278,No,South East,0
25,Female,Trader,104222.41,103300.0,1,3,1,88.78,32956.24,23,2790.97,0.9911,No,South South,0
45,Male,Trader,147089.96,138300.0,2,5,0,92.26,26341.57,102,6376.71,0.4701,No,South West,0
18,Female,Self-employed,224115.13,184200.0,12,2,0,91.65,90667.67,91,7922.67,0.0685,No,South West,0
23,Male,Self-employed,452627.64,151000.0,2,3,1,90.35,426457.38,47,21377.16,0.1668,No,North Central,0
20,Male,Self-employed,333215.7,431600.0,9,4,1,72.67,548241.26,136,13332.7,0.1439,No,South East,0
32,Female,Unemployed,81496.77,38100.0,6,2,1,95.53,136948.13,43,0.0,0.0779,No,North West,1
54,Female,Self-employed,342236.81,470800.0,6,1,0,84.51,448265.02,57,15240.32,0.2293,No,South East,0
26,Female,Trader,245179.74,250400.0,2,2,0,93.13,110245.07,70,11165.98,0.5106,Yes,South East,0
65,Male,Self-employed,119927.6,223100.0,2,2,1,88.53,202436.47,138,7016.97,0.9301,No,South East,1
30,Male,Casual,202617.5,115700.0,6,2,0,100.0,323930.89,16,0.0,0.0952,Yes,North West,0
20,Female,Self-employed,261110.46,393600.0,6,4,2,51.4,293849.56,60,14091.89,0.2512,No,North Central,1
34,Female,Self-employed,185590.25,297000.0,12,1,1,86.45,14101.55,136,11116.8,0.1334,No,South East,0
53,Male,Casual,245946.74,261700.0,12,3,0,89.68,113752.29,73,0.9,0.0887,No,North West,0
23,Female,Salaried,102723.27,20000.0,12,4,0,100.0,87455.74,88,0.0,0.02,No,South South,0
21,Male,Trader,657403.3,899400.0,6,3,1,72.46,355769.59,157,26124.25,0.228,No,South South,1
58,Male,Self-employed,51363.19,106800.0,6,3,0,80.42,54501.29,34,1995.74,0.3466,No,North Central,0
46,Female,Unemployed,262056.5,41600.0,2,0,0,96.55,259784.65,50,0.5,0.0794,No,North East,0
34,Female,Trader,228458.16,296100.0,9,3,0,93.77,381858.7,26,8261.48,0.144,Yes,South West,0
54,Female,Salaried,273381.99,197000.0,6,2,2,87.86,210898.67,92,0.22,0.1201,Yes,South West,0
58,Female,Casual,113580.99,20000.0,12,2,0,100.0,11206.03,62,0.14,0.02,No,North West,0
35,Male,Trader,384881.28,311300.0,9,4,0,87.84,51119.58,175,11558.36,0.0899,No,North Central,0
44,Male,Self-employed,167799.43,205900.0,2,3,0,100.0,52172.97,167,9471.36,0.6135,Yes,North Central,0
18,Male,Salaried,83255.75,127500.0,6,4,1,84.9,38667.57,12,2.0,0.2552,No,South East,0
32,Male,Salaried,88352.11,20000.0,9,0,0,98.99,102098.33,84,1.0,0.0252,Yes,North East,0
46,Female,Trader,195198.14,147700.0,12,1,1,71.14,228044.07,24,4853.57,0.0631,Yes,North Central,0
27,Male,Self-employed,63765.86,208100.0,6,1,1,82.44,91888.56,157,3570.07,0.5439,No,South South,1
65,Female,Casual,580149.45,1033100.0,9,3,0,98.55,33616.48,48,0.36,0.1979,No,South South,0
64,Female,Salaried,355937.69,237000.0,2,4,0,99.11,416214.89,13,0.0,0.3329,No,North Central,0
30,Female,Trader,590167.07,660900.0,12,1,1,65.67,576200.22,48,32315.04,0.0933,No,South West,1
37,Male,Salaried,551081.17,638900.0,6,3,2,77.61,260906.37,20,1.38,0.1932,No,South South,1
27,Male,Trader,143196.48,229200.0,9,2,0,88.09,148639.1,107,4946.35,0.1778,Yes,South West,0
42,Female,Salaried,102298.26,103300.0,6,1,0,95.64,29845.64,5,0.0,0.1683,No,North East,0
23,Male,Self-employed,35000.0,148300.0,12,5,1,65.38,2936.5,46,1430.99,0.3531,No,South West,1
36,Female,Salaried,138228.02,161900.0,9,3,0,100.0,114889.17,80,1.29,0.1301,Yes,North West,0
44,Female,Trader,567154.19,329200.0,2,5,1,87.61,625021.8,175,33670.27,0.2902,Yes,South West,0
47,Female,Self-employed,105093.87,53100.0,6,2,0,88.22,100826.7,147,6406.44,0.0842,No,South South,0
46,Male,Trader,157041.2,29700.0,3,4,1,83.52,212452.86,83,5690.35,0.063,No,South West,0
28,Female,Salaried,125522.65,41800.0,12,1,0,93.74,55070.13,91,1.16,0.0278,No,South West,0
56,Female,Self-employed,229683.83,168700.0,12,1,0,98.23,141139.73,111,8157.67,0.0612,No,North East,0
51,Female,Trader,415262.93,629900.0,6,7,1,68.11,424085.03,107,23621.91,0.2528,No,South South,0
54,Male,Salaried,66186.07,140600.0,3,3,0,85.51,45653.32,11,1.9,0.7081,Yes,South West,0
40,Male,Salaried,74956.09,65100.0,12,2,0,88.88,99751.24,57,1.39,0.0724,No,South East,0
60,Female,Self-employed,473077.81,425200.0,12,0,0,93.64,33329.3,114,23600.36,0.0749,Yes,South West,1
36,Male,Trader,289875.15,533700.0,6,2,0,100.0,382785.28,144,13434.61,0.3069,No,South West,0
56,Female,Unemployed,152072.82,144700.0,9,2,0,95.21,211693.5,60,0.0,0.1057,Yes,South South,0
27,Female,Salaried,545968.15,729800.0,3,0,0,100.0,658582.32,53,0.56,0.4456,No,South East,0
29,Male,Trader,74120.2,20000.0,6,2,1,73.88,70924.57,170,1961.85,0.045,No,South West,1
43,Male,Trader,329720.6,20000.0,12,1,0,89.99,149450.13,110,7759.43,0.02,No,South East,0
44,Female,Trader,172190.61,166700.0,9,0,0,89.27,50105.46,148,7395.6,0.1076,No,South South,0
53,Male,Self-employed,266989.77,486500.0,1,3,1,74.72,406396.16,136,8772.87,1.8222,Yes,North West,1
32,Female,Unemployed,38141.69,68400.0,6,2,0,98.67,64820.24,16,0.0,0.2989,Yes,South East,0
59,Male,Self-employed,151942.12,55600.0,6,3,2,75.2,48940.79,120,7427.97,0.061,No,South South,1
33,Male,Casual,290578.78,300400.0,3,2,2,65.64,197762.77,28,0.8,0.3446,No,South East,1
43,Male,Salaried,172740.8,358900.0,12,2,0,98.07,73854.58,43,0.31,0.1731,No,North East,0
62,Female,Casual,407035.5,690700.0,2,2,1,80.49,158036.66,23,0.35,0.8485,Yes,South West,1
43,Male,Unemployed,398269.98,403200.0,3,0,0,88.58,481956.46,69,0.0,0.3375,No,North West,0
50,Male,Casual,96533.54,62500.0,12,1,0,91.65,153884.64,83,0.65,0.054,Yes,South West,0
61,Female,Self-employed,307523.67,499800.0,2,3,1,90.05,217507.15,67,12697.07,0.8126,No,South South,0
64,Female,Casual,94417.47,20000.0,6,1,1,89.68,135705.84,62,0.0,0.0353,No,North West,0
41,Male,Salaried,186432.06,137300.0,9,6,1,95.59,278308.34,95,3.1,0.0818,Yes,South South,0
38,Female,Trader,275734.99,119100.0,6,3,0,84.88,326817.67,157,15144.87,0.072,Yes,North East,0
27,Male,Self-employed,104587.39,82800.0,6,1,1,82.63,139672.56,123,5887.17,0.1319,No,North West,0
43,Female,Trader,300202.99,245200.0,6,1,0,91.39,59408.34,105,18254.41,0.1361,No,North West,0
62,Male,Self-employed,129602.96,143700.0,12,1,0,91.81,175654.99,117,8150.32,0.0924,No,South South,0
41,Female,Salaried,123408.93,39700.0,12,1,0,83.22,36655.32,5,0.0,0.0268,No,North West,0
34,Male,Salaried,284940.39,256800.0,2,2,0,100.0,354804.31,58,0.0,0.4506,No,North East,0
23,Male,Salaried,104540.49,112500.0,6,4,0,82.64,170102.92,36,1.13,0.1794,No,South South,0
36,Female,Self-employed,101140.82,157500.0,9,2,0,100.0,52549.63,150,5617.18,0.173,No,North West,0
29,Male,Casual,354145.65,423700.0,3,6,1,77.08,298244.11,33,0.37,0.3988,Yes,North West,0
64,Male,Trader,193160.03,260700.0,3,1,0,87.62,159910.26,40,9549.52,0.4499,No,South South,0
43,Female,Casual,69949.89,92200.0,6,2,1,78.23,25379.05,89,0.56,0.2197,No,North Central,0
24,Female,Casual,313915.47,315200.0,6,2,0,94.35,25463.57,89,0.0,0.1673,No,North West,0
21,Male,Self-employed,138195.04,89400.0,12,2,1,74.78,180876.03,5,4505.24,0.0539,No,South South,1
58,Male,Self-employed,72312.58,116400.0,2,1,0,94.03,109923.82,47,2044.06,0.8048,No,South West,1
62,Female,Self-employed,35275.97,26800.0,1,1,0,80.1,17383.13,132,1890.62,0.7597,Yes,North East,0
54,Male,Salaried,323816.22,520900.0,12,0,0,79.55,375460.87,8,0.0,0.1341,Yes,South West,0
23,Female,Trader,102925.98,87000.0,12,4,0,81.25,109091.11,38,3004.74,0.0704,No,South South,0
22,Female,Trader,80194.73,85800.0,6,4,0,99.62,46952.8,58,4917.01,0.1783,No,North East,0
27,Male,Trader,272753.56,407300.0,9,2,0,100.0,136585.12,128,8256.66,0.1659,No,South West,0
54,Female,Trader,303906.9,453700.0,12,3,2,57.03,451581.53,9,7865.59,0.1244,No,North Central,0
54,Female,Salaried,107914.57,62300.0,3,3,0,99.21,76160.35,71,1.08,0.1924,Yes,North West,0
58,Female,Trader,325764.03,541700.0,9,1,0,96.43,552235.8,159,20191.29,0.1848,Yes,South South,0
22,Female,Salaried,684464.82,890400.0,9,2,0,100.0,973718.67,5,0.0,0.1445,Yes,South East,0
25,Female,Casual,431940.56,113700.0,6,0,0,100.0,616250.22,80,0.94,0.0439,No,South South,0
61,Male,Salaried,390389.11,516900.0,12,1,0,85.35,159776.65,24,0.29,0.1103,Yes,North West,0
62,Male,Self-employed,220774.27,20000.0,12,2,0,95.35,162158.45,174,5259.99,0.02,No,South West,0
52,Male,Self-employed,134900.84,84400.0,6,1,0,100.0,33883.83,69,5356.09,0.1043,No,North West,0
23,Male,Salaried,173578.67,87600.0,1,2,0,100.0,116463.05,8,0.19,0.5047,No,South South,0
21,Female,Self-employed,239712.17,187200.0,12,3,0,99.37,406711.61,149,5962.96,0.0651,No,South West,0
20,Female,Salaried,79485.46,186000.0,6,1,0,93.77,86910.2,10,0.0,0.39,No,North West,0
51,Male,Self-employed,109164.79,69300.0,2,1,1,82.31,65909.2,126,4034.36,0.3174,No,North East,0
58,Female,Casual,71159.17,157600.0,9,3,2,54.35,37853.51,19,0.71,0.2461,Yes,North West,1
48,Female,Self-employed,209731.5,189700.0,9,2,0,84.4,84443.83,151,11347.56,0.1005,No,North West,0
30,Male,Self-employed,189984.39,139200.0,2,2,0,100.0,44141.64,42,7118.26,0.3663,No,South West,0
54,Male,Casual,117765.6,201100.0,3,1,1,86.01,38808.3,82,0.88,0.5692,Yes,North Central,0
20,Male,Self-employed,306826.16,181200.0,12,4,1,96.89,200800.0,56,18285.91,0.0492,No,South West,1
57,Female,Casual,91283.19,70400.0,12,2,0,92.92,69116.57,46,0.0,0.0643,No,North East,0
60,Female,Self-employed,114957.7,102900.0,6,3,0,87.16,78248.54,65,5608.63,0.1492,No,South South,0
52,Female,Self-employed,298956.8,343500.0,2,2,1,76.96,90109.22,103,15466.29,0.5745,No,North Central,0
60,Male,Salaried,329207.12,267900.0,6,0,0,100.0,168573.54,38,1.87,0.1356,No,South West,0
46,Female,Salaried,107311.39,201300.0,6,4,1,75.02,84010.27,71,3.35,0.3126,No,South West,1
40,Female,Trader,209303.33,355400.0,3,1,0,92.79,39515.2,72,8147.44,0.566,Yes,North Central,0
33,Female,Casual,108498.04,105800.0,9,1,0,100.0,14407.53,85,0.0,0.1083,Yes,South South,0
62,Male,Salaried,158330.74,149300.0,1,2,0,94.56,215332.26,94,0.0,0.943,No,South West,0
51,Male,Casual,197640.78,196300.0,12,2,0,91.29,75032.38,83,0.08,0.0828,No,South South,0
27,Female,Self-employed,259095.02,211200.0,12,5,2,77.41,142581.66,147,11045.49,0.0679,No,North East,1
63,Female,Self-employed,221267.02,190800.0,12,3,0,90.66,47656.66,41,8421.77,0.0719,No,South East,0
20,Female,Casual,214972.99,180100.0,3,2,0,97.34,76216.18,16,0.0,0.2793,No,South South,0
46,Female,Casual,89293.88,162900.0,9,3,1,60.02,127713.94,93,0.45,0.2027,No,North East,0
27,Male,Self-employed,231675.26,20000.0,6,0,0,81.74,364808.08,93,5335.71,0.02,Yes,South West,0
49,Female,Salaried,257533.38,69900.0,6,4,2,57.71,187994.48,42,0.43,0.0452,No,North Central,1
37,Male,Salaried,281677.92,195200.0,9,3,1,95.11,112935.87,17,0.0,0.077,Yes,South West,0
38,Male,Salaried,112760.8,51300.0,12,2,0,92.85,134951.0,47,0.93,0.0379,Yes,North Central,0
50,Male,Casual,326388.21,145500.0,12,3,1,80.69,126167.56,32,0.0,0.0371,Yes,North East,0
54,Male,Self-employed,76458.96,94600.0,3,4,1,83.8,89739.76,112,2560.22,0.4124,No,South West,0
36,Female,Trader,136036.75,112800.0,9,0,0,91.12,160733.13,10,3331.27,0.0921,No,South South,0
65,Female,Salaried,150485.91,87200.0,3,3,0,82.74,206128.44,21,0.0,0.1932,Yes,North West,0
41,Female,Self-employed,79232.85,20000.0,9,3,1,81.63,37211.88,56,3077.57,0.028,No,South East,0
25,Male,Self-employed,149007.21,311400.0,6,2,1,80.32,86286.67,28,9255.51,0.3483,No,North Central,0
18,Female,Self-employed,207871.36,227200.0,12,4,2,78.24,96779.47,144,9647.97,0.0911,No,South East,1
27,Female,Self-employed,54937.98,37300.0,12,3,0,86.2,60696.15,18,3216.07,0.0566,Yes,South East,1
51,Female,Unemployed,139269.29,152500.0,3,1,1,93.74,231248.2,77,1.05,0.365,No,North West,1
43,Female,Casual,57771.54,20000.0,12,1,0,90.99,42919.87,90,1.12,0.0288,No,South East,1
34,Male,Trader,678549.25,225600.0,9,2,0,100.0,410863.51,1,41108.27,0.0369,No,South East,0
41,Male,Salaried,206660.25,58400.0,6,2,2,54.51,208129.36,93,0.0,0.0471,Yes,South West,1
58,Male,Casual,195340.83,193800.0,6,0,0,91.02,123725.36,64,0.0,0.1654,No,North Central,1
45,Male,Casual,209307.52,232100.0,3,2,0,100.0,49088.52,21,0.68,0.3696,No,South East,0
20,Female,Casual,266638.89,455800.0,3,5,2,75.76,231128.22,9,2.34,0.5698,No,North West,1
20,Female,Self-employed,339936.05,97200.0,1,1,0,76.81,345691.33,40,18761.9,0.2859,No,South South,0
41,Female,Salaried,65147.04,131000.0,9,5,1,78.76,49739.09,8,0.0,0.2234,No,South West,0
37,Male,Trader,421817.3,649800.0,3,3,1,78.83,553333.04,131,19959.41,0.5135,No,North West,1
58,Male,Self-employed,404537.04,687800.0,6,2,1,91.63,472637.81,173,22362.78,0.2834,No,South West,0
45,Female,Self-employed,172402.45,103000.0,12,0,0,91.99,139347.36,1,6635.46,0.0498,No,South South,0
54,Male,Self-employed,166631.24,194700.0,9,0,0,100.0,269353.44,127,3852.72,0.1298,No,North East,0
46,Female,Self-employed,35000.0,20000.0,2,2,1,79.99,35645.93,46,1696.23,0.2857,Yes,North Central,0
34,Female,Self-employed,80187.1,27500.0,9,0,0,91.12,51641.63,32,2108.92,0.0381,No,South East,0
49,Male,Trader,252196.58,389300.0,3,3,0,99.51,168664.58,41,8038.81,0.5145,No,North Central,0
47,Male,Trader,392822.64,513000.0,9,4,1,90.9,33781.61,15,17332.07,0.1451,No,North West,0
52,Male,Self-employed,289079.24,279100.0,1,0,0,91.99,334791.12,47,16303.71,0.9655,No,South West,0
27,Male,Salaried,171355.79,221500.0,2,3,1,73.23,219227.55,80,0.02,0.6463,Yes,South West,1
48,Female,Unemployed,629404.48,998300.0,12,2,0,82.68,263078.81,4,0.0,0.1322,No,South East,1
31,Male,Self-employed,345959.24,56500.0,3,2,0,96.92,455888.2,53,13818.31,0.0544,No,South West,0
55,Male,Self-employed,139347.34,70100.0,2,4,1,79.16,162751.08,64,3789.37,0.2515,No,South West,0
56,Female,Self-employed,743470.27,196800.0,3,4,1,83.22,104061.52,115,23946.82,0.0882,Yes,North West,0
47,Female,Self-employed,88274.22,148600.0,6,2,0,96.05,43111.48,139,3040.85,0.2806,Yes,South South,0
63,Male,Trader,69148.8,20000.0,12,3,1,87.16,117547.18,92,3850.17,0.0241,Yes,South East,0
43,Female,Salaried,136898.3,154500.0,2,3,0,92.85,8642.11,76,0.0,0.5643,No,South West,0
19,Female,Casual,109929.66,109000.0,1,0,0,85.07,172415.72,77,0.0,0.9915,No,North Central,1
47,Male,Salaried,141989.24,129500.0,12,1,1,86.33,198579.92,0,0.0,0.076,No,South South,0
55,Male,Unemployed,302389.46,303400.0,3,4,0,99.87,378126.85,65,0.36,0.3344,No,South East,0
22,Male,Trader,176067.97,188100.0,1,3,1,99.9,170497.13,129,7681.13,1.0683,No,North Central,1
23,Male,Salaried,179031.89,20000.0,1,1,0,89.84,83937.83,14,0.0,0.1117,No,South West,0
31,Female,Self-employed,187014.56,178100.0,12,1,0,86.67,59821.8,61,11860.97,0.0794,No,South West,1
58,Male,Self-employed,40042.66,132900.0,6,3,0,85.83,5780.67,86,2361.6,0.5532,No,North Central,0
43,Female,Unemployed,67224.48,54800.0,9,2,0,93.65,65645.92,96,1.04,0.0906,Yes,North East,0
64,Male,Trader,140120.75,280400.0,9,0,0,99.62,210554.63,127,6071.6,0.2223,No,North East,0
59,Female,Self-employed,104068.89,30300.0,6,2,0,100.0,31384.19,109,4304.19,0.0485,No,South South,0
44,Male,Self-employed,154824.93,275400.0,9,3,1,90.51,69012.59,10,5364.05,0.1976,No,South South,0
50,Male,Unemployed,448379.65,658600.0,12,3,0,96.7,132651.5,85,1.03,0.1224,Yes,South East,0
33,Male,Trader,171496.81,202700.0,9,1,0,85.6,184840.93,112,4302.26,0.1313,No,South West,0
22,Female,Self-employed,76214.18,20000.0,12,6,0,95.68,99700.32,68,1796.01,0.0219,Yes,North West,0
37,Female,Self-employed,107494.75,153700.0,1,2,0,79.31,154536.34,1,2602.17,1.4298,No,North West,0
46,Female,Self-employed,547209.21,785800.0,6,1,0,91.58,241038.47,48,14858.59,0.2393,No,South West,0
26,Female,Trader,487396.49,295600.0,6,2,0,91.03,587813.9,1,16432.03,0.1011,No,North East,0
28,Male,Trader,265145.09,215400.0,3,0,0,97.22,210243.78,119,13106.56,0.2708,No,South West,0
18,Female,Casual,65192.4,79000.0,2,4,0,97.08,109696.71,50,0.0,0.6059,No,South South,0
53,Male,Self-employed,219725.72,206900.0,2,5,1,75.09,265788.79,72,12238.79,0.4708,No,South West,0
61,Female,Trader,230986.66,148200.0,3,1,0,89.03,50670.48,119,8221.31,0.2139,No,North West,0
57,Female,Self-employed,183013.15,99000.0,12,1,0,94.45,101040.1,105,4222.95,0.0451,Yes,North East,0
36,Male,Trader,124269.14,175400.0,1,2,1,87.9,145097.01,142,2927.24,1.4115,No,North West,0
46,Female,Self-employed,142201.73,115200.0,6,2,0,99.15,170951.12,75,8026.08,0.135,Yes,North West,0
64,Female,Casual,118764.45,57100.0,1,2,0,90.6,82774.11,54,0.42,0.4808,Yes,South West,0
46,Female,Self-employed,85512.18,168600.0,6,1,0,93.66,46257.49,143,5333.13,0.3286,Yes,North West,0
32,Female,Trader,437400.37,468400.0,3,4,0,86.71,206445.43,49,27951.11,0.357,Yes,North West,0
34,Male,Casual,319405.3,195800.0,2,5,2,63.18,186309.3,61,0.0,0.3065,No,North Central,1
52,Female,Trader,149568.24,122000.0,6,0,0,80.47,29025.91,125,5512.02,0.1359,No,North West,0
39,Female,Self-employed,226302.53,214700.0,3,3,0,89.57,147459.67,170,9538.57,0.3162,Yes,South West,0
58,Male,Trader,231889.84,81500.0,6,2,1,94.62,73911.61,20,13443.23,0.0586,No,South East,0
59,Female,Salaried,825369.5,313500.0,9,1,0,100.0,341397.95,10,0.0,0.0422,No,South West,0
19,Male,Salaried,317388.47,563700.0,12,3,0,97.97,136723.91,4,0.08,0.148,Yes,South East,0
52,Female,Casual,309685.45,504500.0,9,2,0,100.0,103500.13,21,1.1,0.181,No,South South,0
35,Male,Casual,184499.09,134100.0,6,0,0,99.67,162234.24,87,0.94,0.1211,No,South South,0
42,Female,Salaried,135718.28,131200.0,6,2,0,95.21,155241.51,96,0.0,0.1611,No,South South,1
30,Female,Unemployed,442180.65,491200.0,6,3,0,76.95,656888.29,18,0.25,0.1851,No,South West,0
35,Male,Self-employed,275044.73,370800.0,6,1,0,100.0,251420.18,17,17024.8,0.2247,No,South South,1
33,Male,Casual,104978.4,141300.0,6,0,0,92.55,14362.52,66,0.0,0.2243,No,North West,0
20,Male,Casual,241765.95,394200.0,6,3,0,92.51,143328.06,80,0.47,0.2718,Yes,North West,0
55,Male,Casual,310212.58,248000.0,12,3,0,100.0,286966.9,38,1.21,0.0666,No,South East,1
24,Female,Casual,46093.26,20000.0,6,1,0,95.12,56820.59,59,0.0,0.0723,Yes,South West,0
36,Male,Unemployed,98830.42,111900.0,2,2,1,100.0,42061.75,83,0.37,0.5661,No,South West,1
27,Male,Trader,227865.15,108500.0,9,3,1,79.61,295577.74,103,9140.9,0.0529,Yes,South East,0
25,Female,Salaried,51524.48,20000.0,12,1,0,100.0,65055.6,85,0.0,0.0323,No,North East,0
35,Female,Self-employed,57109.56,20000.0,12,0,0,92.28,73405.36,166,3650.64,0.0292,No,North Central,0
62,Female,Trader,150981.41,206900.0,3,1,0,94.7,173290.11,39,5267.88,0.4568,No,North West,0
63,Male,Salaried,247760.02,270800.0,9,5,0,87.83,107356.5,79,0.0,0.1214,No,North Central,0
36,Female,Unemployed,255319.64,84500.0,12,0,0,89.59,259767.92,13,0.0,0.0276,No,South West,0
42,Female,Salaried,503466.19,674000.0,2,1,0,100.0,254681.78,59,0.0,0.6694,No,South West,0
65,Male,Casual,189886.85,203700.0,6,2,1,87.42,296560.31,27,0.0,0.1788,Yes,North Central,1
29,Male,Self-employed,141278.41,112400.0,3,3,0,96.96,19210.74,121,8952.5,0.2652,No,South East,0
63,Female,Casual,76951.33,185500.0,12,1,0,82.57,89800.28,93,0.0,0.2009,No,South West,0
23,Male,Unemployed,140183.03,148200.0,3,4,0,82.77,208481.64,93,0.0,0.3524,Yes,South West,0
28,Female,Self-employed,285103.11,365800.0,9,0,0,87.54,171805.19,31,13384.06,0.1426,No,North West,0
34,Male,Trader,293602.34,143200.0,2,2,0,91.23,137496.73,4,15892.27,0.2439,Yes,North Central,0
19,Female,Salaried,213782.51,172600.0,1,0,0,93.28,50114.81,10,0.23,0.8074,No,North East,0
57,Female,Casual,256872.94,481300.0,2,1,0,96.21,232474.34,70,1.66,0.9368,Yes,South East,0
59,Male,Casual,412652.64,209200.0,3,2,0,100.0,149217.89,10,1.71,0.169,Yes,South East,1
36,Female,Self-employed,189025.81,226500.0,12,2,0,100.0,193187.49,97,11202.46,0.0999,No,North Central,0
58,Male,Salaried,437778.95,423600.0,2,2,0,95.36,435385.06,91,0.0,0.4838,No,North Central,0
55,Female,Self-employed,112239.66,145600.0,1,1,0,88.08,29626.01,60,7336.02,1.2972,Yes,North East,0
56,Male,Salaried,171626.0,65500.0,12,2,1,90.49,204473.88,5,0.26,0.0318,Yes,South South,0
56,Male,Casual,131685.34,190300.0,6,1,0,95.29,205907.4,61,1.41,0.2409,No,South West,0
45,Male,Salaried,301332.77,248400.0,6,6,0,97.27,478002.13,75,0.0,0.1374,No,South West,0
23,Male,Unemployed,93087.69,229400.0,1,2,0,100.0,27534.55,36,0.0,2.0,No,North Central,0
62,Male,Unemployed,146029.59,20000.0,12,6,1,77.49,205652.72,78,0.0,0.02,No,South South,0
47,Female,Casual,53740.51,114700.0,6,2,1,91.93,68986.06,76,1.47,0.3557,Yes,North West,0
61,Female,Trader,264886.47,282600.0,1,1,1,75.94,433406.45,43,14951.15,1.0669,No,North Central,1
64,Male,Salaried,404790.86,73300.0,9,2,0,99.1,184796.84,43,0.0,0.0201,No,North Central,0
26,Male,Casual,325355.04,320000.0,6,3,0,89.44,325593.54,31,0.84,0.1639,No,North Central,0
37,Male,Trader,305260.28,198200.0,6,2,0,95.57,285198.27,113,16846.69,0.1082,No,South West,0
27,Male,Unemployed,310619.01,567900.0,6,2,0,96.3,440166.05,80,0.28,0.3047,No,North Central,0
20,Female,Self-employed,283654.75,432200.0,6,2,0,91.54,49612.38,115,13833.5,0.2539,No,South West,0
64,Male,Salaried,268355.88,327200.0,9,1,0,89.51,244771.08,38,0.0,0.1355,No,South West,0
62,Male,Unemployed,279849.12,313000.0,2,1,0,88.05,221964.45,73,0.0,0.5592,Yes,North West,0
62,Male,Casual,117538.21,50400.0,9,2,0,96.01,196730.56,88,0.0,0.0476,Yes,South West,0
60,Male,Salaried,158037.3,121000.0,1,2,1,85.49,222003.96,33,0.0,0.7656,Yes,North West,0
49,Male,Trader,188408.97,119100.0,9,1,0,100.0,306471.41,19,9963.69,0.0702,No,South East,0
43,Male,Salaried,144712.43,219900.0,3,1,0,92.21,173241.38,17,0.05,0.5065,Yes,South South,0
65,Female,Self-employed,65030.45,233000.0,6,3,0,83.25,28879.81,102,2533.65,0.5972,No,South South,1
44,Male,Self-employed,80656.63,20000.0,6,3,0,97.31,92299.53,143,3206.62,0.0413,No,South West,0
48,Female,Self-employed,209022.38,57400.0,9,1,0,81.82,298305.6,88,8715.6,0.0305,No,North Central,0
28,Female,Salaried,324313.68,40300.0,12,4,2,89.0,174099.16,38,1.34,0.02,No,South East,0
53,Female,Salaried,181096.33,278400.0,6,3,0,99.31,183327.79,71,0.1,0.2562,No,North East,0
57,Female,Self-employed,1085820.35,305800.0,12,2,1,73.65,236382.15,177,32234.63,0.0235,No,North East,0
50,Female,Salaried,98999.15,65700.0,12,4,0,82.9,28873.54,85,1.02,0.0553,No,South West,0
41,Male,Self-employed,240367.56,105200.0,12,4,1,77.52,169979.41,173,11803.0,0.0365,Yes,South West,0
27,Male,Self-employed,416646.67,181000.0,3,0,0,97.72,377586.51,42,24128.8,0.1448,Yes,South South,0
19,Male,Trader,359835.5,436200.0,1,2,0,88.62,272368.95,42,15439.46,1.2122,Yes,South East,0
48,Female,Trader,275544.82,578900.0,9,5,1,89.08,30666.72,122,10349.48,0.2334,No,South South,0
50,Female,Salaried,360907.59,244200.0,3,0,0,100.0,498345.19,45,0.0,0.2255,No,South West,0
55,Male,Salaried,186599.23,167900.0,9,2,0,90.0,100549.62,38,2.05,0.1,No,South West,0
63,Male,Casual,530505.32,328800.0,1,3,0,100.0,826103.8,91,0.0,0.6198,Yes,South East,0
41,Male,Casual,414474.01,556600.0,9,1,0,100.0,183144.71,38,0.0,0.1492,No,South West,0
57,Male,Unemployed,103441.78,99000.0,1,1,0,97.96,118574.46,3,0.88,0.9571,No,South East,0
52,Male,Unemployed,221844.35,307700.0,12,1,0,97.82,178380.27,19,0.0,0.1156,No,South East,0
31,Male,Trader,65839.11,107300.0,9,2,1,81.67,5521.11,48,1913.43,0.1811,No,South East,0
58,Male,Casual,484016.83,769800.0,2,3,1,96.4,510851.73,57,0.82,0.7952,No,South East,1
20,Male,Self-employed,208243.34,110100.0,6,2,0,87.13,21298.16,170,7494.09,0.0881,Yes,South West,0
46,Male,Casual,432533.25,146000.0,6,3,0,90.9,60063.21,93,0.18,0.0563,No,South West,1
63,Female,Unemployed,167649.33,94900.0,12,0,0,100.0,191347.44,1,0.0,0.0472,Yes,South West,0
49,Female,Casual,53859.72,65200.0,6,1,0,91.37,46883.87,79,0.12,0.2018,No,North Central,0
62,Female,Self-employed,999490.6,344400.0,6,4,1,79.11,1505006.43,147,30349.9,0.0574,No,South East,1
20,Male,Self-employed,196009.75,252900.0,3,4,1,66.81,156310.93,75,5044.87,0.4301,No,South East,0
43,Male,Self-employed,93955.5,230900.0,9,3,0,90.72,157716.86,11,3820.91,0.2731,No,North West,0
55,Female,Self-employed,379062.97,738100.0,1,3,0,100.0,31869.48,170,17942.72,1.9472,No,South West,0
48,Male,Casual,676048.0,1315100.0,12,1,0,91.48,1062240.45,6,0.0,0.1621,Yes,South South,0
60,Female,Trader,157806.88,196400.0,6,2,0,100.0,65046.02,67,3461.26,0.2074,No,North Central,0
40,Female,Salaried,168755.22,310400.0,12,0,0,90.51,61183.18,20,0.56,0.1533,No,South West,0
50,Male,Trader,210121.7,281600.0,12,0,0,86.54,178901.83,157,11354.23,0.1117,No,South West,0
38,Female,Self-employed,87428.9,46200.0,3,3,0,88.54,98450.87,159,4906.04,0.1761,Yes,South South,0
59,Female,Self-employed,114895.5,206800.0,3,4,1,83.49,124118.88,59,2605.25,0.6,No,South South,0
23,Female,Self-employed,573185.08,1085100.0,3,1,1,68.67,362999.02,40,31434.7,0.631,No,South West,0
30,Female,Self-employed,165177.83,292000.0,3,2,1,96.97,175829.66,91,7580.03,0.5893,No,South West,0
22,Male,Trader,104432.91,82200.0,1,0,0,97.34,82938.73,24,3685.07,0.7871,No,North Central,0
51,Male,Trader,134172.95,107100.0,12,4,0,91.38,52807.73,28,6712.25,0.0665,Yes,South South,0
29,Male,Trader,361510.92,502200.0,6,3,2,63.66,40058.22,83,12556.84,0.2315,No,South West,1
33,Male,Self-employed,49830.33,20000.0,6,4,0,90.35,56204.79,74,2024.5,0.0669,No,North Central,0
58,Female,Trader,212401.7,373100.0,6,2,0,100.0,220822.75,169,9073.05,0.2928,Yes,North West,0
35,Male,Salaried,891940.15,1076000.0,2,3,1,70.79,785896.81,5,1.03,0.6032,No,South West,0
24,Female,Self-employed,673944.36,858500.0,6,1,0,93.61,536172.46,171,24040.01,0.2123,No,South West,0
19,Female,Trader,261265.9,170800.0,3,2,0,100.0,230416.29,139,15822.95,0.2179,Yes,North East,0
28,Male,Trader,423538.55,531100.0,12,2,1,65.85,100023.76,168,16601.17,0.1045,Yes,North Central,0
61,Female,Casual,420899.44,271300.0,9,1,0,89.6,494310.7,82,1.25,0.0716,Yes,South West,0
44,Female,Self-employed,165861.49,61700.0,2,2,0,83.41,243718.86,92,7223.56,0.186,No,South East,0
65,Female,Casual,328347.61,108300.0,9,3,0,84.98,78417.1,68,1.69,0.0366,Yes,North West,0
28,Male,Self-employed,575670.71,702200.0,6,4,3,53.18,760550.59,169,26552.2,0.2033,No,South West,0
34,Female,Self-employed,79163.19,20000.0,1,2,0,98.54,58657.93,178,4618.42,0.2526,Yes,South West,0
25,Female,Casual,261852.12,140300.0,1,3,0,91.13,353657.71,10,0.0,0.5358,No,South South,0
37,Male,Trader,227674.25,355300.0,2,0,0,83.5,200816.55,128,4973.5,0.7803,No,South West,0
45,Female,Casual,192484.14,91300.0,12,4,0,87.94,79975.54,82,1.51,0.0395,No,North West,1
56,Male,Casual,181720.27,208400.0,12,5,1,88.0,132297.74,59,0.0,0.0956,Yes,North West,0
35,Female,Salaried,209252.64,122400.0,6,0,0,93.75,52619.35,43,0.0,0.0975,Yes,South West,0
55,Male,Unemployed,220981.45,233500.0,1,2,0,85.74,17339.1,69,0.0,1.0566,No,North East,0
48,Male,Unemployed,372432.86,559600.0,3,2,1,77.08,37409.35,77,0.0,0.5009,Yes,North East,1
32,Male,Self-employed,245351.38,237500.0,6,3,1,89.91,400951.34,20,15121.79,0.1613,Yes,South West,0
61,Male,Salaried,160346.49,281100.0,3,1,1,81.39,269931.9,92,0.93,0.5844,Yes,South South,1
38,Female,Self-employed,104272.52,103900.0,6,1,0,86.68,12006.19,128,6750.38,0.1661,No,North Central,0
25,Male,Casual,132405.5,284100.0,1,1,0,95.79,48087.08,34,0.0,2.0,No,South South,0
64,Male,Unemployed,213303.24,245200.0,1,1,1,74.81,182212.52,46,1.37,1.1495,No,South South,1
61,Male,Casual,113750.89,291700.0,6,1,0,89.48,126730.85,20,1.51,0.4274,Yes,North Central,0
20,Male,Self-employed,332878.3,175100.0,3,6,1,79.34,111326.14,145,17829.62,0.1753,No,North West,0
61,Male,Salaried,238052.85,335200.0,9,4,1,75.9,95414.95,23,0.19,0.1565,No,South South,0
63,Male,Self-employed,378512.72,210300.0,9,1,0,90.92,339989.9,123,13141.73,0.0617,Yes,North Central,0
57,Female,Self-employed,118833.62,112800.0,9,3,0,100.0,15646.3,156,3327.6,0.1055,Yes,North Central,0
30,Male,Salaried,104874.34,67500.0,12,2,1,96.67,97573.72,11,0.47,0.0536,Yes,South West,1
48,Male,Salaried,376679.26,214900.0,9,2,0,82.01,567664.06,23,1.49,0.0634,No,South West,0
43,Male,Salaried,195865.25,239000.0,9,2,1,70.2,328766.05,40,0.0,0.1356,No,North East,0
47,Female,Salaried,157798.79,136900.0,9,1,0,100.0,148726.25,32,0.23,0.0964,No,South West,0
47,Male,Trader,283464.3,389400.0,12,2,0,85.21,187361.12,92,13414.11,0.1145,No,South West,0
48,Male,Self-employed,276690.31,335800.0,6,4,0,93.11,364825.64,105,6052.46,0.2023,Yes,South West,0
42,Male,Self-employed,79575.83,71800.0,6,3,1,98.0,122399.85,107,2871.62,0.1504,No,South West,0
51,Female,Trader,442737.12,579500.0,6,2,0,88.9,375103.06,14,16049.94,0.2182,No,South East,0
43,Female,Unemployed,137853.61,255100.0,6,2,0,92.24,199166.79,72,0.0,0.3084,No,South West,0
18,Female,Trader,543466.78,679100.0,6,3,0,84.99,410072.45,43,27601.96,0.2083,No,South West,0
19,Female,Trader,75652.48,20000.0,12,2,2,67.12,59967.17,83,2497.66,0.022,No,North West,1
63,Male,Trader,221243.99,245700.0,6,3,0,81.48,221963.64,20,8659.76,0.1851,Yes,South West,0
61,Female,Trader,159541.34,311600.0,6,6,1,74.98,121785.61,144,10415.43,0.3255,No,South West,0
46,Male,Trader,49851.79,109900.0,6,2,1,73.28,23158.11,105,1853.81,0.3674,No,South West,0
26,Female,Self-employed,276107.98,400400.0,12,6,1,75.4,412078.56,155,12005.22,0.1208,Yes,South South,1
55,Female,Self-employed,51542.04,225400.0,12,2,0,100.0,83739.99,45,2260.78,0.3644,No,South West,1
24,Male,Self-employed,148914.66,100200.0,9,5,0,96.7,141307.59,140,4435.28,0.0748,Yes,North Central,0
36,Female,Self-employed,368977.59,258100.0,1,5,0,95.67,498760.49,111,15892.98,0.6995,No,South South,0
33,Female,Salaried,127540.44,84700.0,12,4,0,96.07,54226.06,82,0.28,0.0553,No,North East,0
18,Female,Self-employed,100035.95,117800.0,12,2,0,93.84,119507.15,120,2592.71,0.0981,Yes,North East,0
56,Male,Self-employed,302835.14,151900.0,12,1,0,100.0,169145.93,23,17229.56,0.0418,No,North West,0
42,Male,Self-employed,153050.83,186600.0,9,2,0,99.42,51130.69,86,8074.8,0.1355,Yes,North Central,0
33,Female,Self-employed,138333.58,80100.0,1,2,0,84.89,118150.44,45,4579.97,0.579,No,South South,0
42,Male,Salaried,412279.68,78600.0,12,3,0,100.0,41481.85,49,1.26,0.02,No,South East,0
18,Female,Self-employed,84286.83,106800.0,1,5,1,82.22,44747.26,7,5447.85,1.2671,Yes,South East,1
38,Male,Self-employed,133514.77,102400.0,2,4,1,82.59,56041.98,6,8237.32,0.3835,Yes,South West,1
42,Female,Trader,316128.07,57400.0,9,2,1,62.94,274816.47,41,11747.56,0.0202,Yes,North West,0
34,Male,Self-employed,80817.3,68500.0,6,2,0,94.01,70194.46,87,4014.83,0.1413,No,South West,0
57,Male,Salaried,570739.28,1057500.0,9,1,0,93.03,669926.21,0,0.0,0.2059,Yes,South South,0
29,Female,Salaried,156335.76,41700.0,9,1,0,89.15,39175.91,22,0.61,0.0296,No,North West,0
24,Female,Self-employed,317792.82,235400.0,1,3,1,87.68,247224.16,103,14297.16,0.7407,No,North West,1
43,Female,Salaried,317360.93,108200.0,9,2,0,82.55,39323.1,55,0.1,0.0379,No,North Central,0
60,Female,Self-employed,163035.78,124200.0,12,2,0,100.0,223586.04,119,4073.65,0.0635,No,South South,0
36,Female,Self-employed,131841.31,108000.0,12,1,0,86.18,200824.19,104,6987.42,0.0683,No,South South,0
20,Female,Unemployed,175042.69,249000.0,2,3,0,97.29,294876.93,90,0.0,0.7113,No,South South,0
64,Male,Trader,286060.01,227000.0,6,0,0,95.5,259432.69,84,9852.45,0.1323,Yes,North Central,0
39,Female,Salaried,94801.07,202900.0,2,1,1,89.12,137523.1,31,0.49,1.0701,Yes,South South,0
26,Male,Self-employed,82338.5,113500.0,9,3,1,94.7,66492.93,97,3937.02,0.1532,Yes,South East,1
47,Female,Casual,472335.07,521000.0,9,2,0,90.95,181834.19,12,0.67,0.1226,No,South West,0
33,Male,Salaried,111642.42,124300.0,6,5,0,95.23,160130.37,29,1.74,0.1856,Yes,South South,0
63,Female,Unemployed,226583.01,246700.0,3,2,0,91.01,28724.18,41,0.3,0.3629,No,North Central,0
32,Male,Self-employed,157830.89,20000.0,12,2,1,75.55,162597.51,114,9410.16,0.02,No,North East,1
44,Female,Salaried,162445.77,307900.0,12,2,0,94.24,259104.81,5,1.36,0.158,No,South West,0
44,Female,Salaried,456099.13,207000.0,6,1,0,93.81,226963.95,24,0.0,0.0756,Yes,North Central,0
29,Male,Casual,170306.01,20000.0,2,2,0,94.08,79443.58,32,0.0,0.0587,No,South South,0
41,Male,Unemployed,142739.3,127800.0,6,0,0,91.35,31829.78,39,0.08,0.1492,No,South South,1
23,Male,Casual,151054.65,126500.0,12,4,2,76.46,132980.1,55,0.0,0.0698,Yes,South South,0
48,Female,Self-employed,129762.89,59200.0,6,2,0,99.47,142892.66,172,5773.08,0.076,Yes,North West,0
54,Female,Trader,116442.54,147500.0,9,2,0,85.56,103888.85,106,3550.37,0.1407,No,South South,1
63,Male,Salaried,130101.69,340200.0,3,4,0,98.32,79097.55,25,1.06,0.8716,No,North Central,1
33,Male,Self-employed,530618.56,331900.0,6,3,1,95.72,402559.03,83,18889.96,0.1042,Yes,South South,0
31,Male,Trader,285837.82,631000.0,2,1,0,85.07,407524.39,83,17635.17,1.1038,No,North West,0
44,Female,Unemployed,143822.38,127900.0,6,5,1,86.81,231183.5,58,0.0,0.1482,Yes,North East,0
51,Female,Self-employed,340710.46,615300.0,2,1,0,97.18,200137.2,156,13330.06,0.903,No,North Central,0
65,Male,Self-employed,64153.64,87800.0,6,1,0,99.48,70637.87,1,1471.06,0.2281,Yes,South South,0
19,Male,Salaried,440164.17,412400.0,6,1,1,83.05,620955.08,3,0.12,0.1562,No,South East,0
29,Female,Self-employed,417718.64,543100.0,12,2,0,100.0,457899.65,144,26472.82,0.1083,No,South West,0
30,Male,Salaried,770141.27,799100.0,6,0,0,94.95,1167823.94,0,0.33,0.1729,Yes,South East,0
30,Male,Casual,347395.98,278300.0,3,2,1,76.03,397966.43,82,0.0,0.267,No,South South,0
40,Female,Salaried,239166.34,100700.0,1,2,0,91.49,109420.83,37,0.0,0.421,No,North East,0
59,Female,Trader,416629.82,828100.0,3,5,0,100.0,435454.51,71,13986.07,0.6625,No,South West,0
19,Male,Salaried,119842.78,258100.0,9,2,0,87.84,116451.19,4,0.0,0.2393,No,North Central,0
57,Female,Self-employed,139203.39,44000.0,9,3,0,97.63,84750.44,19,3124.2,0.0351,Yes,South East,0
47,Male,Self-employed,172638.14,279000.0,9,3,0,99.92,31769.1,104,8361.91,0.1796,Yes,North West,0
47,Male,Self-employed,438223.85,282700.0,12,2,0,98.28,623734.09,119,27478.53,0.0538,Yes,North Central,0
50,Female,Self-employed,103196.6,175100.0,3,5,1,88.02,140071.74,161,4553.64,0.5656,No,North East,0
23,Male,Trader,96314.29,42700.0,6,2,1,76.7,9347.65,80,6067.53,0.0739,No,North West,0
53,Female,Unemployed,209915.82,226900.0,2,1,0,93.29,261750.76,46,0.64,0.5405,No,South West,0
29,Female,Self-employed,286962.54,481300.0,3,0,0,100.0,324851.08,94,13640.7,0.5591,Yes,South South,0
42,Male,Trader,113972.19,202800.0,6,2,0,100.0,74130.38,106,6676.25,0.2966,Yes,South East,0
50,Male,Casual,278308.03,396500.0,9,2,0,100.0,376568.31,31,0.0,0.1583,No,South West,0
46,Female,Self-employed,438086.52,242900.0,12,4,1,79.87,621045.84,146,25907.17,0.0462,No,South South,0
33,Male,Casual,392782.86,272800.0,3,3,0,89.97,577764.82,12,0.0,0.2315,No,North Central,1
37,Male,Unemployed,226466.53,359800.0,6,4,0,94.96,40154.55,41,0.35,0.2648,No,North East,0
40,Male,Casual,169706.13,56600.0,12,2,1,79.57,114246.35,94,1.51,0.0278,Yes,South West,0
19,Male,Self-employed,556191.25,920000.0,12,2,0,100.0,55590.98,114,18339.23,0.1378,No,South South,0
52,Female,Trader,181811.32,131000.0,9,0,0,96.73,228247.91,78,11566.26,0.0801,No,South East,0
22,Female,Self-employed,331685.54,480400.0,6,6,1,85.12,247358.22,7,20394.66,0.2414,No,North Central,0
40,Male,Trader,642803.97,832000.0,6,0,0,93.77,826962.23,21,36644.0,0.2157,Yes,North East,0
49,Female,Unemployed,309785.8,20000.0,9,3,1,64.82,421392.57,32,1.06,0.02,Yes,South South,0
21,Male,Salaried,94146.07,20000.0,1,1,0,100.0,14977.11,18,0.43,0.2124,No,South South,0
65,Female,Casual,80446.47,20000.0,6,4,0,93.55,129301.33,28,0.14,0.0414,Yes,North West,0
36,Female,Self-employed,148338.63,145000.0,1,1,0,100.0,129064.21,73,7507.83,0.9775,No,North West,0
18,Female,Salaried,285468.38,432700.0,9,1,0,91.63,469838.1,64,0.04,0.1684,No,North Central,0
49,Female,Trader,240343.14,94500.0,6,0,0,100.0,66057.31,81,9377.38,0.0655,No,North West,1
44,Female,Casual,755636.31,632000.0,1,1,1,73.52,474939.33,21,0.03,0.8364,Yes,South South,0
48,Male,Self-employed,238827.95,101600.0,6,1,0,93.5,192542.34,172,6757.2,0.0709,No,North East,0
54,Male,Casual,145491.85,129700.0,3,1,0,94.11,232944.22,5,0.0,0.2972,Yes,North Central,0
40,Female,Self-employed,86166.76,62800.0,12,4,0,83.44,19245.03,117,5342.45,0.0607,No,North East,0
57,Female,Casual,387703.61,683100.0,12,1,0,96.87,369997.36,5,0.67,0.1468,Yes,South East,0
35,Male,Trader,179292.23,90100.0,3,5,0,99.79,48262.09,179,8541.95,0.1675,Yes,North West,0
44,Female,Casual,67624.21,150000.0,1,1,1,82.61,28328.71,32,0.0,2.0,No,North East,1
25,Female,Salaried,182623.42,126500.0,12,4,0,100.0,192227.66,52,0.0,0.0577,Yes,South South,0
47,Male,Self-employed,94228.91,39000.0,12,4,0,87.76,48299.07,165,3117.23,0.0345,Yes,South South,0
30,Male,Casual,136495.61,134400.0,12,0,0,81.93,71388.61,47,0.39,0.0821,No,South West,0
51,Male,Salaried,180725.92,156600.0,6,1,0,85.66,208821.09,47,0.0,0.1444,No,South West,0
56,Male,Self-employed,99942.11,65600.0,1,1,1,82.02,138290.71,41,4339.61,0.6564,No,South South,0
59,Male,Casual,131105.34,20000.0,12,2,0,100.0,13922.79,30,0.0,0.02,No,North East,1
62,Male,Trader,110972.12,134300.0,6,2,0,95.22,46660.58,180,6882.59,0.2017,Yes,North Central,0
23,Female,Casual,112924.43,20000.0,6,2,1,82.11,103797.14,64,0.0,0.0295,Yes,South West,0
24,Female,Trader,93479.63,100500.0,9,5,1,91.99,144945.76,12,2176.43,0.1195,No,North East,0
62,Female,Unemployed,131520.13,176800.0,9,1,0,93.19,87067.39,13,0.0,0.1494,No,South West,0
36,Female,Self-employed,100625.21,215500.0,1,3,1,72.77,52978.23,121,5636.42,2.0,No,North West,0
19,Male,Trader,263548.27,165100.0,12,2,0,100.0,54085.92,145,10908.26,0.0522,Yes,South West,0
31,Female,Casual,205095.74,238400.0,6,2,0,98.52,81169.49,4,0.0,0.1937,No,South East,0
58,Female,Trader,391318.48,274700.0,3,4,1,80.46,340520.87,180,20652.1,0.234,No,South West,1
35,Female,Salaried,613582.09,228600.0,1,5,1,92.99,328206.43,63,0.91,0.3726,Yes,South East,0
21,Male,Self-employed,279560.33,136700.0,6,4,0,93.27,287906.94,173,9801.16,0.0815,Yes,South East,0
52,Male,Self-employed,241094.37,20000.0,6,2,0,95.96,132139.9,152,11655.59,0.02,No,South South,0
27,Male,Trader,291248.27,208600.0,1,3,1,74.26,129117.38,102,17733.64,0.7162,Yes,North East,0
34,Female,Self-employed,243773.52,337200.0,6,1,1,77.73,271379.81,40,12310.12,0.2305,No,South East,1
18,Female,Trader,185970.2,262300.0,6,3,1,77.81,232077.96,121,4606.47,0.2351,No,South East,1
46,Male,Casual,176601.38,146300.0,6,2,0,98.85,276782.28,70,0.39,0.1381,Yes,South West,0
39,Male,Salaried,92653.93,97300.0,12,6,0,89.27,91094.33,10,0.76,0.0875,Yes,South West,0
59,Male,Trader,310521.94,135400.0,3,0,0,93.32,501055.32,82,13122.3,0.1453,Yes,North East,0
34,Male,Self-employed,176375.5,202000.0,12,3,0,92.44,71782.21,164,5541.93,0.0954,No,South South,0
27,Female,Salaried,461805.67,367100.0,6,1,0,93.63,425937.02,28,0.0,0.1325,Yes,North West,0
25,Male,Self-employed,326292.82,298000.0,2,2,0,88.65,264784.88,87,8017.7,0.4566,No,North East,0
27,Male,Self-employed,119831.7,25900.0,2,2,0,92.55,142972.52,77,5261.38,0.1081,No,South East,0
39,Male,Casual,404764.75,681800.0,12,4,0,85.93,174943.54,70,0.0,0.1404,Yes,North Central,0
22,Male,Self-employed,35000.0,64600.0,1,3,1,80.97,9271.06,180,1383.54,1.8457,Yes,South East,1
37,Female,Salaried,631187.89,251900.0,3,0,0,93.8,488380.01,21,1.26,0.133,No,South East,0
59,Female,Self-employed,75412.08,85600.0,6,1,0,94.51,88482.74,154,1604.78,0.1892,No,South West,0
54,Male,Casual,248335.28,396100.0,9,2,1,88.19,306614.73,66,0.68,0.1772,No,South West,1
48,Female,Self-employed,237644.86,185400.0,6,0,0,100.0,276187.55,24,6994.15,0.13,No,South South,0
60,Female,Self-employed,373669.91,592800.0,1,1,0,82.39,418077.27,4,14474.98,1.5864,No,South South,1
55,Female,Unemployed,145373.16,216400.0,6,2,1,75.56,45629.08,89,0.52,0.2481,No,North West,1
49,Male,Salaried,44628.37,20000.0,12,6,1,76.45,60525.99,80,0.0,0.0373,No,North West,0
59,Female,Self-employed,145506.35,245300.0,12,2,0,96.18,141783.5,139,6802.36,0.1405,Yes,South West,1
23,Female,Self-employed,156100.71,242100.0,12,4,0,98.96,25380.55,96,9126.81,0.1292,Yes,North Central,0
57,Male,Trader,47511.99,34200.0,6,0,0,85.51,22378.23,37,1354.63,0.12,No,North West,0
32,Male,Casual,185387.53,242700.0,2,2,1,80.58,90617.62,33,0.7,0.6546,No,South West,1
53,Male,Salaried,89447.64,208200.0,1,5,0,100.0,24076.34,68,0.0,2.0,No,North West,0
61,Male,Casual,274475.55,363800.0,12,1,0,96.97,77618.22,94,0.0,0.1105,Yes,South West,0
41,Female,Trader,153393.27,155300.0,9,2,1,76.63,233251.57,108,4434.92,0.1125,No,South East,0
22,Male,Casual,643980.55,969700.0,9,2,0,98.73,510018.6,45,0.0,0.1673,No,South West,0
35,Male,Casual,152389.65,351400.0,6,2,1,80.2,111791.67,44,0.0,0.3843,No,South South,1
37,Female,Trader,238104.86,136500.0,6,1,1,82.35,330172.44,3,7083.47,0.0955,Yes,South South,0
62,Male,Salaried,156719.94,127500.0,6,0,0,96.47,101975.51,64,0.0,0.1356,No,South West,0
63,Female,Self-employed,62666.85,92600.0,6,2,0,92.68,36016.23,125,3651.3,0.2463,No,South East,0
45,Female,Unemployed,157573.72,285100.0,6,4,1,76.6,61342.01,21,0.14,0.3016,No,North West,1
63,Female,Trader,293734.29,311200.0,3,1,0,94.12,57101.91,178,16561.29,0.3532,No,South South,0
38,Female,Self-employed,266200.62,203000.0,2,2,1,72.34,100630.26,57,13683.17,0.3813,No,North Central,0
37,Male,Casual,148759.78,32700.0,3,1,0,86.39,208367.94,16,0.03,0.0733,Yes,South South,0
58,Female,Casual,69830.12,20000.0,12,3,1,79.21,68465.47,44,1.62,0.0239,No,South West,0
50,Male,Trader,273651.37,70200.0,12,4,1,79.73,279362.41,35,14607.34,0.0214,Yes,South East,0
43,Female,Casual,236423.13,210200.0,9,3,1,69.21,155224.92,57,1.6,0.0988,Yes,South West,1
39,Female,Salaried,311429.79,62800.0,12,0,0,92.84,268175.45,85,0.0,0.02,No,South West,0
51,Female,Trader,150623.59,105700.0,2,3,1,75.23,171291.0,21,6323.81,0.3509,No,North East,0
54,Female,Unemployed,60226.55,59000.0,2,2,0,89.8,44390.19,13,0.0,0.4898,No,South East,0
41,Male,Salaried,254652.78,169400.0,1,2,0,92.2,151884.19,56,0.51,0.6652,No,South East,0
19,Male,Salaried,178933.47,133900.0,1,1,1,84.1,83187.55,79,0.0,0.7483,Yes,North Central,1
22,Female,Casual,444767.34,324100.0,9,1,1,82.01,177492.13,62,1.65,0.081,No,South West,0
24,Male,Self-employed,183393.35,222100.0,1,2,0,98.07,181817.85,83,9412.42,1.2111,Yes,North East,0
40,Male,Salaried,174758.21,383800.0,12,1,0,93.44,29584.01,90,0.0,0.183,Yes,South South,0
47,Male,Salaried,236080.36,197000.0,9,3,0,100.0,74123.72,45,0.0,0.0927,No,South South,0
56,Female,Self-employed,122113.59,162000.0,2,1,0,99.68,125295.11,180,7511.64,0.6633,No,South West,0
29,Female,Self-employed,118346.72,87500.0,12,5,2,66.66,163472.9,98,2962.72,0.0616,No,North Central,1
55,Male,Casual,168903.06,111200.0,12,1,0,89.23,82294.13,79,0.18,0.0549,No,North Central,0
49,Male,Trader,98957.73,79700.0,6,3,0,97.4,6497.04,123,2312.89,0.1342,Yes,South West,0
20,Female,Trader,155096.08,198500.0,1,2,0,90.33,178757.13,90,4498.62,1.2799,No,South East,0
34,Male,Salaried,635029.68,667900.0,6,3,0,83.03,74003.64,29,1.73,0.1753,Yes,South West,0
32,Female,Self-employed,354485.97,257100.0,6,3,0,99.15,211905.25,128,22162.76,0.1209,No,South West,0
60,Male,Self-employed,219901.89,20000.0,9,1,0,89.71,174161.1,33,10401.62,0.02,No,South East,0
62,Female,Casual,493511.95,165000.0,3,3,0,79.51,640111.66,47,0.0,0.1114,No,North Central,0
57,Male,Unemployed,105295.89,188900.0,12,2,0,93.47,139550.35,16,0.0,0.1495,No,South West,0
43,Female,Self-employed,908452.65,109600.0,3,1,0,100.0,670872.63,103,53935.39,0.0402,No,North West,1
41,Female,Unemployed,133437.1,234100.0,12,0,0,89.87,199050.52,16,0.0,0.1462,Yes,South South,0
32,Male,Salaried,662109.32,1122700.0,2,0,0,91.56,450806.3,51,1.02,0.8478,Yes,North Central,1
55,Female,Self-employed,660217.17,947500.0,12,3,1,86.69,549854.07,119,26433.93,0.1196,No,South East,0
22,Male,Trader,57590.49,20000.0,2,3,1,81.2,40554.94,125,3206.09,0.1736,No,North Central,1
31,Male,Self-employed,467110.92,525700.0,9,1,1,83.57,500539.08,82,24284.59,0.125,No,North West,0
24,Female,Unemployed,149667.46,196300.0,12,1,0,100.0,107093.2,60,0.85,0.1093,No,North Central,0
41,Female,Salaried,124434.24,61300.0,3,4,2,65.1,197495.02,1,1.26,0.1642,No,South West,1
32,Male,Casual,253147.32,362000.0,2,2,0,95.58,363764.24,73,0.35,0.715,Yes,South West,0
27,Male,Salaried,93486.02,20000.0,12,3,0,82.33,64742.42,62,0.0,0.02,No,South West,0
36,Male,Salaried,249449.12,242900.0,12,1,0,98.09,22376.59,72,0.0,0.0811,Yes,South South,0
59,Female,Self-employed,97654.96,178900.0,9,4,2,62.04,92854.3,66,5608.56,0.2036,No,North West,1
44,Male,Unemployed,201957.72,415300.0,6,3,0,97.43,90832.7,76,0.88,0.3427,No,South South,1
57,Male,Trader,428779.38,517700.0,2,4,0,83.38,247978.95,81,20509.36,0.6037,Yes,South South,0
61,Male,Trader,231410.57,268000.0,6,1,0,100.0,186773.86,104,15047.68,0.193,No,South South,0
61,Female,Salaried,142464.42,121700.0,9,1,1,72.77,196271.33,46,0.0,0.0949,No,South East,0
34,Female,Salaried,255922.35,377700.0,2,3,0,97.02,328618.41,69,0.17,0.7379,No,North East,0
60,Male,Salaried,72149.81,70900.0,1,1,0,100.0,69985.07,67,1.18,0.9827,No,South South,0
61,Male,Casual,104344.44,276800.0,12,5,0,96.74,130590.76,8,0.61,0.2211,No,North East,0
64,Female,Salaried,136085.22,317700.0,9,4,0,96.7,75780.6,42,0.0,0.2594,No,North West,0
34,Male,Self-employed,300188.17,433100.0,9,4,2,60.58,259117.97,165,10098.67,0.1603,No,South East,1
28,Female,Trader,234328.98,243100.0,12,1,0,85.46,39204.65,129,10093.73,0.0865,No,North Central,0
46,Female,Trader,254885.66,189700.0,6,1,0,100.0,34818.43,89,15983.5,0.124,No,South South,0
62,Female,Self-employed,176824.58,331000.0,3,4,1,85.11,55699.4,50,9067.75,0.624,No,North Central,1
61,Female,Salaried,107844.68,136000.0,12,1,1,77.82,139038.04,80,0.0,0.1051,Yes,North West,1
45,Female,Self-employed,473538.33,663300.0,12,2,2,50.69,744158.05,22,25483.69,0.1167,No,South South,1
25,Female,Trader,114364.54,134200.0,1,2,0,100.0,122186.1,116,6228.4,1.1734,Yes,North Central,0
38,Female,Salaried,236354.35,284400.0,6,1,0,81.25,27639.25,92,1.29,0.2005,No,South South,0
52,Male,Trader,167350.23,68700.0,6,2,1,81.95,180445.63,1,5965.61,0.0684,No,South South,0
44,Male,Salaried,259537.81,530300.0,2,1,0,88.9,130860.84,72,0.0,1.0216,Yes,South West,0
34,Male,Casual,121436.36,315600.0,3,5,0,97.36,182192.27,82,0.0,0.8663,No,South South,0
34,Female,Unemployed,356807.71,383600.0,1,2,1,75.86,448099.8,57,0.0,1.0751,No,North West,0
20,Male,Salaried,440908.56,298200.0,9,0,0,94.04,285047.94,9,0.13,0.0751,No,South South,1
31,Female,Self-employed,342858.17,551000.0,2,4,0,82.06,266359.51,177,10109.11,0.8035,Yes,South South,0
50,Male,Self-employed,199420.03,280200.0,12,2,1,81.74,246425.16,139,12669.87,0.1171,Yes,North Central,1
29,Male,Casual,135656.43,176600.0,6,2,1,81.82,214599.53,8,0.0,0.217,No,South West,0
65,Female,Self-employed,1127016.9,1354500.0,6,4,1,87.03,611138.65,100,44572.67,0.2003,Yes,North East,0
21,Female,Trader,94481.2,42200.0,12,1,1,78.29,124847.21,97,2290.2,0.0372,No,South West,1
46,Male,Salaried,319180.27,509900.0,9,3,1,84.86,378332.52,45,0.18,0.1775,No,North West,1
41,Male,Salaried,223467.73,138900.0,9,2,1,73.41,99433.17,47,1.67,0.0691,No,South West,0
57,Male,Trader,172829.84,164200.0,12,2,0,97.17,79888.75,42,8406.27,0.0792,No,South South,0
60,Male,Trader,203021.68,311700.0,12,0,0,96.74,81617.25,132,6939.68,0.1279,No,North East,0
44,Male,Casual,129194.23,284500.0,9,3,0,100.0,43461.93,15,0.0,0.2447,Yes,North East,0
48,Female,Casual,237589.16,42100.0,9,3,0,85.79,133633.64,16,0.0,0.02,No,South West,0
51,Male,Trader,221161.4,420100.0,6,1,0,93.36,58187.27,76,6594.06,0.3166,Yes,South South,0
43,Female,Self-employed,1026008.64,946800.0,9,4,0,95.99,477536.69,66,25403.55,0.1025,Yes,South East,0
26,Female,Casual,361040.92,189000.0,6,1,0,100.0,233103.73,51,0.66,0.0872,Yes,North West,0
38,Female,Casual,251710.76,436000.0,12,2,0,100.0,243670.07,93,0.0,0.1443,Yes,South West,0
29,Male,Casual,261666.33,27800.0,6,3,0,84.48,201383.4,94,0.12,0.02,No,South East,0
40,Male,Unemployed,595056.48,186600.0,3,3,1,78.08,341772.78,21,0.0,0.1045,Yes,South West,0
47,Female,Self-employed,95792.04,137600.0,6,3,2,56.66,23180.86,14,3412.95,0.2394,Yes,South East,1
28,Female,Trader,159841.16,137700.0,6,4,0,100.0,155908.31,70,3916.14,0.1436,No,North West,0
29,Female,Trader,52107.9,20000.0,6,6,0,96.22,74836.76,139,2675.99,0.064,No,South South,0
57,Male,Salaried,258826.99,264900.0,6,2,1,82.5,275456.96,95,1.12,0.1706,No,South South,0
36,Male,Trader,312395.43,369100.0,12,2,0,91.79,307833.54,120,19378.7,0.0985,No,North Central,0
27,Female,Self-employed,94237.37,149300.0,3,4,0,93.97,64292.3,31,5824.36,0.5281,No,North Central,0
52,Female,Self-employed,457491.75,303900.0,12,1,0,100.0,423849.42,102,14912.18,0.0554,No,South West,0
52,Male,Salaried,112807.73,29900.0,9,2,0,86.68,130515.47,23,0.17,0.0295,No,South East,0
57,Female,Trader,144077.68,150500.0,3,2,0,86.1,76266.72,135,6433.09,0.3482,No,South West,0
54,Female,Trader,194547.18,220500.0,3,1,0,92.32,315786.21,25,11987.12,0.3778,No,South South,0
65,Female,Self-employed,507341.57,835600.0,12,5,1,80.99,43648.8,59,25889.01,0.1373,No,North East,0
45,Female,Salaried,103041.13,38900.0,12,2,0,97.89,62147.04,70,0.88,0.0315,Yes,South West,0
31,Female,Self-employed,217514.93,372400.0,2,1,0,94.14,363343.73,130,10163.59,0.856,Yes,North Central,0
59,Male,Salaried,297853.39,467000.0,6,3,0,88.09,413323.78,82,0.0,0.2613,No,South West,0
30,Female,Self-employed,260463.43,193400.0,3,1,0,91.33,36989.28,166,12065.22,0.2475,No,South South,0
31,Female,Self-employed,266791.52,56500.0,9,3,1,82.64,172058.72,146,8839.22,0.0235,No,North West,1
57,Male,Casual,295282.34,348100.0,2,1,0,98.62,349748.29,76,0.23,0.5894,No,South West,1
60,Male,Self-employed,125510.21,290100.0,6,2,1,86.63,120370.53,31,4305.25,0.3852,Yes,North East,0
34,Female,Trader,539160.72,87400.0,6,2,1,77.03,858146.03,105,21977.44,0.027,No,South West,0
53,Female,Casual,167454.18,20000.0,6,2,0,89.05,226364.46,20,0.17,0.02,No,South South,0
62,Male,Self-employed,153615.93,157800.0,3,3,2,59.16,174865.54,4,7102.46,0.3424,No,North West,1
56,Female,Casual,432210.8,569900.0,9,3,0,100.0,453193.24,53,0.15,0.1465,Yes,South East,0
18,Male,Salaried,119472.76,20000.0,12,1,0,90.95,202799.85,17,0.0,0.02,No,North Central,0
49,Female,Self-employed,221658.45,302600.0,9,0,0,88.65,194721.37,52,11174.26,0.1517,No,North West,0
26,Female,Salaried,112518.13,108900.0,12,3,0,95.17,6550.38,81,1.6,0.0807,No,South East,0
58,Female,Self-employed,925616.62,1662400.0,12,2,1,91.46,1180205.15,88,32354.71,0.1497,No,South West,0
21,Male,Unemployed,807208.73,1035700.0,1,3,0,87.53,738288.06,79,1.22,1.2831,No,North West,0
65,Female,Trader,167553.08,194900.0,1,4,2,66.84,241373.92,173,6955.77,1.1632,Yes,South East,1
26,Female,Trader,252361.86,370800.0,9,0,0,90.82,200148.47,152,9602.49,0.1633,No,North Central,0
38,Female,Salaried,180609.41,252700.0,9,1,1,82.49,57467.01,73,0.0,0.1555,Yes,South West,0
29,Male,Unemployed,143504.61,251800.0,12,1,0,99.68,162495.1,77,0.0,0.1462,Yes,North West,0
57,Female,Self-employed,194555.47,118100.0,1,4,0,100.0,303444.42,11,5133.17,0.607,No,South East,0
36,Male,Salaried,175311.77,54000.0,3,0,0,90.29,34952.92,33,0.0,0.1027,Yes,North Central,0
53,Male,Unemployed,66988.64,163800.0,12,1,0,99.25,23426.24,47,1.32,0.2038,No,South East,0
21,Female,Self-employed,213560.89,132700.0,12,3,0,95.66,91193.83,68,7590.98,0.0518,No,South South,0
39,Male,Self-employed,175119.13,198600.0,6,1,0,96.82,49421.55,130,10298.76,0.189,No,South East,0
61,Male,Salaried,220497.67,260800.0,6,0,0,100.0,215813.5,36,0.0,0.1971,No,North West,0
62,Female,Salaried,171155.12,153600.0,12,1,0,89.03,30152.08,57,0.0,0.0748,No,North West,0
28,Female,Casual,142413.71,196200.0,6,1,0,99.42,238481.76,92,0.0,0.2296,No,North East,0
36,Female,Self-employed,317871.87,335400.0,12,2,1,78.04,104449.71,173,13172.42,0.0879,No,South West,1
37,Female,Unemployed,254549.22,187400.0,12,1,1,88.99,33624.83,47,1.15,0.0614,No,South West,0
45,Male,Salaried,446030.62,243300.0,3,3,0,96.87,268191.49,63,0.76,0.1818,No,South South,0
43,Male,Trader,248273.56,360000.0,3,0,0,92.94,207454.34,41,9299.25,0.4833,Yes,North East,0
23,Male,Trader,158303.27,183700.0,12,1,0,100.0,223426.85,98,6899.29,0.0967,No,North Central,0
54,Female,Trader,268770.11,376500.0,6,3,0,90.03,286952.16,111,11778.13,0.2335,No,South East,0
28,Female,Self-employed,49677.81,139700.0,1,3,0,91.2,83100.52,45,2812.01,2.0,No,North Central,0
33,Female,Self-employed,706518.07,835900.0,6,1,0,88.74,501518.74,47,33052.08,0.1972,No,South South,0
58,Male,Trader,215143.22,20000.0,9,4,1,74.78,43997.29,180,13092.43,0.02,No,South East,0
51,Female,Casual,744604.48,955300.0,3,3,1,61.63,1156384.12,8,0.0,0.4277,No,North Central,0
37,Male,Self-employed,102297.23,20000.0,9,3,0,90.43,102031.65,55,4125.04,0.0217,No,South West,0
61,Male,Self-employed,87050.41,184000.0,3,5,0,93.49,77737.39,92,4471.94,0.7046,No,South West,0
36,Female,Trader,228320.08,152000.0,2,3,1,88.41,181306.24,116,12752.43,0.3329,Yes,South South,0
45,Male,Self-employed,227831.07,159600.0,3,2,1,73.88,81975.21,15,8492.1,0.2335,No,North West,1
29,Male,Salaried,224262.21,254400.0,6,3,0,90.5,147327.97,84,0.63,0.1891,Yes,South West,0
26,Male,Unemployed,203109.22,194000.0,12,3,0,92.77,119257.54,79,0.0,0.0796,No,South West,0
41,Female,Salaried,119663.15,262700.0,6,1,0,99.36,76499.96,60,1.12,0.3659,No,South West,0
45,Female,Salaried,68543.98,44800.0,12,3,0,95.26,34631.24,85,0.0,0.0545,Yes,North East,0
56,Male,Trader,216373.2,326200.0,1,0,0,96.62,189518.02,14,10110.92,1.5076,No,South East,0
36,Female,Salaried,78200.19,165300.0,6,1,0,100.0,100791.08,90,1.05,0.3523,No,South East,0
60,Male,Salaried,73545.39,102600.0,6,2,0,97.52,120180.76,74,0.0,0.2325,No,South East,0
47,Female,Salaried,140547.59,130700.0,12,2,1,79.72,34275.69,86,0.24,0.0775,Yes,South South,1
21,Male,Salaried,238146.3,478000.0,9,1,1,90.82,356532.72,38,0.0,0.223,Yes,South East,0
53,Male,Self-employed,655239.2,304300.0,12,2,1,70.87,405284.22,48,25541.34,0.0387,No,South South,0
45,Female,Casual,340180.17,138100.0,6,2,2,83.39,308144.24,75,0.0,0.0677,No,South East,1
36,Female,Self-employed,456938.26,167100.0,12,2,0,97.08,110092.51,146,25331.47,0.0305,No,North Central,0
40,Male,Self-employed,275293.27,322300.0,12,2,0,100.0,76092.79,95,13916.21,0.0976,No,North Central,0
32,Female,Trader,228471.57,234900.0,12,2,1,81.07,318810.42,139,11113.68,0.0857,No,South West,0
47,Male,Self-employed,917562.37,590200.0,3,1,0,90.53,823735.2,82,31933.96,0.2144,No,South South,0
45,Male,Self-employed,76180.13,20000.0,1,0,0,86.29,34146.05,39,1760.91,0.2625,Yes,South East,0
39,Female,Self-employed,137600.86,88100.0,9,2,1,71.87,216527.43,82,6537.45,0.0711,Yes,South South,1
31,Male,Self-employed,144761.85,209000.0,6,1,0,92.83,213284.91,6,8038.74,0.2406,No,South South,0
37,Female,Self-employed,321748.09,183100.0,9,3,0,88.11,217140.12,69,11126.95,0.0632,No,North East,0
41,Male,Salaried,95273.52,214800.0,1,2,0,89.02,36544.82,40,0.0,2.0,No,North Central,0
40,Female,Casual,295652.89,412200.0,6,2,0,86.58,187883.73,48,0.34,0.2324,Yes,South South,0
32,Female,Unemployed,262363.05,386800.0,3,0,0,100.0,313085.91,34,0.0,0.4914,Yes,South West,0
45,Female,Casual,305403.14,573800.0,6,1,0,88.94,179873.21,85,0.12,0.3131,Yes,South South,0
28,Male,Salaried,301826.34,607400.0,2,1,0,96.81,251874.03,60,0.0,1.0062,No,North Central,0
42,Male,Trader,489245.6,784600.0,12,7,2,64.84,790881.62,107,13280.61,0.1336,No,North East,1
23,Male,Self-employed,174333.6,155600.0,3,3,0,96.43,279843.84,53,7431.87,0.2975,No,North East,0
40,Female,Salaried,254057.21,446700.0,6,1,0,92.16,202876.68,42,0.24,0.293,No,South South,0
55,Male,Unemployed,111519.54,95500.0,1,3,1,82.66,171105.07,88,0.0,0.8564,Yes,North Central,1
57,Male,Trader,96143.33,130200.0,2,2,1,85.49,65983.42,89,2862.23,0.6771,No,South South,0
51,Male,Salaried,566850.48,262000.0,6,2,0,100.0,479064.51,32,1.1,0.077,No,North East,0
53,Female,Unemployed,106174.04,76800.0,1,2,0,89.37,42532.24,11,0.0,0.7233,No,South South,0
21,Male,Salaried,273092.26,318300.0,6,4,0,88.07,124932.46,64,1.01,0.1943,No,South South,0
34,Female,Self-employed,254203.38,466000.0,3,1,0,91.28,304304.95,56,11640.69,0.6111,No,South West,0
49,Female,Salaried,386330.97,372800.0,9,1,0,94.79,515979.73,21,0.0,0.1072,Yes,South South,0
56,Male,Salaried,61259.96,66400.0,12,1,0,97.69,60749.62,46,1.17,0.0903,No,South South,0
45,Female,Unemployed,321256.99,473800.0,9,3,2,67.39,355387.3,89,0.0,0.1639,No,North West,1
58,Female,Self-employed,173336.72,101900.0,1,0,0,95.4,97668.86,79,4930.76,0.5879,No,North Central,0
31,Male,Salaried,121877.44,137900.0,6,1,1,76.0,187306.01,7,0.0,0.1886,No,South South,0
25,Male,Trader,152921.61,86800.0,2,1,0,92.14,182279.36,10,6402.47,0.2838,No,South West,0
22,Female,Casual,353137.63,309200.0,6,2,0,93.94,524500.23,38,0.37,0.1459,No,South East,0
45,Male,Casual,289531.24,481900.0,12,1,0,100.0,383422.04,83,0.0,0.1387,Yes,South West,0
49,Female,Unemployed,165638.32,20000.0,1,3,1,85.29,136358.35,85,0.43,0.1207,Yes,South South,0
31,Female,Casual,85844.46,170600.0,3,4,0,100.0,99662.09,91,0.0,0.6624,Yes,North Central,1
55,Female,Trader,89873.48,62900.0,12,2,0,96.54,25170.92,9,2061.4,0.0583,No,South West,0
53,Male,Self-employed,293661.12,542500.0,6,3,0,100.0,191773.41,82,17057.76,0.3079,No,South South,0
35,Female,Unemployed,78447.08,61300.0,3,0,0,100.0,81475.78,9,0.0,0.2605,No,North East,0
29,Female,Salaried,166693.44,234600.0,12,5,0,84.02,55990.61,6,0.0,0.1173,Yes,South East,0
53,Male,Salaried,1028291.26,1431700.0,2,1,0,99.09,1444759.97,45,0.18,0.6962,No,South West,0
50,Male,Self-employed,242662.45,370400.0,12,0,0,96.37,163513.92,3,12067.86,0.1272,Yes,North Central,0
26,Male,Self-employed,291610.45,463000.0,2,2,0,98.36,456099.83,128,10053.25,0.7939,No,South West,0
30,Male,Trader,90313.23,47800.0,12,3,0,83.5,127692.75,177,2791.63,0.0441,Yes,South East,0
41,Female,Casual,81061.71,184100.0,12,3,0,83.75,40213.12,54,0.65,0.1893,No,South East,0
42,Female,Self-employed,301943.88,132200.0,3,3,0,93.33,19699.56,141,9925.41,0.1459,No,South West,0
25,Female,Self-employed,149819.02,173400.0,12,3,0,81.71,24022.47,96,7700.75,0.0964,No,North West,1
63,Male,Self-employed,385989.75,623800.0,2,1,0,98.92,69998.88,48,12627.62,0.8081,Yes,South South,1
36,Female,Trader,197550.34,129500.0,12,3,1,83.58,104963.68,115,11662.76,0.0546,No,South East,0
36,Female,Salaried,1816365.24,2500000.0,9,1,0,100.0,153620.33,73,1.35,0.1529,Yes,South West,0
20,Female,Salaried,132416.06,106500.0,2,2,0,96.62,108474.69,54,1.43,0.4021,No,North East,0
60,Female,Trader,231804.04,165200.0,6,2,0,98.86,234638.49,136,10882.04,0.1188,No,North West,0
29,Male,Self-employed,107421.7,162300.0,1,3,1,85.1,144187.96,47,3980.91,1.5109,No,North West,1
65,Male,Self-employed,375706.73,563800.0,6,2,0,94.55,570943.07,116,22520.84,0.2501,No,South West,0
41,Female,Self-employed,255772.89,20000.0,6,1,0,94.82,24069.23,166,15459.01,0.02,No,South South,0
59,Male,Salaried,102840.93,182300.0,6,4,0,93.61,172123.93,35,0.0,0.2954,No,North West,0
26,Male,Trader,156291.32,137100.0,12,2,0,77.29,155350.9,119,4137.22,0.0731,No,South East,0
25,Female,Self-employed,468553.11,632100.0,12,0,0,100.0,527387.63,68,20600.5,0.1124,No,South East,0
56,Female,Self-employed,433359.56,390500.0,6,3,1,89.78,182505.1,113,22370.07,0.1502,No,North East,0
57,Male,Casual,76600.2,243600.0,9,2,2,80.61,63867.49,66,0.0,0.3533,No,South West,1
44,Female,Trader,141893.47,252500.0,2,3,1,84.09,87687.25,14,8862.7,0.8898,No,North West,1
19,Male,Salaried,627575.98,612500.0,12,6,0,93.05,449500.25,79,0.0,0.0813,No,South South,0
63,Male,Trader,172309.33,143700.0,12,2,1,68.36,112868.51,39,3741.58,0.0695,No,South South,0
36,Male,Salaried,216411.46,116000.0,12,3,0,85.24,69489.38,27,0.0,0.0447,No,North West,0
62,Male,Salaried,374451.62,499400.0,9,3,1,79.17,222192.48,95,0.0,0.1482,No,South East,0
59,Male,Trader,80806.04,142100.0,3,3,0,95.42,102611.91,36,3054.77,0.5862,No,South East,0
58,Female,Salaried,104287.71,162500.0,3,2,0,96.61,51973.77,12,0.0,0.5194,No,North Central,0
51,Female,Self-employed,155641.06,191300.0,6,3,0,90.39,198428.71,55,9020.26,0.2049,No,North East,0
50,Male,Casual,420297.25,605600.0,1,1,1,70.03,343592.72,19,0.47,1.4409,No,South East,1
43,Male,Trader,372711.38,283500.0,6,1,0,89.33,616717.27,66,11130.87,0.1268,No,South West,0
19,Male,Unemployed,306680.04,220700.0,6,1,0,93.17,197915.66,67,0.24,0.1199,No,South East,0
36,Male,Casual,175476.11,307500.0,9,2,0,83.07,287846.93,4,0.78,0.1947,No,South South,0
53,Female,Self-employed,400285.15,362300.0,9,1,0,95.28,53219.15,175,16187.07,0.1006,No,South West,0
56,Male,Trader,173944.7,125800.0,3,3,1,92.52,36925.22,37,10737.22,0.2411,No,South West,0
44,Male,Self-employed,279677.19,309200.0,9,1,0,88.38,133899.71,150,12878.07,0.1228,No,North Central,0
52,Male,Trader,347506.09,387600.0,3,3,0,100.0,522998.09,122,10714.39,0.3718,No,North Central,1
19,Male,Self-employed,578761.16,903500.0,3,3,1,75.98,729118.15,78,21284.59,0.5204,No,North West,0
40,Female,Salaried,185183.25,191000.0,6,2,1,78.48,92915.96,31,0.0,0.1719,No,North Central,0
42,Male,Salaried,151753.91,266400.0,2,1,0,97.38,9459.58,77,0.27,0.8777,Yes,North West,0
60,Female,Trader,445748.92,754200.0,3,2,0,93.68,625537.5,99,9944.5,0.564,No,South South,0
32,Female,Salaried,468558.53,348900.0,3,2,0,82.13,683128.12,11,0.0,0.2482,No,South East,0
29,Male,Trader,134930.99,155300.0,1,2,0,95.75,64748.92,111,2934.43,1.151,No,South South,0
34,Male,Casual,93661.29,137700.0,3,3,0,94.54,8358.51,94,0.0,0.4901,Yes,South West,0
26,Male,Trader,424252.69,556300.0,6,3,1,79.3,700893.31,176,21229.57,0.2185,No,North Central,1
44,Female,Self-employed,66077.88,52800.0,12,1,0,94.5,43882.12,180,3218.31,0.0666,No,North West,0
48,Female,Salaried,63920.23,87200.0,3,2,0,97.1,27198.41,90,0.0,0.4547,No,South West,0
56,Female,Unemployed,161348.24,179800.0,3,0,0,87.79,265555.86,41,0.81,0.3715,No,South South,0
64,Male,Self-employed,192393.48,75300.0,1,4,0,97.75,245319.09,122,7581.02,0.3914,Yes,South West,0
21,Male,Self-employed,90376.83,34200.0,1,3,0,89.73,29514.08,155,1936.77,0.3784,Yes,South West,1
29,Male,Unemployed,207923.18,74300.0,6,6,0,100.0,167442.41,78,0.42,0.0596,No,South East,0
32,Female,Salaried,214039.89,87000.0,6,1,1,89.93,159600.65,39,0.0,0.0677,Yes,South South,0
29,Male,Self-employed,131723.46,20000.0,9,2,0,87.02,91691.53,79,6056.88,0.02,No,South West,0
57,Male,Salaried,674997.22,494400.0,9,1,0,100.0,784793.67,33,0.0,0.0814,Yes,South West,0
24,Female,Salaried,238007.37,180200.0,12,2,1,84.7,62753.46,40,0.0,0.0631,No,North Central,0
19,Male,Self-employed,374830.8,639800.0,12,1,0,97.71,291417.81,160,12119.71,0.1422,No,South South,0
59,Male,Trader,69854.77,104700.0,2,9,2,63.62,65650.56,99,3147.99,0.7494,Yes,South South,1
64,Female,Self-employed,69464.07,91700.0,2,3,0,91.6,74849.97,98,2355.53,0.6601,No,South South,1
28,Female,Trader,242741.61,314200.0,6,2,1,75.85,72336.51,138,7550.14,0.2157,No,South West,0
33,Male,Casual,601011.67,881900.0,6,2,0,87.33,854620.67,95,1.18,0.2446,Yes,South South,0
42,Male,Casual,93363.32,154200.0,6,5,1,66.75,90406.12,49,0.24,0.2753,No,North East,1
43,Male,Salaried,197581.6,378400.0,6,1,0,89.53,322390.4,89,0.0,0.3192,Yes,South West,0
65,Male,Trader,80652.06,20000.0,12,2,0,89.5,52911.54,120,4698.44,0.0207,No,South West,0
37,Female,Salaried,112826.6,20000.0,6,2,0,86.37,175981.04,80,0.0,0.0295,No,South East,0
18,Male,Trader,204073.29,35000.0,12,2,0,98.07,42864.46,116,11098.93,0.02,No,South East,0
38,Male,Self-employed,130681.04,219500.0,12,2,0,95.71,215911.68,177,5931.25,0.14,No,North Central,0
44,Female,Trader,77043.2,103900.0,6,2,0,89.85,102633.15,162,3246.81,0.2248,Yes,South East,0
42,Male,Salaried,75929.89,20000.0,2,3,0,91.82,58227.68,7,1.28,0.1317,No,South South,0
42,Female,Trader,52828.54,86800.0,3,1,0,95.56,9251.83,96,2223.79,0.5477,No,South East,0
62,Female,Salaried,245362.41,426300.0,6,2,1,76.93,338253.81,56,0.0,0.2896,No,North East,0
56,Female,Salaried,265438.86,346000.0,12,6,1,61.37,198007.2,85,0.34,0.1086,No,South South,0
30,Male,Trader,264572.84,220900.0,12,1,0,100.0,289636.65,133,13979.23,0.0696,Yes,South South,0
35,Female,Self-employed,99682.74,20000.0,2,3,0,93.2,77130.87,34,5564.06,0.1003,Yes,North East,0
50,Female,Trader,346133.73,521200.0,1,3,0,95.89,146768.82,54,18152.06,1.5058,No,North Central,1
37,Male,Trader,284964.04,192000.0,12,2,0,95.2,51299.13,25,17649.51,0.0561,Yes,North Central,0
38,Female,Trader,180855.47,193000.0,6,3,0,83.9,303856.32,67,11340.91,0.1779,No,South South,0
26,Male,Trader,162555.29,205000.0,9,5,1,73.75,76435.64,67,4219.17,0.1401,No,South West,0
30,Male,Casual,118040.97,89300.0,6,1,0,93.91,93752.39,77,0.0,0.1261,No,South East,0
53,Female,Casual,203947.38,282800.0,2,0,0,92.61,202353.96,45,0.0,0.6933,No,South South,1
58,Female,Salaried,515000.53,827200.0,3,1,0,86.06,688929.14,14,1.09,0.5354,Yes,South South,0
55,Male,Self-employed,377120.08,378600.0,1,1,0,96.4,189298.69,115,14387.37,1.0039,No,North Central,1
32,Female,Trader,152386.5,253000.0,6,1,0,97.98,200484.5,154,5012.25,0.2767,No,South West,0
24,Female,Salaried,255458.71,358000.0,1,5,2,73.9,65535.39,75,0.0,1.4014,No,North West,1
25,Male,Salaried,87972.77,22200.0,6,4,0,100.0,123055.42,77,0.0,0.0421,No,South East,0
36,Male,Salaried,289310.5,208900.0,12,3,0,97.73,445933.29,9,0.16,0.0602,No,South South,0
42,Male,Self-employed,104888.69,319200.0,1,3,1,81.41,161565.19,15,6507.86,2.0,Yes,South East,0
60,Male,Self-employed,281919.89,48700.0,12,2,1,78.24,33974.87,177,16936.14,0.02,No,South West,0
61,Male,Trader,1239984.02,1577600.0,2,0,0,92.81,1080963.72,55,60937.79,0.6361,No,North West,0
18,Male,Trader,124269.02,91400.0,9,2,0,99.83,188703.06,167,8051.19,0.0817,No,North West,0
51,Male,Trader,1203246.98,1053000.0,3,5,0,83.85,1633980.73,81,26219.7,0.2917,Yes,South South,0
32,Male,Salaried,247613.71,145900.0,12,1,0,84.31,372254.21,28,1.28,0.0491,No,South West,0
27,Male,Trader,110575.68,236000.0,1,1,0,91.15,136090.18,94,3553.16,2.0,No,South South,0
44,Female,Trader,107330.23,76300.0,6,3,0,93.86,156197.17,24,2945.99,0.1185,No,South East,0
19,Female,Salaried,837296.29,331400.0,12,1,1,79.39,124823.18,33,0.67,0.033,No,North Central,0
34,Female,Salaried,247992.75,101700.0,2,5,0,97.65,93313.18,9,0.0,0.205,No,North East,0
44,Male,Self-employed,124581.17,20000.0,9,3,0,95.69,155018.96,126,7721.44,0.02,No,North West,0
31,Female,Unemployed,157702.04,358400.0,9,0,0,94.15,219662.43,46,0.0,0.2525,No,South West,0
46,Female,Self-employed,238164.38,443800.0,3,2,0,91.89,83779.6,153,15142.38,0.6211,No,North Central,0
40,Male,Salaried,178982.57,326000.0,1,2,0,99.72,246582.67,35,1.03,1.8214,No,North West,0
56,Female,Salaried,225380.77,167800.0,12,2,0,100.0,96219.82,23,0.0,0.062,No,South East,1
26,Female,Salaried,570095.52,468500.0,12,1,0,91.93,653412.94,69,0.0,0.0685,No,South East,0
20,Female,Self-employed,86468.13,208600.0,2,3,1,81.5,78189.4,10,5226.5,1.2062,No,North Central,1
43,Female,Casual,273681.92,365300.0,12,3,0,92.2,361087.53,92,0.0,0.1112,No,South West,0
30,Male,Self-employed,171669.89,256800.0,12,5,2,50.58,131200.04,113,6941.18,0.1247,No,South West,1
51,Female,Casual,130135.65,20000.0,6,3,0,82.33,50116.97,74,0.0,0.0256,No,South South,0
22,Female,Salaried,361358.33,217400.0,12,3,1,94.07,508408.11,4,0.0,0.0501,No,North East,0
45,Male,Self-employed,69618.49,64500.0,1,3,0,99.6,109933.3,136,1511.94,0.9265,No,South West,0
65,Female,Casual,38658.83,73000.0,6,1,1,81.2,41749.12,71,1.26,0.3147,No,South West,0
22,Female,Trader,208284.16,139400.0,12,1,0,100.0,307578.54,111,6216.29,0.0558,No,North West,1
32,Male,Casual,164537.75,251800.0,9,0,0,88.39,14203.12,62,0.0,0.17,Yes,South South,0
58,Male,Salaried,74709.42,110300.0,3,3,0,100.0,70960.3,2,0.0,0.4921,Yes,South South,0
43,Male,Self-employed,59210.43,20000.0,9,3,1,81.69,40619.66,94,1699.04,0.0375,No,South South,0
26,Male,Trader,631355.15,1070800.0,3,1,0,90.98,772733.01,174,14962.09,0.5653,No,North Central,0
28,Male,Salaried,243207.87,284000.0,3,2,0,77.87,144073.73,5,0.0,0.3892,No,South East,0
54,Female,Casual,182313.29,56000.0,3,0,0,83.99,13201.17,4,0.72,0.1024,No,North East,0
59,Male,Self-employed,749844.64,691500.0,3,3,0,100.0,622211.12,59,27484.42,0.3074,No,South South,0
35,Male,Salaried,349777.58,564000.0,6,3,0,100.0,360568.08,81,0.0,0.2687,No,North East,0
40,Female,Trader,568491.72,1039900.0,3,1,0,84.07,664249.11,84,21196.9,0.6097,Yes,South West,1
55,Male,Trader,83595.26,47400.0,9,3,0,80.02,119067.16,88,2859.16,0.063,Yes,South East,0
26,Female,Casual,81585.51,20000.0,12,0,0,100.0,138672.48,18,0.28,0.0204,No,South West,0
27,Male,Casual,268823.69,329800.0,6,0,0,93.43,351651.64,63,0.0,0.2045,Yes,North West,0
55,Male,Salaried,235657.94,339200.0,3,3,0,88.96,130567.35,57,2.11,0.4798,Yes,South East,0
26,Male,Trader,405547.16,306200.0,12,5,1,72.22,649450.56,79,24243.43,0.0629,No,South West,0
54,Female,Unemployed,62361.25,129000.0,1,4,0,85.31,72899.22,75,0.77,2.0,Yes,South South,0
41,Male,Salaried,284375.39,456600.0,6,4,1,86.57,434021.84,19,0.0,0.2676,No,North West,0
65,Male,Self-employed,342400.62,464600.0,3,1,0,95.75,251972.94,11,12568.9,0.4523,No,North Central,0
19,Female,Casual,330785.03,214600.0,12,3,1,68.6,94040.59,21,0.73,0.0541,Yes,South East,1
63,Female,Salaried,138186.68,104000.0,3,3,1,72.86,162354.51,19,0.0,0.2509,No,South East,1
28,Male,Unemployed,252158.21,189400.0,12,3,1,87.95,69048.36,30,0.0,0.0626,No,North West,0
19,Female,Self-employed,108720.43,123800.0,12,3,1,85.93,161518.21,24,3743.3,0.0949,No,South West,0
52,Male,Casual,148790.89,121600.0,12,4,0,84.22,165001.0,48,1.27,0.0681,No,South West,0
43,Male,Trader,91381.97,20000.0,12,4,1,72.88,71307.16,27,2938.33,0.02,Yes,South West,0
58,Female,Trader,109927.84,50100.0,9,6,0,93.23,28814.47,57,5908.79,0.0506,Yes,South East,1
23,Male,Trader,153904.35,144900.0,12,2,1,83.81,79108.84,68,9728.29,0.0785,No,North East,1
21,Female,Salaried,130823.35,164400.0,3,1,0,93.31,67559.81,75,0.59,0.4189,Yes,North East,0
45,Male,Trader,109918.86,145900.0,12,3,1,92.77,13864.54,30,2636.06,0.1106,No,South East,0
60,Male,Unemployed,77340.58,106400.0,2,2,0,95.84,22517.58,48,0.0,0.6879,Yes,North West,0
37,Female,Unemployed,643980.93,1138700.0,6,2,0,77.96,678808.48,50,0.0,0.2947,Yes,South East,0
56,Male,Unemployed,130007.34,184700.0,6,4,1,84.49,14690.22,54,0.0,0.2368,No,South South,0
61,Female,Trader,223058.59,345800.0,12,4,0,92.72,185585.83,102,8562.78,0.1292,Yes,South South,0
59,Male,Trader,57375.94,91500.0,3,2,0,90.46,59250.46,20,1351.19,0.5316,No,South West,0
42,Female,Self-employed,435036.0,272400.0,6,1,1,83.55,198756.9,178,16948.46,0.1044,No,South West,0
51,Male,Trader,200659.87,126200.0,9,2,1,77.3,339506.94,96,5564.5,0.0699,No,South South,0
43,Male,Trader,134887.14,212800.0,9,0,0,95.41,108598.51,160,4789.71,0.1753,No,South West,0
50,Female,Salaried,135655.03,153000.0,2,0,0,90.34,175546.78,58,0.0,0.5639,No,South East,0
45,Male,Salaried,316737.47,213100.0,6,2,0,90.06,132112.63,12,0.6,0.1121,No,South West,0
43,Female,Trader,35000.0,20000.0,9,2,0,100.0,3721.29,1,1127.8,0.0635,No,South South,0
38,Male,Self-employed,105344.0,115600.0,12,1,0,94.8,17989.31,158,4951.54,0.0914,No,South West,0
49,Female,Self-employed,166592.77,71400.0,12,5,3,46.9,88720.66,7,10785.18,0.0357,No,South South,1
54,Male,Salaried,165349.21,228100.0,3,1,1,76.71,91214.63,78,0.53,0.4598,Yes,South East,1
62,Female,Casual,917277.12,1093900.0,3,3,0,100.0,336118.25,58,0.0,0.3975,No,North Central,0
47,Female,Unemployed,144534.91,306600.0,9,1,0,95.44,87053.31,66,0.0,0.2357,No,South South,0
22,Male,Trader,342613.98,575300.0,6,3,0,91.64,85884.63,136,14893.51,0.2799,Yes,North Central,0
46,Male,Unemployed,584369.81,731100.0,9,0,0,100.0,883835.54,26,0.0,0.139,Yes,North West,0
33,Male,Casual,278343.51,408600.0,12,6,0,91.63,153709.11,8,0.77,0.1223,No,South West,1
19,Male,Salaried,116160.91,93700.0,1,1,0,95.26,145961.21,77,0.0,0.8066,Yes,South West,0
21,Female,Salaried,78103.89,58100.0,12,1,0,85.58,121730.68,40,1.69,0.062,No,North East,0
46,Male,Salaried,292212.14,340300.0,3,0,0,89.62,465871.1,93,0.93,0.3882,No,North West,0
63,Female,Salaried,524383.48,239600.0,12,2,1,86.02,515978.66,14,0.0,0.0381,No,North Central,1
42,Female,Trader,256680.69,345300.0,6,6,0,93.65,151030.39,10,13183.5,0.2242,Yes,South South,0
39,Male,Self-employed,401295.54,759000.0,12,5,0,94.65,620104.7,92,25005.33,0.1576,Yes,South West,0
22,Male,Casual,970413.66,533400.0,3,2,0,93.37,1605508.32,43,0.0,0.1832,No,South South,0
50,Female,Trader,310210.2,454400.0,6,3,0,93.66,400750.68,119,16224.69,0.2441,No,South West,0
20,Female,Self-employed,88018.37,20000.0,1,1,0,90.22,88429.27,70,2145.47,0.2272,Yes,South South,0
58,Male,Unemployed,186074.35,163000.0,9,2,0,90.71,60353.17,59,0.37,0.0973,Yes,North West,0
57,Female,Unemployed,438603.9,374800.0,12,3,1,83.41,475555.34,73,0.97,0.0712,No,South East,0
65,Female,Trader,153124.3,64600.0,12,0,0,91.97,67074.7,168,6562.78,0.0352,No,North West,0
31,Female,Casual,478983.18,919300.0,9,1,0,97.24,164898.25,30,0.96,0.2133,Yes,South South,0
25,Female,Unemployed,172336.31,20000.0,2,3,1,86.99,122527.91,47,0.37,0.058,Yes,South East,0
32,Female,Trader,223694.81,298500.0,12,4,2,79.73,158748.91,34,14433.17,0.1112,No,North Central,1
56,Male,Casual,143304.99,158600.0,6,4,0,98.85,127267.57,88,0.0,0.1845,No,North West,0
28,Female,Salaried,199667.9,224100.0,9,3,1,70.19,136804.69,83,0.0,0.1247,No,South South,0
60,Female,Self-employed,206654.37,141300.0,3,2,1,79.25,23295.6,100,12610.47,0.2279,No,South West,0
25,Male,Self-employed,63269.58,54400.0,12,2,0,100.0,53441.14,110,2775.57,0.0717,No,North Central,0
20,Male,Salaried,135087.3,259800.0,6,2,0,98.62,73820.92,42,0.11,0.3205,Yes,South East,0
28,Male,Salaried,80751.1,218800.0,6,1,0,100.0,82776.83,75,0.0,0.4516,No,North Central,0
54,Male,Salaried,138149.48,147200.0,1,0,0,93.97,102443.96,88,0.0,1.0655,No,South West,0
46,Male,Self-employed,107350.63,296100.0,6,4,1,75.9,77048.17,40,6881.63,0.4597,No,South East,1
35,Male,Salaried,347456.9,207900.0,3,3,0,96.4,508056.39,82,3.16,0.1994,Yes,South South,0
49,Male,Self-employed,350081.79,556900.0,12,4,1,70.33,445616.37,46,12496.84,0.1326,No,South West,1
49,Male,Casual,259082.89,65500.0,12,2,1,79.71,351429.46,11,0.0,0.0211,No,North Central,1
44,Male,Trader,78963.43,20000.0,12,1,1,91.53,86598.13,56,4134.27,0.0211,No,South South,1
42,Female,Trader,168876.76,238000.0,6,1,0,91.69,253667.91,66,9812.93,0.2349,No,South West,0
22,Male,Salaried,74984.53,20000.0,9,2,1,83.93,81885.02,50,0.0,0.0296,No,South South,0
30,Male,Casual,163565.93,177300.0,6,1,1,79.53,15960.55,25,0.0,0.1807,No,South East,0
43,Female,Salaried,274178.84,390100.0,12,0,0,100.0,241058.82,29,0.0,0.1186,No,North Central,1
24,Male,Self-employed,343032.32,361000.0,3,1,0,85.71,342347.42,52,21862.07,0.3508,No,South East,0
40,Female,Self-employed,244766.81,208900.0,3,3,0,98.72,372192.58,66,6585.29,0.2845,No,North Central,0
23,Female,Unemployed,407876.07,593600.0,6,3,0,91.2,367517.55,53,0.0,0.2426,No,South West,1
55,Male,Unemployed,213107.88,360400.0,6,5,0,89.45,93762.28,39,0.77,0.2819,No,South West,0
22,Female,Casual,154646.62,43600.0,12,1,0,82.27,122665.96,59,0.0,0.0235,Yes,North West,1
22,Female,Trader,317613.8,445100.0,3,2,1,92.51,237446.88,98,9521.84,0.4671,Yes,South West,0
48,Female,Self-employed,324461.32,272100.0,9,1,1,88.55,314347.99,77,19183.21,0.0932,Yes,South West,0
28,Male,Trader,128027.52,268700.0,3,3,0,84.71,62338.79,48,5239.96,0.6996,No,South East,1
34,Female,Salaried,230279.85,290100.0,1,3,1,76.89,136880.37,58,0.57,1.2598,Yes,South West,1
33,Male,Salaried,148658.71,46600.0,12,1,0,89.48,243125.16,63,0.0,0.0261,Yes,South South,0
28,Male,Unemployed,48782.43,20000.0,12,6,1,86.07,41745.93,20,0.0,0.0342,No,North Central,1
54,Male,Unemployed,239613.23,236400.0,12,2,1,78.03,347317.71,33,0.0,0.0822,No,South West,0
51,Male,Self-employed,77596.12,264800.0,6,3,1,72.28,126986.69,120,4646.88,0.5688,Yes,South South,0
29,Male,Salaried,222806.26,439400.0,9,2,1,85.39,308915.97,51,2.37,0.2191,No,North East,0
50,Female,Salaried,66354.25,67100.0,9,0,0,100.0,46612.13,2,0.0,0.1124,No,North West,0
52,Male,Self-employed,112750.03,20000.0,9,4,1,82.58,42526.06,138,6056.31,0.02,Yes,North West,0
43,Male,Salaried,135791.09,154100.0,1,3,0,81.36,186985.63,1,0.0,1.1348,No,South West,1
45,Female,Trader,393105.47,138800.0,1,3,0,86.64,419025.19,158,9739.3,0.3531,No,South East,0
62,Female,Salaried,127252.34,36300.0,3,4,1,78.02,73152.92,64,0.47,0.0951,No,South West,0
39,Male,Salaried,89498.85,174400.0,9,4,2,67.59,123894.62,36,0.0,0.2165,No,North Central,0
36,Female,Salaried,228099.32,264400.0,12,2,1,91.2,228048.37,20,0.0,0.0966,No,South West,0
43,Male,Trader,156322.94,66700.0,9,3,1,80.14,209234.38,50,4524.14,0.0474,Yes,South West,0
58,Female,Self-employed,300913.01,592300.0,3,2,0,97.77,266849.29,172,17361.14,0.6561,Yes,North West,0
52,Male,Self-employed,93245.41,23300.0,9,1,0,78.69,98900.4,142,5506.45,0.0278,No,South South,0
21,Female,Trader,206440.43,47000.0,2,1,0,91.22,134677.91,89,11906.7,0.1138,No,South South,0
40,Male,Casual,896210.46,1117900.0,12,1,1,88.13,556311.41,15,0.84,0.1039,Yes,South West,0
53,Female,Self-employed,154072.85,68400.0,6,2,0,100.0,190912.06,84,8354.98,0.074,No,South East,0
28,Female,Trader,203228.63,294200.0,9,1,0,84.62,138429.59,81,9740.93,0.1608,Yes,South East,0
65,Female,Self-employed,61146.99,94500.0,2,1,1,78.3,43979.2,41,3151.73,0.7727,No,South West,0
56,Female,Trader,103391.25,225900.0,3,0,0,81.67,56027.51,118,2406.57,0.7283,No,South West,0
58,Male,Self-employed,242687.67,298000.0,6,2,0,92.57,331134.64,66,7349.64,0.2047,Yes,South West,0
21,Male,Unemployed,145259.72,187800.0,6,1,0,100.0,205698.56,53,0.0,0.2155,No,South South,0
45,Female,Unemployed,268362.39,568100.0,1,2,0,100.0,83046.07,39,0.0,2.0,No,South East,1
43,Male,Trader,237262.47,148200.0,6,3,2,60.6,280533.98,32,11033.36,0.1041,No,North Central,0
48,Female,Casual,76419.49,63000.0,1,2,0,92.19,34788.8,22,0.0,0.8244,No,South South,0
58,Female,Salaried,348244.89,546400.0,12,0,0,100.0,157480.91,21,0.34,0.1308,No,North West,0
34,Male,Trader,80255.21,20000.0,6,1,0,92.48,29241.34,147,4250.59,0.0415,Yes,South West,0
43,Male,Salaried,109481.72,38500.0,6,1,0,90.14,45590.78,43,2.41,0.0586,No,North West,0
50,Male,Salaried,208955.65,419700.0,6,1,0,90.05,146845.27,88,1.02,0.3348,No,South South,0
54,Female,Self-employed,498459.23,234800.0,12,4,0,83.72,265795.53,136,30580.82,0.0393,No,South South,0
54,Female,Trader,93731.77,102300.0,1,0,0,97.07,36615.9,80,4627.08,1.0914,No,South West,0
34,Male,Trader,198135.62,185900.0,9,2,0,98.53,215194.53,17,10208.17,0.1042,Yes,North West,0
65,Female,Casual,199212.11,121900.0,12,2,1,83.83,271238.26,89,0.19,0.051,No,South East,1
18,Female,Self-employed,275955.84,42300.0,6,4,1,85.72,210908.25,44,13196.9,0.0255,Yes,North West,0
41,Male,Unemployed,388610.17,707400.0,1,1,1,79.99,24388.77,66,0.0,1.8203,Yes,South East,0
47,Male,Casual,138422.13,334000.0,3,4,1,83.23,143678.76,8,0.0,0.8043,No,North East,0
20,Female,Casual,347463.23,444400.0,12,2,0,100.0,492719.44,7,0.0,0.1066,No,South West,1
39,Female,Salaried,427376.76,390600.0,2,1,0,90.7,453969.69,6,0.88,0.457,No,South South,0
46,Male,Self-employed,573943.13,224400.0,1,3,0,90.06,829260.82,134,28846.26,0.391,Yes,South West,0
47,Female,Trader,249437.15,372800.0,12,0,0,100.0,17241.5,174,8879.9,0.1245,No,South East,0
23,Female,Unemployed,199395.61,153200.0,12,3,0,88.42,83507.54,5,0.0,0.064,Yes,South West,0
31,Female,Salaried,132221.29,226500.0,6,2,0,85.98,148712.81,95,0.0,0.2855,Yes,South East,0
29,Male,Self-employed,69728.94,170000.0,1,2,0,86.64,46746.38,164,2469.71,2.0,Yes,South East,0
48,Male,Self-employed,150247.97,20000.0,6,1,0,100.0,56473.68,102,4314.07,0.0222,No,South West,0
33,Female,Self-employed,193635.28,346100.0,12,5,1,85.93,302064.78,178,6770.24,0.1489,No,North East,0
45,Female,Casual,167634.64,251500.0,3,2,0,98.34,120009.29,0,0.0,0.5001,No,South West,0
53,Male,Salaried,265462.49,375900.0,2,0,0,87.42,383034.93,37,0.97,0.708,No,South East,1
56,Male,Self-employed,69947.45,109400.0,12,3,0,97.48,114952.3,73,4356.19,0.1303,No,South East,1
26,Male,Trader,159919.98,112500.0,9,3,0,100.0,15157.21,163,8438.39,0.0782,Yes,North West,0
61,Female,Self-employed,658231.72,737000.0,6,0,0,96.52,1062383.63,165,31623.05,0.1866,Yes,North Central,0
25,Male,Salaried,343812.36,407300.0,12,3,0,86.26,425820.05,93,0.8,0.0987,No,South West,0
19,Male,Trader,268669.08,160300.0,6,3,0,97.74,357781.92,98,12149.65,0.0994,Yes,North Central,0
20,Male,Self-employed,232037.82,106300.0,12,2,1,80.98,82539.35,103,5072.64,0.0382,No,South West,0
27,Female,Unemployed,141943.08,189300.0,2,1,1,84.89,48439.7,71,0.5,0.6668,No,North East,1
59,Male,Trader,57559.04,80100.0,6,0,0,87.24,47825.73,53,1979.03,0.2319,Yes,North West,0
27,Female,Unemployed,242279.12,117000.0,9,2,0,88.67,73167.11,67,0.2,0.0537,No,South South,0
51,Female,Salaried,36652.38,20000.0,6,4,0,90.69,45196.18,22,0.0,0.0909,No,North West,1
38,Female,Trader,145670.26,191100.0,6,5,0,88.55,224244.19,78,5927.94,0.2186,No,South East,0
19,Male,Self-employed,179572.38,317700.0,9,3,0,93.59,290836.11,30,8231.4,0.1966,Yes,South West,0
39,Female,Trader,134596.72,20000.0,6,0,0,89.21,74084.73,170,8524.9,0.0248,No,South South,0
19,Male,Self-employed,738304.13,848000.0,3,6,0,100.0,666755.23,61,47721.08,0.3829,No,South West,0
40,Female,Salaried,589208.24,349800.0,6,1,0,97.44,213699.2,43,0.0,0.0989,No,South East,0
44,Female,Salaried,352230.04,114300.0,9,1,0,99.31,213100.42,67,0.66,0.0361,No,North West,0
43,Female,Casual,98641.74,20000.0,9,0,0,93.03,49944.4,87,0.0,0.0225,No,North East,0
31,Male,Casual,627583.55,292600.0,6,0,0,79.96,565778.05,16,0.48,0.0777,No,South West,0
54,Female,Salaried,269154.83,259300.0,3,0,0,99.88,130920.61,82,0.05,0.3211,No,South South,0
46,Female,Trader,97579.76,20000.0,2,3,0,93.23,7781.8,79,4644.82,0.1025,No,North East,0
30,Female,Trader,183868.87,261900.0,12,4,1,88.35,89699.37,91,4229.05,0.1187,No,North Central,0
38,Female,Self-employed,335637.1,515300.0,12,5,1,79.23,91609.69,113,21063.82,0.1279,Yes,South West,0
23,Male,Self-employed,121959.08,273000.0,9,1,0,78.41,14033.92,20,3436.68,0.2487,No,North East,1
62,Female,Casual,197216.68,20000.0,6,1,0,90.99,163498.88,88,1.56,0.02,No,North East,0
54,Female,Trader,221111.37,134300.0,2,1,0,88.22,245020.95,100,7631.08,0.3037,Yes,South West,0
31,Male,Trader,88005.7,124800.0,6,2,0,95.45,135830.29,25,3354.06,0.2363,No,South South,0
50,Female,Trader,151017.62,75600.0,6,6,1,85.94,58902.62,122,5398.25,0.0834,No,South South,0
50,Female,Trader,92425.8,180600.0,6,3,1,91.09,16198.28,122,3024.39,0.3257,No,North East,0
47,Female,Salaried,316584.78,661600.0,3,2,1,81.12,396178.04,65,0.0,0.6966,No,South South,0
20,Female,Unemployed,99755.36,157300.0,2,2,0,90.08,90153.67,53,0.0,0.7884,No,North West,0
60,Male,Self-employed,217593.63,265300.0,12,2,1,77.12,339370.15,152,4811.97,0.1016,No,South West,0
63,Female,Casual,72919.46,122900.0,6,0,0,97.61,59796.22,57,0.5,0.2809,No,South West,1
64,Female,Casual,86161.45,110400.0,12,1,0,99.91,127690.3,88,0.0,0.1068,No,North East,0
65,Male,Trader,83490.6,66800.0,9,3,0,85.28,13135.13,164,3042.64,0.0889,Yes,North Central,0
62,Female,Trader,149117.26,20000.0,12,5,1,78.43,252027.45,80,4741.53,0.02,No,South South,0
53,Male,Salaried,202391.69,180400.0,3,4,1,80.61,147775.23,1,0.0,0.2971,Yes,North West,0
20,Male,Self-employed,228160.15,333800.0,2,3,0,82.69,337824.03,52,11191.56,0.7315,No,North West,0
40,Female,Trader,56883.43,143200.0,9,1,0,99.04,6272.26,29,2182.22,0.2797,Yes,South South,0
29,Female,Salaried,161312.14,199600.0,6,0,0,95.58,57951.08,29,0.92,0.2062,No,South West,1
28,Female,Salaried,110507.68,20000.0,1,3,0,92.63,112755.7,53,0.19,0.181,No,North East,0
57,Female,Unemployed,254722.03,316100.0,9,1,0,95.7,19129.29,77,0.96,0.1379,Yes,South East,0
57,Female,Self-employed,151258.95,96400.0,3,2,0,98.57,147147.6,76,5978.81,0.2124,No,South West,0
43,Male,Self-employed,170786.92,20000.0,2,2,1,90.47,84865.95,63,7904.19,0.0586,Yes,South South,0
53,Female,Salaried,110912.33,117200.0,12,3,0,98.58,102572.28,78,0.0,0.0881,No,South South,0
24,Female,Trader,552237.31,436900.0,6,3,0,85.98,709857.57,51,23679.53,0.1319,No,South West,1
28,Female,Self-employed,78150.01,20000.0,3,1,0,100.0,84728.17,147,1796.81,0.0853,No,South East,0
59,Male,Casual,138813.29,213600.0,1,2,0,86.14,177599.98,41,2.13,1.5388,No,South East,1
39,Male,Self-employed,193039.7,308700.0,12,2,0,96.73,120235.38,25,10737.74,0.1333,No,South West,0
44,Female,Salaried,152867.66,150200.0,12,2,1,79.04,188387.51,23,0.0,0.0819,No,South South,0
40,Male,Self-employed,109551.91,20000.0,3,0,0,93.17,102546.42,68,4697.4,0.0609,No,South West,1
27,Female,Salaried,55443.39,97700.0,6,7,1,81.4,49269.95,73,1.49,0.2937,No,South East,0
57,Male,Casual,114832.67,154300.0,9,0,0,97.19,124385.14,50,0.64,0.1493,No,South South,0
54,Male,Salaried,96482.02,196400.0,2,2,0,100.0,85024.63,73,0.0,1.0178,No,South South,0
50,Male,Salaried,536170.84,455600.0,6,3,0,89.39,421683.9,84,0.0,0.1416,Yes,North West,0
34,Female,Self-employed,784470.69,331500.0,3,1,1,86.44,448314.99,45,23686.09,0.1409,Yes,South South,0
48,Female,Salaried,174154.4,75200.0,3,1,1,83.05,181599.37,9,0.0,0.1439,No,South East,1
63,Male,Self-employed,72230.7,89400.0,6,1,1,99.28,38926.74,25,3101.2,0.2063,No,North West,0
49,Female,Self-employed,290814.47,422200.0,3,5,0,97.5,14735.44,73,13488.75,0.4839,No,North Central,0
41,Female,Unemployed,95131.21,96500.0,6,1,0,85.95,14569.16,38,0.0,0.1691,No,North Central,0
30,Male,Salaried,125963.94,192500.0,3,3,0,100.0,189073.35,96,0.0,0.5094,No,South South,0
43,Male,Self-employed,119606.19,182400.0,6,0,0,90.9,173006.8,106,5442.91,0.2542,No,South South,0
35,Male,Trader,130012.18,236000.0,12,3,0,87.97,211905.9,82,6138.13,0.1513,No,South East,0
47,Male,Salaried,142934.82,20000.0,6,6,0,100.0,112567.55,91,1.58,0.0233,No,North West,0
20,Male,Trader,76644.71,251300.0,6,1,0,94.93,38134.32,143,2183.97,0.5465,No,North West,0
27,Female,Casual,114051.26,217200.0,6,2,1,82.38,193636.63,84,0.35,0.3174,Yes,South South,0
55,Male,Casual,349296.32,133600.0,12,1,0,100.0,368064.72,0,0.48,0.0319,Yes,South South,0
36,Male,Unemployed,176116.35,290100.0,9,2,0,90.41,272692.5,65,0.0,0.183,No,South South,0
38,Male,Trader,195275.4,249800.0,1,1,0,90.36,124888.16,48,11791.89,1.2792,No,North East,0
44,Female,Self-employed,42182.08,20000.0,2,1,0,97.48,55881.08,82,1186.36,0.2371,Yes,South South,0
39,Female,Unemployed,333291.08,20000.0,6,3,0,78.2,445438.63,21,0.55,0.02,No,South South,0
54,Male,Salaried,115280.57,161700.0,9,3,0,95.13,130924.82,23,0.0,0.1559,Yes,South East,0
29,Female,Trader,373731.05,248600.0,2,4,0,94.56,168344.45,53,18270.58,0.3326,No,North East,0
54,Female,Trader,198986.2,31600.0,6,1,0,88.02,283047.37,171,5493.09,0.0265,No,South West,0
28,Male,Casual,124913.58,64600.0,9,2,0,93.88,102978.81,48,0.71,0.0575,No,South West,0
35,Female,Casual,60484.89,199400.0,6,2,1,79.0,78281.45,96,0.61,0.5494,No,North East,0
46,Female,Salaried,739967.84,557200.0,9,1,0,93.7,699082.6,8,0.0,0.0837,Yes,North Central,0
60,Female,Trader,303404.71,305700.0,6,3,1,86.69,68466.12,59,14930.62,0.1679,Yes,South South,0
29,Female,Salaried,315435.81,186200.0,9,4,1,82.54,243395.13,34,0.31,0.0656,No,South East,0
46,Male,Trader,587099.82,442600.0,9,3,0,92.81,396450.36,155,26464.47,0.0838,No,South South,0
21,Female,Trader,208223.79,372500.0,12,4,0,98.91,328811.13,160,5633.99,0.1491,Yes,North West,0
21,Female,Salaried,433554.23,744000.0,9,2,1,82.99,620417.44,19,0.0,0.1907,No,North Central,0
54,Female,Casual,131878.75,71500.0,6,5,0,100.0,75601.91,61,0.0,0.0904,No,South East,0
52,Female,Self-employed,290726.48,248900.0,9,3,0,100.0,307286.98,85,13689.93,0.0951,Yes,North West,0
36,Female,Self-employed,119509.28,72800.0,12,1,0,90.29,93015.6,175,5525.53,0.0508,Yes,South West,0
47,Female,Unemployed,129729.13,259800.0,6,3,1,72.55,146948.09,45,0.0,0.3338,Yes,South East,0
36,Male,Trader,191714.49,278300.0,6,1,0,89.25,146797.33,28,5584.07,0.2419,No,South West,0
31,Female,Trader,78976.28,39000.0,2,3,0,79.71,57031.46,132,5022.21,0.2469,No,South South,0
38,Female,Salaried,222980.11,181200.0,9,3,1,81.6,297218.57,6,0.0,0.0903,No,South South,1
32,Female,Salaried,146963.46,42800.0,6,1,0,91.96,237682.17,7,0.07,0.0485,No,North East,0
57,Female,Salaried,49453.98,20000.0,2,1,1,78.18,6173.92,4,0.0,0.2022,No,South South,0
37,Female,Self-employed,133683.71,105700.0,6,4,1,82.78,11443.1,53,3367.68,0.1318,No,North West,1
33,Female,Self-employed,143835.65,61900.0,12,2,1,79.18,131140.65,31,8704.35,0.0359,No,North Central,0
43,Female,Self-employed,313343.66,232000.0,1,2,0,96.76,389181.8,90,9003.16,0.7404,Yes,North Central,0
54,Female,Trader,216661.35,127500.0,6,2,0,92.14,338318.68,123,11975.4,0.0981,No,South West,0
31,Male,Salaried,461191.75,278900.0,12,0,0,94.54,244677.1,1,0.65,0.0504,Yes,South West,0
63,Female,Trader,252403.27,373700.0,12,3,0,100.0,211231.81,46,14804.81,0.1234,Yes,South West,0
40,Male,Casual,125572.36,187000.0,6,1,0,100.0,177612.88,3,0.0,0.2482,No,South South,0
49,Male,Salaried,173299.84,302300.0,2,2,1,92.09,106272.67,33,0.0,0.8722,No,South South,1
63,Female,Trader,143556.06,260000.0,6,0,0,96.41,22734.89,79,6728.33,0.3019,Yes,South West,0
38,Female,Salaried,247185.53,323800.0,3,3,0,81.33,358042.15,78,0.0,0.4366,No,South East,0
27,Female,Self-employed,187137.05,236700.0,6,2,0,89.21,91717.89,85,6432.9,0.2108,No,South South,0
53,Female,Trader,119628.74,216600.0,6,2,0,82.69,201054.54,32,7708.43,0.3018,Yes,South East,0
18,Male,Salaried,181009.07,278800.0,9,0,0,100.0,84665.29,58,0.0,0.1711,Yes,South South,0
39,Female,Self-employed,242918.08,358600.0,9,2,1,81.02,263655.87,94,9287.6,0.164,No,South West,1
65,Male,Casual,93576.83,20000.0,12,3,0,100.0,148161.9,22,0.18,0.02,Yes,South West,0
37,Female,Salaried,221187.9,283000.0,9,0,0,100.0,106565.44,62,0.03,0.1422,Yes,South East,0
50,Male,Trader,64509.52,62800.0,6,2,0,93.12,48600.89,41,2952.39,0.1622,No,North Central,0
43,Male,Trader,369288.52,187600.0,2,2,1,92.86,280407.83,1,21373.98,0.254,No,South West,1
28,Female,Salaried,253566.06,191100.0,12,3,0,100.0,235137.46,88,0.4,0.0628,Yes,South South,0
33,Male,Trader,519045.12,693800.0,9,4,0,94.57,342229.83,67,19714.54,0.1485,No,South South,1
43,Male,Self-employed,87109.78,20000.0,6,1,0,97.04,81011.4,79,2001.54,0.0383,Yes,South South,0
23,Female,Salaried,376041.86,495900.0,3,2,0,100.0,408480.03,0,0.0,0.4396,Yes,North West,0
37,Female,Unemployed,330700.75,497000.0,9,3,0,97.13,181988.32,45,0.0,0.167,Yes,North West,0
37,Female,Self-employed,159893.19,94300.0,1,1,0,89.34,172318.58,88,7584.14,0.5898,No,North West,0
58,Female,Trader,140912.44,249800.0,12,3,1,76.31,55221.43,9,5482.05,0.1477,Yes,South East,0
23,Male,Salaried,88908.87,106500.0,3,3,0,92.15,42673.52,64,0.0,0.3993,No,North Central,0
58,Female,Salaried,75051.95,20000.0,6,3,0,89.23,13449.5,21,0.0,0.0444,No,South West,1
37,Female,Trader,110460.12,20000.0,3,3,0,95.43,162303.27,5,3101.59,0.0604,No,North Central,0
49,Male,Trader,79575.22,89700.0,6,1,0,90.39,60245.89,163,2284.34,0.1879,Yes,North East,0
44,Female,Salaried,507845.09,849600.0,12,1,0,91.32,269834.4,94,0.16,0.1394,No,South West,0
32,Male,Trader,67804.13,72200.0,3,5,0,100.0,78455.98,33,4035.04,0.3549,No,South South,0
62,Female,Self-employed,198291.65,20000.0,1,4,1,89.99,128654.47,119,11669.65,0.1009,No,South East,0
28,Male,Self-employed,238928.7,484000.0,1,0,0,88.56,207211.41,149,11529.34,2.0,No,South South,0
19,Male,Casual,227086.58,223900.0,1,2,0,91.49,148867.99,57,0.41,0.986,No,North East,0
54,Female,Trader,240421.7,201200.0,6,1,0,92.39,119730.96,72,7474.85,0.1395,No,North Central,0
47,Male,Self-employed,332991.53,348200.0,1,1,0,96.2,549492.9,8,16648.86,1.0457,No,South East,0
60,Female,Trader,134707.73,213900.0,6,1,0,96.41,8846.31,138,4755.56,0.2646,No,North Central,0
39,Male,Self-employed,190540.5,130100.0,9,1,0,90.45,111163.02,19,9053.07,0.0759,No,South West,0
18,Male,Unemployed,148731.38,20000.0,12,3,1,85.66,170649.97,42,0.67,0.02,No,North Central,0
18,Female,Casual,419724.48,227500.0,3,0,0,90.77,340909.43,31,1.4,0.1807,Yes,South West,1
38,Male,Self-employed,704768.73,914900.0,12,1,0,91.39,612456.95,32,34255.69,0.1082,No,North West,0
29,Male,Self-employed,82839.08,163400.0,12,1,0,87.64,83745.07,27,5374.89,0.1644,No,South South,0
62,Male,Unemployed,48073.99,114000.0,9,1,0,100.0,62876.03,0,0.0,0.2635,Yes,North Central,1
23,Male,Casual,260575.43,225400.0,9,0,0,100.0,57072.26,32,0.0,0.0961,No,South East,0
60,Male,Salaried,360935.48,116100.0,6,0,0,96.43,53850.74,79,0.0,0.0536,No,South South,0
28,Female,Salaried,642259.29,951400.0,1,5,2,72.3,385802.72,57,0.0,1.4813,Yes,South West,1
23,Male,Self-employed,290785.41,461100.0,12,4,0,100.0,233823.35,161,15299.64,0.1321,No,South East,0
31,Male,Casual,445953.41,368400.0,12,3,2,75.35,623969.72,41,0.0,0.0688,No,South South,0
24,Female,Unemployed,529533.45,637100.0,3,1,0,99.09,36770.92,7,1.33,0.401,Yes,South West,0
37,Female,Casual,466408.75,248600.0,3,1,0,91.0,508931.03,45,0.22,0.1777,No,South West,1
33,Female,Salaried,319165.95,140600.0,1,5,1,71.19,193013.27,2,1.24,0.4405,Yes,South South,1
43,Female,Casual,78219.63,20600.0,6,2,1,72.52,61867.46,39,1.74,0.0439,No,South West,0
43,Female,Salaried,179024.32,301700.0,12,3,1,100.0,176905.14,9,0.99,0.1404,Yes,South West,0
18,Female,Self-employed,218761.47,415700.0,1,2,0,92.34,89654.16,76,9548.77,1.9002,No,North West,0
23,Male,Self-employed,168693.02,20000.0,9,2,0,100.0,65740.12,118,6518.33,0.02,No,South West,0
25,Female,Self-employed,175596.36,221500.0,12,3,0,97.79,231807.0,51,6820.28,0.1051,No,North West,0
27,Female,Self-employed,498525.67,792500.0,6,4,2,75.85,709289.68,13,24741.04,0.2649,Yes,North Central,0
22,Male,Salaried,110058.96,47200.0,9,1,1,71.58,53027.48,48,0.0,0.0477,No,North East,0
33,Female,Salaried,302578.54,398300.0,6,2,0,89.08,329366.49,90,0.0,0.2194,No,North East,0
44,Female,Casual,221106.37,300300.0,1,5,0,93.08,199351.82,47,0.59,1.3582,No,North West,0
32,Male,Salaried,103085.71,90500.0,6,1,0,93.06,106531.97,4,0.51,0.1463,No,North Central,0
33,Male,Self-employed,89404.04,263300.0,1,2,0,97.82,131894.53,179,3468.68,2.0,No,North Central,1
40,Male,Salaried,59567.02,20000.0,9,4,0,89.25,61744.2,9,0.0,0.0373,Yes,South South,0
44,Female,Self-employed,246800.9,112200.0,3,2,1,75.01,362146.07,175,10733.34,0.1515,No,North East,0
33,Female,Salaried,172750.39,107700.0,12,2,0,100.0,143228.88,53,0.08,0.052,Yes,South South,0
28,Male,Trader,105235.59,92500.0,6,0,0,100.0,16235.79,124,4771.51,0.1465,No,North Central,0
37,Male,Self-employed,53169.69,43800.0,12,3,1,76.76,16614.44,68,3458.84,0.0686,No,South South,0
19,Male,Self-employed,238464.14,247600.0,9,3,1,79.83,266086.72,43,7909.56,0.1154,Yes,South South,0
41,Male,Casual,160779.54,99200.0,9,0,0,92.97,108644.25,95,0.0,0.0686,Yes,North Central,1
63,Female,Salaried,113188.67,27300.0,3,2,0,93.55,93638.68,12,0.01,0.0804,No,South East,0
37,Female,Trader,96190.53,135900.0,6,1,0,92.52,122626.43,177,5123.97,0.2355,No,North Central,0
23,Male,Salaried,154143.35,88600.0,9,2,0,91.55,166523.32,23,0.0,0.0639,No,North West,0
51,Male,Casual,244314.07,175500.0,9,1,0,97.89,308103.99,12,0.0,0.0798,No,South South,0
24,Female,Salaried,145251.67,159100.0,9,2,1,85.72,16149.5,78,0.0,0.1217,No,North West,0
27,Male,Self-employed,83130.76,20000.0,1,0,0,92.29,131656.74,45,1828.08,0.2406,No,South South,0
25,Female,Trader,173326.25,248100.0,1,0,0,89.98,112958.24,59,8588.96,1.4314,Yes,North East,0
60,Male,Self-employed,355157.98,680400.0,1,5,0,90.66,434342.29,151,8570.05,1.9158,No,North Central,0
65,Female,Casual,184773.51,174900.0,1,4,3,59.66,135893.74,33,0.14,0.9466,No,South East,1
45,Male,Salaried,188186.25,375500.0,9,4,1,75.8,74621.76,27,0.0,0.2217,No,South East,0
47,Female,Self-employed,145659.55,223000.0,6,2,0,86.88,139405.26,72,4959.64,0.2552,Yes,South South,0
48,Male,Casual,100955.05,111300.0,6,3,1,83.13,19464.99,36,0.0,0.1837,No,South West,1
47,Male,Casual,98797.62,93300.0,1,3,1,82.01,12737.38,76,0.3,0.9444,No,South South,0
44,Female,Self-employed,61114.66,79600.0,9,0,0,93.03,31133.6,52,2531.31,0.1447,No,North Central,0
65,Male,Self-employed,387902.35,341300.0,1,4,0,99.83,293152.11,2,23652.99,0.8799,No,North Central,0
53,Male,Trader,243119.25,309400.0,3,0,0,93.64,110649.83,44,15509.55,0.4242,No,North East,0
22,Male,Trader,189914.37,178600.0,12,3,1,78.83,319743.16,1,7869.04,0.0784,Yes,North West,0
36,Female,Casual,218128.79,260100.0,9,0,0,95.2,21033.35,54,0.0,0.1325,Yes,North East,0
64,Male,Casual,224449.55,120900.0,1,3,0,89.43,332778.46,36,0.02,0.5387,No,South West,0
37,Male,Self-employed,111664.83,20000.0,1,0,0,100.0,83647.5,100,3874.24,0.1791,No,North Central,0
27,Male,Trader,145698.05,28800.0,6,1,0,94.16,188924.94,36,8464.46,0.0329,No,South West,0
59,Female,Self-employed,132253.59,47600.0,6,5,1,78.21,204978.32,39,3522.32,0.06,No,South South,1
47,Male,Salaried,920928.56,1296700.0,3,2,1,82.94,939337.46,85,1.4,0.4693,No,South East,0
45,Female,Casual,349354.85,483800.0,6,2,0,88.43,304755.22,50,0.56,0.2308,No,South East,0
38,Female,Trader,200754.01,125900.0,6,1,0,100.0,218786.39,29,7573.02,0.1045,Yes,North East,0
23,Female,Salaried,437399.35,527000.0,6,4,0,93.31,724149.2,62,0.0,0.2008,Yes,North Central,0
36,Female,Trader,402926.52,253900.0,9,4,1,81.96,73976.75,72,25713.27,0.07,No,South West,0
38,Female,Self-employed,73377.4,72800.0,12,4,0,89.67,72171.02,96,2673.75,0.0827,No,North Central,0
62,Female,Salaried,155726.65,187900.0,3,2,0,92.65,131745.31,88,0.0,0.4022,No,South South,0
32,Male,Trader,178100.14,60900.0,1,2,0,96.9,249689.23,11,9242.29,0.3419,No,North East,1
25,Male,Trader,267856.13,537000.0,2,2,1,79.81,60048.81,44,10940.62,1.0024,No,South West,0
38,Female,Self-employed,155611.35,20000.0,2,3,0,87.76,172379.41,147,7059.87,0.0643,Yes,South West,0
65,Male,Salaried,168833.26,20000.0,3,0,0,99.03,92162.96,61,0.48,0.0395,No,South East,0
41,Male,Self-employed,133363.72,193500.0,1,1,0,95.98,174121.11,40,3402.82,1.4509,No,South East,0
36,Male,Salaried,355940.9,467600.0,12,3,1,71.95,56562.56,13,0.0,0.1095,No,North Central,0
50,Male,Unemployed,70441.71,99300.0,12,1,0,91.46,101079.22,72,0.0,0.1175,No,North Central,0
49,Male,Salaried,136343.34,211500.0,9,2,0,88.26,6916.14,70,0.0,0.1724,No,South West,0
32,Male,Casual,54302.35,121200.0,6,2,0,90.6,81967.66,39,0.38,0.372,No,North Central,0
64,Male,Salaried,92175.21,104300.0,9,2,0,90.84,78021.78,54,0.0,0.1257,No,South West,0
46,Male,Salaried,221212.15,158800.0,6,1,0,92.34,348720.9,41,1.16,0.1196,No,North West,0
20,Female,Self-employed,223957.69,262600.0,9,6,0,84.07,14577.56,171,14030.32,0.1303,Yes,South East,0
37,Male,Trader,146845.68,21400.0,1,4,1,73.46,230595.8,120,6211.04,0.1457,No,South South,1
62,Male,Unemployed,373735.08,381000.0,12,0,0,100.0,353705.28,64,0.0,0.085,No,South West,0
36,Male,Self-employed,434017.44,316200.0,6,1,0,100.0,69190.13,44,11437.41,0.1214,No,North West,0
45,Male,Self-employed,172079.93,30500.0,3,3,0,86.02,288334.01,87,9238.31,0.0591,No,North East,0
47,Female,Salaried,211820.29,77400.0,6,4,0,100.0,108804.41,95,0.0,0.0609,No,North West,0
51,Female,Trader,134129.13,20000.0,3,2,0,100.0,47459.85,130,6696.05,0.0497,No,South East,1
59,Male,Self-employed,270543.76,329400.0,12,1,0,92.63,43602.67,132,17187.39,0.1015,No,South South,0
25,Male,Casual,82832.26,121200.0,9,4,0,97.58,74849.63,3,0.19,0.1626,No,South South,0
42,Male,Self-employed,578390.63,816900.0,12,2,1,93.02,673926.34,146,26736.13,0.1177,No,South East,0
43,Male,Trader,377642.23,649600.0,12,2,0,90.95,206046.1,12,23112.66,0.1433,No,South East,0
25,Male,Casual,82570.69,32700.0,6,2,1,92.2,98801.79,78,1.4,0.066,No,North East,0
50,Male,Salaried,107780.29,128400.0,12,1,0,92.66,155632.62,52,0.0,0.0993,No,South West,0
23,Female,Self-employed,236694.09,392400.0,12,1,0,100.0,189200.52,54,11900.8,0.1382,Yes,South West,0
39,Male,Casual,144473.14,136800.0,2,2,0,100.0,237171.28,60,0.0,0.4734,No,South West,0
33,Female,Self-employed,256453.29,432300.0,3,2,0,100.0,57958.93,110,6540.68,0.5619,Yes,South East,0
25,Male,Self-employed,142501.03,95100.0,6,2,0,91.8,178536.71,141,3271.69,0.1112,No,South East,0
57,Female,Casual,484968.77,533500.0,9,2,0,98.19,613676.13,50,0.0,0.1222,Yes,North West,0
29,Male,Salaried,180974.55,85600.0,9,1,1,75.58,175460.96,59,0.21,0.0526,No,South West,0
30,Female,Casual,868109.35,613100.0,6,0,0,86.02,243303.93,79,0.21,0.1177,No,North East,1
59,Female,Self-employed,266319.25,126700.0,12,3,0,92.45,252257.76,12,5948.15,0.0396,No,South West,0
60,Male,Trader,74876.8,42500.0,9,2,1,82.33,24158.25,159,3682.05,0.0631,No,South East,0
19,Male,Self-employed,698670.77,1223800.0,6,1,0,92.1,133016.95,130,20183.36,0.2919,Yes,South East,0
31,Female,Self-employed,367637.78,155400.0,9,4,0,100.0,346465.66,64,15053.68,0.047,No,South South,0
52,Male,Salaried,230454.35,78200.0,12,1,0,94.54,242434.96,42,0.0,0.0283,No,North East,0
55,Female,Salaried,274038.5,517100.0,6,1,0,86.51,376783.06,8,0.0,0.3145,No,North Central,0
65,Female,Self-employed,83102.64,39000.0,6,0,0,92.08,32201.67,84,3639.02,0.0782,No,South East,0
44,Female,Self-employed,55707.37,27700.0,9,2,0,89.52,88458.1,49,3085.21,0.0552,Yes,South South,0
18,Male,Trader,175180.97,217800.0,6,2,0,100.0,173807.18,102,3848.45,0.2072,No,North West,0
59,Male,Salaried,441049.7,441500.0,2,1,0,97.54,491430.35,38,1.71,0.5005,No,South West,0
25,Male,Salaried,232797.18,358600.0,12,4,1,79.69,75849.96,62,0.0,0.1284,No,South West,1
23,Male,Salaried,546709.91,748500.0,3,4,1,90.58,749666.88,5,0.0,0.4564,No,South South,0
50,Male,Self-employed,424856.03,253400.0,3,4,1,75.23,482163.72,26,24896.63,0.1988,No,North West,0
46,Male,Salaried,182427.44,280800.0,12,1,1,77.27,64782.86,7,0.0,0.1283,Yes,South East,0
20,Male,Salaried,388541.06,652100.0,9,2,0,85.21,340887.71,29,0.0,0.1865,Yes,North Central,0
26,Female,Trader,484270.6,731900.0,6,4,1,66.64,332710.38,73,31023.78,0.2519,No,South West,1
46,Female,Trader,170858.99,64200.0,6,1,0,86.57,289911.54,31,7559.15,0.0626,No,North East,0
30,Female,Trader,156648.23,282200.0,3,3,0,97.95,262254.55,112,4418.96,0.6005,Yes,South South,0
50,Male,Salaried,197206.16,214600.0,1,1,1,83.59,202224.91,9,0.0,1.0882,No,North West,0
37,Male,Casual,37532.86,79400.0,12,2,0,87.92,25759.98,66,0.56,0.1763,Yes,North Central,0
46,Female,Trader,215991.18,127600.0,1,3,1,65.67,180683.1,136,10885.3,0.5908,No,North West,1
40,Male,Trader,287505.37,298000.0,1,1,0,91.17,140254.72,73,13713.54,1.0365,No,South East,0
35,Male,Salaried,197727.35,20000.0,9,2,1,85.49,262213.25,67,0.72,0.02,Yes,South South,0
34,Female,Salaried,225201.43,82800.0,12,5,1,89.59,198270.18,33,0.01,0.0306,Yes,South East,0
51,Female,Self-employed,174984.47,57800.0,9,0,0,95.7,169455.96,12,8911.19,0.0367,No,North Central,0
42,Female,Salaried,49150.78,53100.0,3,2,0,86.95,6124.26,49,0.58,0.3601,No,South West,0
46,Female,Trader,530406.37,749900.0,3,7,1,82.38,101021.43,148,29020.95,0.4713,Yes,North West,0
45,Male,Self-employed,141722.1,76700.0,12,1,0,96.76,57272.5,22,5618.59,0.0451,Yes,North West,0
27,Male,Salaried,120470.66,129500.0,9,3,0,99.18,93124.4,10,0.0,0.1194,Yes,North West,0
61,Female,Salaried,435130.36,86300.0,12,3,0,87.76,336142.94,41,0.0,0.02,No,South East,0
45,Female,Salaried,340056.63,292900.0,6,4,0,97.59,493614.71,96,0.7,0.1436,No,South West,0
52,Female,Self-employed,214959.5,175100.0,9,3,0,100.0,287230.21,74,13631.89,0.0905,No,South East,0
60,Female,Salaried,296796.63,427400.0,12,2,0,84.54,325521.56,43,0.18,0.12,No,South West,0
62,Female,Self-employed,84962.88,34100.0,6,2,0,89.69,8660.03,101,2258.07,0.0669,Yes,South West,0
50,Male,Self-employed,170779.89,340800.0,3,1,0,83.35,163908.18,63,10888.73,0.6652,Yes,South West,0
55,Male,Self-employed,417617.74,705300.0,1,2,0,88.31,699535.77,113,22525.75,1.6889,No,South East,1
40,Male,Unemployed,115910.07,182700.0,9,3,2,64.35,101184.08,22,0.04,0.1751,No,South East,1
53,Female,Casual,94070.1,183300.0,3,2,0,83.87,90347.34,16,0.0,0.6495,No,North East,0
33,Male,Self-employed,189435.66,265600.0,3,3,1,89.06,24203.49,35,4041.45,0.4674,No,North Central,0
52,Female,Self-employed,192345.63,262000.0,9,5,1,89.08,92826.76,83,7964.63,0.1513,No,South West,0
22,Female,Trader,274205.74,552100.0,9,1,0,93.09,287718.49,33,16278.78,0.2237,Yes,South South,0
61,Male,Unemployed,73490.62,110200.0,6,1,0,89.4,108544.31,5,0.06,0.2499,No,North West,0
29,Male,Self-employed,35000.0,20000.0,12,3,0,93.69,45710.24,6,806.83,0.0476,No,South West,0
49,Female,Salaried,327588.29,568200.0,2,1,0,100.0,468469.09,25,1.3,0.8672,No,North East,0
18,Female,Trader,89034.02,120200.0,6,1,0,98.37,120744.64,153,4742.64,0.225,No,South West,0
25,Male,Salaried,121081.41,20000.0,9,0,0,81.4,131116.2,27,0.0,0.02,No,South East,0
65,Male,Trader,43547.56,20000.0,9,4,0,78.22,40394.75,132,2295.18,0.051,No,North Central,0
58,Male,Salaried,349970.93,536300.0,9,2,0,87.66,224419.09,9,1.79,0.1703,No,South South,0
28,Female,Salaried,226032.03,347000.0,9,3,0,93.7,312965.9,87,0.0,0.1706,Yes,South South,0
24,Female,Casual,220210.37,327800.0,12,2,0,82.08,168949.09,23,0.0,0.124,No,South West,0
57,Female,Trader,219247.81,199900.0,12,0,0,92.56,206321.9,136,12826.27,0.076,No,North East,0
65,Female,Self-employed,47174.4,28500.0,12,0,0,82.27,80110.86,113,1919.05,0.0503,No,South West,0
26,Male,Casual,94878.67,20000.0,12,4,0,94.06,49039.9,10,0.0,0.02,No,South West,1
49,Male,Casual,134200.4,128400.0,6,0,0,95.52,100587.19,44,0.0,0.1595,Yes,South West,0
31,Female,Self-employed,110639.15,178100.0,9,1,0,100.0,20339.71,62,6564.1,0.1789,No,North East,0
53,Male,Unemployed,150878.42,94000.0,6,4,1,77.85,91243.33,47,0.0,0.1038,Yes,South South,0
38,Male,Self-employed,211238.25,78700.0,9,0,0,91.51,322604.74,160,7608.87,0.0414,No,South South,0
24,Male,Salaried,346243.32,502700.0,1,4,1,85.35,171067.57,61,0.92,1.4519,Yes,South East,1
33,Female,Casual,68773.89,106500.0,6,2,0,98.57,98327.02,90,0.43,0.2581,Yes,North Central,1
43,Female,Self-employed,178969.22,119900.0,12,3,0,94.3,167471.38,149,8360.93,0.0558,No,South South,1
56,Female,Casual,285848.01,194300.0,9,0,0,91.87,270007.71,58,0.27,0.0755,Yes,South South,0
19,Female,Salaried,98721.5,67400.0,1,1,0,100.0,164995.67,30,0.6,0.6827,No,North Central,0
63,Female,Salaried,158795.24,247500.0,6,3,1,77.01,130301.44,86,0.0,0.2598,No,North West,0
49,Female,Salaried,243767.7,111400.0,6,5,0,83.66,134498.3,30,0.26,0.0762,No,South West,0
60,Female,Trader,181316.23,170400.0,12,5,1,83.98,201762.5,165,6375.75,0.0783,No,South West,1
62,Female,Casual,278992.64,439700.0,2,2,0,91.79,244985.31,31,1.15,0.788,Yes,South South,0
25,Male,Self-employed,191427.79,334200.0,6,5,1,90.73,159548.79,42,9214.98,0.291,No,North West,0
22,Male,Salaried,146972.6,182600.0,9,1,0,95.09,223778.26,90,0.0,0.138,No,South South,0
55,Female,Self-employed,83989.81,191000.0,6,3,0,100.0,106409.32,53,4057.26,0.379,No,South West,0
27,Male,Self-employed,211371.32,376400.0,3,3,1,61.48,156174.97,23,10595.99,0.5936,No,South South,0
25,Female,Trader,192085.23,73600.0,12,0,0,91.66,67255.73,100,11789.11,0.0319,No,South West,0
40,Female,Trader,94407.08,140900.0,12,2,0,100.0,16053.58,74,5865.54,0.1244,Yes,North East,0
61,Male,Salaried,262773.68,234500.0,6,0,0,86.45,120616.56,59,0.0,0.1487,No,North Central,0
56,Female,Self-employed,410389.67,140300.0,3,6,0,92.05,681437.55,50,13548.51,0.114,No,South West,0
42,Female,Trader,117201.7,20000.0,9,2,0,99.87,28209.74,5,3380.94,0.02,No,North East,0
27,Female,Salaried,112167.8,20000.0,6,2,1,79.69,190230.59,73,0.08,0.0297,No,South East,0
34,Female,Self-employed,109536.77,340900.0,6,3,2,82.68,120156.11,55,6169.09,0.5187,No,South East,0
51,Male,Trader,60450.62,59400.0,6,3,0,89.77,52023.64,134,3762.33,0.1638,No,South West,0
25,Female,Self-employed,662400.23,1055100.0,6,6,1,76.72,960538.18,78,15135.57,0.2655,No,South West,1
43,Female,Salaried,134448.52,129700.0,12,2,0,98.7,73822.73,79,0.0,0.0804,Yes,North West,0
18,Female,Salaried,103023.97,205700.0,12,4,0,86.36,14490.88,20,0.0,0.1664,No,North West,0
33,Male,Trader,86535.36,120300.0,9,0,0,88.3,29609.37,20,2490.29,0.1545,No,South West,0
29,Female,Salaried,139879.03,229000.0,1,3,0,100.0,191652.51,50,0.0,1.6371,No,South South,0
50,Male,Casual,114556.8,20000.0,6,3,2,64.91,115417.32,50,0.52,0.0291,No,South East,0
61,Male,Self-employed,458382.7,741900.0,3,4,2,62.43,377686.31,51,20524.91,0.5395,No,North East,0
25,Female,Self-employed,79940.07,214900.0,9,4,1,92.44,104002.89,52,1788.25,0.2987,No,South West,0
56,Male,Trader,66215.17,20000.0,6,1,0,94.64,55792.95,32,2228.28,0.0503,Yes,North Central,1
49,Female,Self-employed,257653.72,194700.0,12,1,0,95.91,213506.01,155,9511.0,0.063,No,South South,0
64,Female,Salaried,167883.89,35300.0,6,3,0,100.0,262267.76,11,0.0,0.035,No,North West,0
61,Female,Salaried,155717.38,321800.0,2,3,0,100.0,154663.88,24,0.94,1.0333,No,South East,0
22,Female,Trader,258972.12,332000.0,6,0,0,94.95,290364.49,158,8283.37,0.2137,No,South East,0
53,Male,Self-employed,196727.48,379000.0,6,1,0,91.03,216223.35,33,10001.9,0.3211,Yes,South East,0
46,Male,Casual,174604.85,307900.0,2,4,0,99.83,88010.31,3,1.44,0.8817,No,North Central,1
23,Female,Self-employed,72188.94,105900.0,6,0,0,88.56,122530.48,94,2655.31,0.2445,Yes,South West,0
30,Female,Self-employed,60867.23,193200.0,3,3,1,94.73,7153.02,77,2237.16,1.058,No,North West,0
62,Male,Self-employed,114168.84,99900.0,3,4,2,72.81,65643.63,59,6557.77,0.2917,No,North Central,0
44,Female,Salaried,88954.02,122900.0,6,2,0,91.04,54962.24,66,1.34,0.2303,No,South East,0
34,Female,Casual,214420.84,81600.0,12,0,0,86.82,357168.02,51,0.0,0.0317,No,North East,0
33,Male,Salaried,55912.73,21500.0,12,4,1,74.92,58105.86,14,1.49,0.032,No,North Central,1
58,Male,Casual,134599.38,243600.0,3,3,1,93.62,89956.3,22,0.0,0.6033,No,North East,0
31,Male,Salaried,160847.74,179900.0,6,6,3,51.79,92890.87,17,0.0,0.1864,No,South South,1
25,Female,Self-employed,175419.62,20000.0,12,3,1,84.1,34318.26,16,6165.04,0.02,No,South South,0
45,Female,Salaried,233290.3,284500.0,12,1,0,100.0,24239.48,31,0.0,0.1016,No,South West,0
65,Female,Trader,145577.08,209700.0,12,2,0,94.83,44998.6,110,4985.04,0.12,Yes,North West,0
26,Male,Salaried,116639.39,250400.0,6,1,0,93.88,94404.01,96,0.0,0.3578,No,North Central,1
30,Female,Self-employed,404183.49,161500.0,12,0,0,86.21,212699.27,140,18718.0,0.0333,No,North East,0
40,Female,Casual,146194.16,69700.0,9,2,0,88.34,244838.61,86,0.61,0.053,Yes,South South,0
27,Female,Trader,452773.31,389100.0,2,1,1,73.19,230328.86,7,15441.05,0.4297,No,South East,0
49,Male,Salaried,145710.84,271900.0,1,3,1,78.12,207914.9,44,0.0,1.866,No,South South,0
30,Male,Casual,178106.48,54600.0,12,2,1,81.82,259553.87,63,0.0,0.0255,Yes,North West,0
24,Male,Self-employed,164477.05,360300.0,12,2,0,92.0,66759.57,47,10494.71,0.1825,No,North West,0
30,Female,Salaried,209191.26,133500.0,6,0,0,98.9,88748.59,63,0.91,0.1064,No,North West,0
62,Male,Self-employed,137010.22,194900.0,9,5,1,79.5,167925.78,168,6792.76,0.1581,No,South West,1
62,Female,Casual,191606.65,331000.0,3,2,0,100.0,313755.82,87,0.29,0.5758,Yes,South East,0
42,Female,Self-employed,486864.56,660800.0,9,3,0,98.41,450764.21,152,18505.28,0.1508,No,North West,0
37,Female,Trader,355921.61,408500.0,6,3,1,75.21,238679.31,58,7862.82,0.1913,Yes,North Central,0
57,Female,Trader,357518.38,626000.0,6,2,1,86.2,35963.88,112,9694.78,0.2918,No,South South,1
27,Female,Self-employed,75241.43,86700.0,6,2,0,95.06,101804.25,11,2011.02,0.192,No,North West,0
49,Male,Self-employed,83586.24,172800.0,6,2,1,87.54,39423.91,97,4087.37,0.3446,No,South West,0
50,Female,Trader,207367.99,135400.0,12,1,0,99.75,78459.74,128,4597.55,0.0544,No,South South,1
52,Female,Self-employed,297060.7,360500.0,12,0,0,94.47,119201.28,116,10591.7,0.1011,No,South East,0
28,Male,Salaried,128447.3,163200.0,3,1,0,100.0,148810.82,35,1.29,0.4235,No,South South,0
52,Male,Self-employed,114380.05,111900.0,3,1,0,97.9,83453.14,174,5812.14,0.3261,No,South South,0
47,Female,Casual,445392.0,515100.0,3,3,1,85.85,616657.31,80,0.0,0.3855,No,South West,1
60,Male,Self-employed,281118.61,274600.0,1,3,0,100.0,56410.38,80,13696.62,0.9768,No,North West,0
26,Female,Salaried,358041.25,323500.0,6,2,0,100.0,423547.94,36,0.98,0.1506,No,South South,0
47,Female,Salaried,135099.87,223800.0,6,1,0,95.51,200319.85,33,1.41,0.2761,Yes,South West,0
57,Male,Salaried,128373.43,144900.0,2,2,1,79.34,186913.83,84,1.39,0.5644,No,South East,0
31,Male,Unemployed,333530.98,442000.0,12,0,0,79.87,109462.1,74,0.16,0.1104,No,North West,0
53,Female,Self-employed,151742.51,294800.0,9,3,1,64.87,157349.24,127,3835.25,0.2159,No,South East,0
22,Female,Trader,121013.22,54400.0,3,2,1,76.04,196693.8,38,2918.94,0.1498,No,South East,1
52,Female,Trader,99422.57,83100.0,9,2,1,73.36,136016.55,54,6371.54,0.0929,No,South East,0
47,Female,Self-employed,129103.58,158300.0,6,1,0,94.13,189993.36,70,4335.07,0.2044,No,South East,0
27,Male,Casual,317907.72,329600.0,9,2,0,100.0,502865.58,62,0.24,0.1152,No,South East,0
21,Male,Unemployed,67469.44,76000.0,6,2,1,76.86,15894.89,27,1.27,0.1877,No,North East,1
53,Male,Trader,270924.71,351300.0,2,0,0,82.97,95834.36,49,15987.13,0.6483,No,South East,0
29,Female,Trader,113592.18,110600.0,6,4,1,71.24,154767.21,43,6424.92,0.1623,No,South South,1
41,Male,Self-employed,157002.48,317900.0,12,4,1,69.21,213401.92,74,5135.32,0.1687,No,South West,0
20,Female,Casual,163677.37,103800.0,9,3,0,86.02,35621.97,76,0.0,0.0705,No,North Central,0
64,Female,Salaried,155940.21,252800.0,9,1,0,94.3,228637.09,57,0.56,0.1801,Yes,South West,0
44,Female,Trader,149354.68,259100.0,12,3,0,100.0,83609.49,64,5544.14,0.1446,Yes,North West,0
62,Female,Self-employed,134844.94,20000.0,12,0,0,98.3,212359.68,145,8638.35,0.02,Yes,North West,0
25,Male,Self-employed,124154.96,171600.0,12,3,0,98.82,18904.98,176,4783.38,0.1152,No,North Central,0
27,Male,Casual,424456.55,330300.0,2,3,0,95.53,446005.45,29,0.67,0.3891,Yes,North East,0
47,Male,Trader,182954.76,230100.0,2,2,0,85.33,306277.97,126,8152.13,0.6288,No,South South,0
47,Male,Salaried,165851.11,199000.0,12,1,0,100.0,169388.34,80,0.0,0.1,No,South West,0
55,Male,Trader,118383.88,291300.0,12,3,1,83.54,28353.34,94,4237.85,0.2051,Yes,South South,0
62,Male,Unemployed,138074.5,123600.0,6,1,1,90.82,27359.74,65,0.24,0.1492,No,South East,0
57,Male,Trader,118652.09,235100.0,12,3,0,78.33,118019.19,81,6788.65,0.1651,No,North Central,0
24,Male,Casual,296021.05,214000.0,9,3,0,93.38,369906.71,83,0.36,0.0803,Yes,South South,0
32,Male,Casual,110290.46,254100.0,1,6,2,60.41,151139.96,51,0.09,2.0,Yes,South South,1
61,Female,Casual,41800.03,155800.0,12,1,1,81.2,42247.63,15,0.0,0.3106,No,North East,0
44,Male,Self-employed,186952.97,246000.0,12,2,0,84.19,103334.87,161,10228.65,0.1097,Yes,North West,0
59,Female,Self-employed,150107.67,212600.0,6,1,0,95.39,32593.91,154,9000.48,0.2361,Yes,South West,0
45,Female,Casual,123001.25,22900.0,9,1,0,100.0,139638.63,95,0.0,0.0207,No,South West,0
20,Male,Casual,325534.46,165500.0,6,3,1,94.72,314714.07,87,0.0,0.0847,No,South South,0
40,Female,Salaried,35000.0,20000.0,9,2,2,84.66,16663.84,84,0.97,0.0635,No,South West,0
57,Female,Salaried,501455.81,458400.0,6,2,0,100.0,811506.48,17,0.42,0.1524,No,South West,0
49,Female,Self-employed,357272.0,564500.0,6,0,0,100.0,351823.48,45,12425.85,0.2633,Yes,South East,0
24,Female,Trader,119668.12,20000.0,9,1,0,100.0,160421.52,118,3716.59,0.02,Yes,South South,0
28,Male,Casual,134282.67,201800.0,1,1,0,87.53,141164.04,87,0.0,1.5028,No,North East,0
59,Male,Trader,249836.92,240600.0,1,0,0,95.76,76366.84,89,13615.95,0.963,Yes,South South,0
65,Female,Salaried,254232.0,442600.0,1,0,0,85.06,403197.81,93,0.0,1.7409,No,North Central,0
54,Male,Self-employed,119215.6,160100.0,6,5,1,80.09,119222.59,132,6053.4,0.2238,No,South West,0
22,Male,Casual,62931.82,162100.0,6,5,0,92.28,70483.75,58,0.0,0.4293,No,North West,0
